-0.00,-0.00,-0.00,-0.00,-0.00
-0.00,-0.00,-0.00,-0.00,-0.00
-0.00,-0.00,-0.00,-0.00,-0.00
-0.00,-0.00,-0.00,-0.00,-0.00
-0.00,-0.00,-0.00,-0.00,-0.00
-0.00,-0.00,-0.00,-0.00,-0.00
-0.00,-0.00,-0.00,-0.00,-0.00
-0.00,-0.00,-0.00,-0.00,-0.00
-0.00,-0.00,-0.00,-0.00,-0.00
-0.00,-0.00,-0.00,-0.00,-0.00
-0.00,-0.00,-0.00,-0.00,-0.00
-0.00,-0.00,-0.00,-0.00,-0.00
-0.00,-0.00,-0.00,-0.00,-0.00
-0.00,-0.00,-0.00,-0.00,-0.00
-0.00,-0.00,-0.00,-0.00,-0.00
-0.00,-0.00,-0.00,-0.00,-0.00
-0.00,-0.00,-0.00,-0.00,-0.00
-0.00,-0.00,-0.00,-0.00,-0.00
-0.00,-0.00,-0.00,-0.00,-0.00
-0.00,-0.00,-0.00,-0.00,-0.00
-0.00,-0.00,-0.00,-0.00,-0.00
-0.00,-0.00,-0.00,-0.00,-0.00
-0.00,-0.00,-0.00,-0.00,-0.00
-0.00,-0.00,-0.00,-0.00,-0.00
-0.00,-0.00,-0.00,-0.00,-0.00
-0.00,-0.00,-0.00,-0.00,-0.00
-0.00,-0.00,-0.00,-0.00,-0.00
-0.00,-0.00,-0.00,-0.00,-0.00
-0.00,-0.00,-0.00,-0.00,-0.00
-0.00,-0.00,-0.00,-0.00,-0.00
-0.00,-0.00,-0.00,-0.00,-0.00
-0.00,-0.00,-0.00,-0.00,-0.00
-0.00,-0.00,-0.00,-0.00,-0.00
-0.00,-0.00,-0.00,-0.00,-0.00
-0.00,-0.00,-0.00,-0.00,-0.00
-0.00,-0.00,-0.00,-0.00,-0.00
-0.00,-0.00,-0.00,-0.00,-0.00
-0.00,-0.00,-0.00,-0.00,-0.00
-0.00,-0.00,-0.00,-0.00,-0.00
-0.00,-0.00,-0.00,-0.00,-0.00
-0.00,-0.00,-0.00,-0.00,-0.00
-0.00,-0.00,-0.00,-0.00,-0.00
-0.00,-0.00,-0.00,-0.00,-0.00
-0.00,-0.00,-0.00,-0.00,-0.00
-0.00,-0.00,-0.00,-0.00,-0.00
-0.00,-0.00,-0.00,-0.00,-0.00
-0.00,-0.00,-0.00,-0.00,-0.00
-0.00,-0.00,-0.00,-0.00,-0.00
-0.00,-0.00,-0.00,-0.00,-0.00
-0.00,-0.00,-0.00,-0.00,-0.00
-0.00,-0.00,-0.00,-0.00,-0.00
-0.00,-0.00,-0.00,-0.00,-0.00
-0.00,-0.00,-0.00,-0.00,-0.00
-0.00,-0.00,-0.00,-0.00,-0.00
-0.00,-0.00,-0.00,-0.00,-0.00
-0.00,-0.00,-0.00,-0.00,-0.00
-0.00,-0.00,-0.00,-0.00,-0.00
-0.00,-0.00,-0.00,-0.00,-0.00
-0.00,-0.00,-0.00,-0.00,-0.00
-0.00,-0.00,-0.00,-0.00,-0.00
-0.00,-0.00,-0.00,-0.00,-0.00
-0.00,-0.00,-0.00,-0.00,-0.00
-0.00,-0.00,-0.00,-0.00,-0.00
-0.00,-0.00,-0.00,-0.00,-0.00
-0.00,-0.00,-0.00,-0.00,-0.00
-0.00,-0.00,-0.00,-0.00,-0.00
-0.00,-0.00,-0.00,-0.00,-0.00
-0.00,-0.00,-0.00,-0.00,-0.00
-0.00,-0.00,-0.00,-0.00,-0.00
-0.00,-0.00,-0.00,-0.00,-0.00
-0.00,-0.00,-0.00,-0.00,-0.00
-0.00,-0.00,-0.00,-0.00,-0.00
-0.00,-0.00,-0.00,-0.00,-0.00
-0.00,-0.00,-0.00,-0.00,-0.00
-0.00,-0.00,-0.00,-0.00,-0.00
-0.00,-0.00,-0.00,-0.00,-0.00
-0.00,-0.00,-0.00,-0.00,-0.00
-0.00,-0.00,-0.00,-0.00,-0.00
-0.00,-0.00,-0.00,-0.00,-0.00
-0.00,-0.00,-0.00,-0.00,-0.00
-0.00,-0.00,-0.00,-0.00,-0.00
-0.00,-0.00,-0.00,-0.00,-0.00
-0.00,-0.00,-0.00,-0.00,-0.00
-0.00,-0.00,-0.00,-0.00,-0.00
-0.00,-0.00,-0.00,-0.00,-0.00
-0.00,-0.00,-0.00,-0.00,-0.00
-0.00,-0.00,-0.00,-0.00,-0.00
-0.00,-0.00,-0.00,-0.00,-0.00
-0.00,-0.00,-0.00,-0.00,-0.00
-0.00,-0.00,-0.00,-0.00,-0.00
-0.00,-0.00,-0.00,-0.00,-0.00
-0.00,-0.00,-0.00,-0.00,-0.00
-0.00,-0.00,-0.00,-0.00,-0.00
-0.00,-0.00,-0.00,-0.00,-0.00
-0.00,-0.00,-0.00,-0.00,-0.00
-0.00,-0.00,-0.00,-0.00,-0.00
-0.00,-0.00,-0.00,-0.00,-0.00
-0.00,-0.00,-0.00,-0.00,-0.00
-0.00,-0.00,-0.00,-0.00,-0.00
-0.00,-0.00,-0.00,-0.00,-0.00
-0.00,-0.00,-0.00,-0.00,-0.00
-0.00,-0.00,-0.00,-0.00,-0.00
-0.00,-0.00,-0.00,-0.00,-0.00
-0.00,-0.00,-0.00,-0.00,-0.00
-0.00,-0.00,-0.00,-0.00,-0.00
-0.00,-0.00,-0.00,-0.00,-0.00
-0.00,-0.00,-0.00,-0.00,-0.00
-0.00,-0.00,-0.00,-0.00,-0.00
-0.00,-0.00,-0.00,-0.00,-0.00
-0.00,-0.00,-0.00,-0.00,-0.00
-0.00,-0.00,-0.00,-0.00,-0.00
-0.00,-0.00,-0.00,-0.00,-0.00
-0.00,-0.00,-0.00,-0.00,-0.00
-0.00,-0.00,-0.00,-0.00,-0.00
-0.00,-0.00,-0.00,-0.00,-0.00
-0.00,-0.00,-0.00,-0.00,-0.00
-0.00,-0.00,-0.00,-0.00,-0.00
-0.00,-0.00,-0.00,-0.00,-0.00
-0.00,-0.00,-0.00,-0.00,-0.00
-0.00,-0.00,-0.00,-0.00,-0.00
-0.00,-0.00,-0.00,-0.00,-0.00
-0.00,-0.00,-0.00,-0.00,-0.00
-0.00,-0.00,-0.00,-0.00,-0.00
-0.00,-0.00,-0.00,-0.00,-0.00
-0.00,-0.00,-0.00,-0.00,-0.00
-0.00,-0.00,-0.00,-0.00,-0.00
-0.00,-0.00,-0.00,-0.00,-0.00
-0.00,-0.00,-0.00,-0.00,-0.00
-0.00,-0.00,-0.00,-0.00,-0.00
-0.00,-0.00,-0.00,-0.00,-0.00
-0.00,-0.00,-0.00,-0.00,-0.00
-0.00,-0.00,-0.00,-0.00,-0.00
-0.00,-0.00,-0.00,-0.00,-0.00
-0.00,-0.00,-0.00,-0.00,-0.00
-0.00,-0.00,-0.00,-0.00,-0.00
-0.00,-0.00,-0.00,-0.00,-0.00
-0.00,-0.00,-0.00,-0.00,-0.00
-0.00,-0.00,-0.00,-0.00,-0.00
-0.00,-0.00,-0.00,-0.00,-0.00
-0.00,-0.00,-0.00,-0.00,-0.00
-0.00,-0.00,-0.00,-0.00,-0.00
-0.00,-0.00,-0.00,-0.00,-0.00
-0.00,-0.00,-0.00,-0.00,-0.00
-0.00,-0.00,-0.00,-0.00,-0.00
-0.00,-0.00,-0.00,-0.00,-0.00
-0.00,-0.00,-0.00,-0.00,-0.00
-0.00,-0.00,-0.00,-0.00,-0.00
-0.00,-0.00,-0.00,-0.00,-0.00
-0.00,-0.00,-0.00,-0.00,-0.00
-0.00,-0.00,-0.00,-0.00,-0.00
-0.00,-0.00,-0.00,-0.00,-0.00
-0.00,-0.00,-0.00,-0.00,-0.00
-0.00,-0.00,-0.00,-0.00,-0.00
-0.00,-0.00,-0.00,-0.00,-0.00
-0.00,-0.00,-0.00,-0.00,-0.00
-0.00,-0.00,-0.00,-0.00,-0.00
-0.00,-0.00,-0.00,-0.00,-0.00
-0.00,-0.00,-0.00,-0.00,-0.00
-0.00,-0.00,-0.00,-0.00,-0.00
-0.00,-0.00,-0.00,-0.00,-0.00
-0.00,-0.00,-0.00,-0.00,-0.00
-0.00,-0.00,-0.00,-0.00,-0.00
-0.00,-0.00,-0.00,-0.00,-0.00
-0.00,-0.00,-0.00,-0.00,-0.00
-0.00,-0.00,-0.00,-0.00,-0.00
-0.00,-0.00,-0.00,-0.00,-0.00
-0.00,-0.00,-0.00,-0.00,-0.00
-0.00,-0.00,-0.00,-0.00,-0.00
-0.00,-0.00,-0.00,-0.00,-0.00
-0.00,-0.00,-0.00,-0.00,-0.00
-0.00,-0.00,-0.00,-0.00,-0.00
0.36,0.36,0.56,0.26,0.09
6.25,6.25,7.12,9.55,7.03
15.51,15.51,20.90,17.69,20.60
24.88,24.88,32.54,31.04,35.48
32.93,32.93,47.90,40.45,49.54
18.63,18.63,58.58,47.26,62.15
6.34,6.34,61.00,55.52,66.91
7.05,7.05,76.09,70.84,68.83
7.30,7.30,74.79,75.55,67.13
8.66,8.66,65.49,72.13,66.90
9.83,9.83,61.14,73.92,65.22
12.21,12.21,60.72,76.25,66.81
14.40,14.40,58.98,75.39,65.88
16.72,16.72,56.72,76.59,64.40
18.29,18.29,55.14,75.87,66.05
18.30,18.30,53.28,76.74,66.41
18.77,18.77,50.07,76.83,66.29
19.30,19.30,46.74,73.99,67.30
20.42,20.42,44.59,75.19,65.69
18.27,18.27,43.33,74.59,65.70
18.53,18.53,46.06,74.59,65.13
21.06,21.06,53.97,72.99,66.51
21.01,21.01,54.34,74.03,62.15
22.53,22.53,54.66,75.08,62.59
24.08,24.08,53.69,75.26,63.59
25.85,25.85,51.29,75.94,63.87
24.24,24.24,50.48,73.27,64.94
21.70,21.70,47.67,74.58,63.94
20.94,20.94,46.67,75.45,64.78
21.68,21.68,46.78,75.14,62.51
24.22,24.22,46.40,75.01,59.30
25.46,25.46,45.09,73.16,58.88
23.57,23.57,47.16,74.74,58.70
17.29,17.29,56.10,74.67,58.72
8.81,8.81,69.43,74.98,68.46
2.70,2.70,81.86,76.85,71.87
0.72,0.72,75.47,76.17,66.69
2.27,2.27,68.04,71.15,67.81
6.08,6.08,64.31,65.09,66.57
9.76,9.76,57.42,57.93,64.25
14.03,14.03,52.93,49.38,63.14
14.60,14.60,47.64,51.43,62.07
21.26,21.26,46.56,43.30,61.55
26.46,26.46,44.95,39.97,59.01
32.14,32.14,40.90,39.04,53.31
30.03,30.03,37.77,43.56,49.93
23.71,23.71,36.25,47.28,49.90
14.99,14.99,42.75,50.07,51.97
9.50,9.50,55.49,65.33,61.35
5.66,5.66,64.21,74.44,77.30
4.03,4.03,72.43,75.99,76.35
12.74,12.74,62.37,75.16,76.13
16.52,16.52,58.59,72.52,76.06
16.52,16.52,57.86,73.25,77.30
17.34,17.34,53.63,72.91,77.12
17.49,17.49,44.39,73.37,76.24
19.83,19.83,48.58,72.00,74.73
20.47,20.47,43.73,72.46,76.22
20.86,20.86,33.50,72.86,75.70
21.02,21.02,38.89,72.73,75.83
19.41,19.41,37.07,71.38,75.48
16.50,16.50,48.00,71.12,75.09
13.22,13.22,60.25,70.87,73.92
8.69,8.69,63.05,69.41,73.88
10.78,10.78,76.35,69.52,72.94
12.82,12.82,69.70,57.69,72.24
13.29,13.29,65.54,63.14,71.54
14.03,14.03,57.03,63.27,70.67
15.24,15.24,62.08,60.23,70.51
16.70,16.70,55.13,62.29,71.34
17.64,17.64,55.88,60.90,70.69
18.16,18.16,48.97,61.33,71.00
18.07,18.07,51.90,59.65,71.47
17.95,17.95,49.35,59.70,71.78
17.56,17.56,38.55,59.45,71.11
17.32,17.32,46.43,57.00,72.39
15.96,15.96,46.88,55.36,71.04
10.02,10.02,58.56,56.94,73.24
8.90,8.90,67.34,68.46,71.66
6.63,6.63,70.05,75.22,73.00
10.10,10.10,68.18,74.48,73.14
13.35,13.35,67.66,72.91,71.88
14.49,14.49,65.66,70.34,72.49
16.47,16.47,63.45,70.65,73.02
19.50,19.50,62.01,69.10,71.43
19.96,19.96,59.66,68.37,71.79
21.04,21.04,57.63,67.28,69.77
23.69,23.69,53.10,67.03,69.86
23.66,23.66,48.84,66.57,69.64
23.28,23.28,55.82,70.09,68.58
20.81,20.81,63.65,72.22,68.44
13.96,13.96,73.08,71.39,70.94
9.66,9.66,77.83,67.85,70.66
7.97,7.97,74.85,63.23,69.53
12.83,12.83,69.28,61.21,70.66
19.41,19.41,62.60,60.18,70.17
18.37,18.37,62.12,53.99,70.87
17.35,17.35,56.19,52.03,69.32
18.15,18.15,54.16,48.65,70.62
24.48,24.48,50.84,46.09,67.88
26.07,26.07,52.59,39.97,57.72
27.52,27.52,48.81,36.53,49.65
23.44,23.44,47.18,43.10,49.58
20.72,20.72,46.64,50.47,50.54
24.44,24.44,53.80,56.37,59.11
13.90,13.90,68.31,66.19,68.25
8.42,8.42,67.59,67.18,70.73
12.29,12.29,68.88,66.78,66.96
17.02,17.02,64.51,69.27,69.04
19.72,19.72,58.94,71.60,69.55
19.51,19.51,55.13,73.50,68.36
19.07,19.07,51.83,70.63,67.18
20.87,20.87,52.02,71.07,68.34
23.03,23.03,50.84,71.52,69.74
23.80,23.80,48.76,73.52,68.99
24.96,24.96,46.46,71.96,70.55
20.58,20.58,44.82,71.32,67.40
16.24,16.24,45.18,70.95,69.78
16.42,16.42,54.71,72.08,74.34
10.82,10.82,59.19,68.29,81.23
11.40,11.40,69.18,62.58,81.21
12.06,12.06,73.55,64.10,81.79
14.33,14.33,69.89,68.57,81.54
14.49,14.49,64.95,69.75,82.72
14.96,14.96,58.93,71.76,81.51
15.40,15.40,56.05,70.08,81.31
17.20,17.20,54.68,69.81,81.82
19.90,19.90,47.81,71.29,79.71
21.37,21.37,44.82,67.13,79.48
25.52,25.52,42.89,70.21,74.67
18.90,18.90,40.37,66.73,68.92
14.55,14.55,47.14,70.43,68.15
11.93,11.93,52.10,65.65,69.53
13.37,13.37,58.18,68.95,73.49
13.45,13.45,62.62,70.60,79.49
12.87,12.87,61.20,71.42,78.75
18.47,18.47,58.54,71.91,79.69
22.63,22.63,55.70,68.18,79.84
21.93,21.93,53.53,70.29,79.89
21.47,21.47,53.34,70.69,80.01
21.78,21.78,51.49,71.62,79.38
20.80,20.80,51.00,69.66,77.59
19.46,19.46,47.92,69.97,77.80
16.75,16.75,50.53,71.74,76.08
16.95,16.95,47.93,71.06,76.01
15.30,15.30,46.75,71.30,65.39
9.09,9.09,49.46,69.39,64.70
5.24,5.24,62.86,71.75,64.60
5.59,5.59,75.93,66.32,70.91
2.38,2.38,76.48,64.62,70.92
1.09,1.09,71.31,59.27,66.01
5.23,5.23,66.57,54.07,65.37
9.56,9.56,61.77,48.81,59.30
11.91,11.91,55.30,44.69,58.42
14.97,14.97,51.95,41.21,57.61
16.35,16.35,48.46,35.06,58.43
14.65,14.65,46.87,34.80,55.99
15.17,15.17,45.81,33.29,53.46
13.13,13.13,45.83,30.42,52.33
18.70,18.70,43.10,41.18,54.28
21.22,21.22,47.11,53.40,75.66
20.65,20.65,54.74,59.35,76.16
20.71,20.71,65.28,65.03,76.34
19.35,19.35,65.75,69.43,74.58
17.90,17.90,60.15,66.88,74.51
18.87,18.87,58.15,71.61,74.00
20.09,20.09,55.83,73.85,72.55
22.02,22.02,54.43,73.96,74.14
22.31,22.31,41.72,70.58,71.95
25.68,25.68,51.12,71.84,71.68
28.23,28.23,50.97,71.41,62.46
22.59,22.59,39.55,72.42,60.57
19.84,19.84,30.34,70.75,58.34
21.57,21.57,34.04,71.76,61.10
28.18,28.18,45.24,72.38,60.62
29.20,29.20,57.33,72.21,64.00
16.53,16.53,65.07,70.99,68.79
16.53,16.53,74.35,67.04,70.90
16.19,16.19,64.10,63.74,69.33
20.49,20.49,63.23,58.69,68.19
22.49,22.49,56.89,55.68,68.05
22.74,22.74,61.06,51.74,68.47
22.61,22.61,56.57,50.45,68.02
20.91,20.91,56.43,48.14,67.61
20.61,20.61,52.25,47.56,67.32
20.77,20.77,51.76,47.17,69.12
21.70,21.70,52.01,50.59,68.51
20.39,20.39,48.95,52.11,66.59
18.28,18.28,50.17,54.73,64.96
18.86,18.86,52.96,60.12,70.87
12.68,12.68,58.32,58.26,75.03
10.57,10.57,57.41,64.34,77.62
11.55,11.55,53.23,69.84,75.81
10.48,10.48,51.78,71.31,77.73
13.81,13.81,48.18,74.61,75.01
13.83,13.83,46.37,72.89,77.36
15.69,15.69,44.58,71.42,73.97
16.15,16.15,43.13,67.95,76.36
17.70,17.70,40.09,68.98,75.03
19.28,19.28,38.30,71.63,73.30
16.48,16.48,35.65,71.48,64.79
15.93,15.93,40.32,72.85,59.20
16.53,16.53,49.51,70.86,59.88
14.39,14.39,63.40,73.16,58.52
9.66,9.66,76.98,71.96,65.86
9.14,9.14,75.26,71.90,65.98
13.05,13.05,70.56,72.61,67.81
17.16,17.16,63.38,72.62,58.46
20.73,20.73,58.49,67.94,62.93
18.60,18.60,58.51,55.71,61.16
22.12,22.12,52.87,55.61,60.31
26.93,26.93,54.93,39.09,61.92
27.69,27.69,54.98,45.39,53.87
28.31,28.31,55.08,43.69,52.42
26.46,26.46,49.32,30.38,50.20
20.88,20.88,46.03,27.97,53.26
12.34,12.34,40.97,38.00,54.67
12.87,12.87,47.13,47.53,55.43
18.22,18.22,61.84,55.23,73.71
14.54,14.54,69.55,68.22,77.33
15.28,15.28,64.21,73.55,79.18
18.07,18.07,54.34,70.28,79.35
16.09,16.09,52.01,69.25,77.62
14.40,14.40,46.72,69.24,78.45
14.74,14.74,46.92,71.84,78.88
14.15,14.15,36.32,68.66,76.69
12.90,12.90,31.27,71.40,75.13
17.90,17.90,25.35,71.88,75.11
26.78,26.78,25.96,65.22,75.94
20.65,20.65,31.73,60.42,73.71
15.59,15.59,44.68,54.27,72.35
16.18,16.18,51.94,52.23,73.02
13.51,13.51,64.86,61.81,73.15
15.10,15.10,70.56,72.50,72.95
19.19,19.19,67.25,76.49,72.34
21.89,21.89,61.36,76.36,69.24
21.83,21.83,58.41,75.78,70.62
21.84,21.84,60.02,74.40,68.88
21.30,21.30,56.69,73.77,68.45
21.18,21.18,50.04,72.42,70.17
22.00,22.00,47.40,73.33,68.19
25.45,25.45,44.49,71.74,67.51
24.67,24.67,40.62,73.18,69.34
21.38,21.38,38.85,71.84,68.13
22.97,22.97,38.36,72.93,67.88
24.49,24.49,45.51,72.19,63.88
26.31,26.31,60.24,72.56,65.62
24.16,24.16,60.83,71.64,69.09
28.03,28.03,57.27,70.20,73.59
30.83,30.83,55.86,72.86,75.44
32.00,32.00,53.92,73.37,75.87
31.15,31.15,51.36,73.16,76.57
29.48,29.48,47.86,72.82,75.23
29.35,29.35,48.13,73.79,75.73
28.92,28.92,46.49,72.88,74.16
27.94,27.94,45.46,73.34,75.88
27.62,27.62,43.53,72.94,76.08
28.93,28.93,42.99,72.49,77.06
26.22,26.22,54.98,71.72,70.49
14.98,14.98,62.21,69.91,64.85
10.62,10.62,76.42,70.66,66.69
14.81,14.81,74.47,67.54,68.82
14.29,14.29,70.27,65.18,69.66
15.58,15.58,66.35,65.41,76.56
19.17,19.17,59.58,57.65,77.46
21.99,21.99,54.73,62.64,77.78
25.64,25.64,48.50,61.54,77.52
31.47,31.47,44.52,55.74,77.96
30.79,30.79,40.55,55.97,78.63
30.92,30.92,38.45,53.56,78.79
31.37,31.37,37.52,50.29,78.83
29.08,29.08,43.72,47.44,78.23
31.94,31.94,48.57,44.47,77.68
30.36,30.36,59.37,51.74,76.96
25.50,25.50,69.61,65.81,77.29
26.08,26.08,72.09,74.74,74.38
30.40,30.40,68.89,75.84,74.06
32.66,32.66,63.08,74.69,75.36
31.83,31.83,56.43,75.51,76.23
32.65,32.65,50.68,74.24,74.71
33.60,33.60,46.03,74.60,75.02
33.65,33.65,39.00,75.35,73.80
35.83,35.83,38.93,72.92,75.83
35.61,35.61,34.98,73.09,73.45
35.64,35.64,29.38,73.57,74.57
34.71,34.71,31.88,69.67,73.06
30.07,30.07,45.59,72.36,74.42
27.79,27.79,56.85,67.69,72.78
18.50,18.50,64.52,66.64,74.29
13.63,13.63,76.10,70.55,75.33
18.47,18.47,73.61,66.89,74.92
20.70,20.70,67.98,63.27,74.35
25.35,25.35,57.33,57.50,73.97
26.26,26.26,61.12,60.66,73.32
25.50,25.50,50.46,51.54,72.75
25.54,25.54,53.40,53.90,72.44
24.33,24.33,42.81,50.24,73.61
25.62,25.62,46.96,51.36,70.91
24.81,24.81,41.19,49.70,73.69
24.30,24.30,33.36,45.99,72.04
25.21,25.21,41.08,50.41,72.56
28.14,28.14,50.82,54.31,70.86
25.45,25.45,55.59,58.75,73.40
11.31,11.31,60.32,68.90,71.45
7.81,7.81,59.95,71.05,72.64
12.47,12.47,57.25,72.61,72.36
18.23,18.23,54.54,72.97,72.76
23.02,23.02,53.48,71.55,72.85
23.86,23.86,51.59,71.86,72.62
23.24,23.24,49.20,71.91,71.28
20.92,20.92,48.66,70.45,70.22
22.36,22.36,46.89,71.78,68.88
25.89,25.89,44.29,70.76,69.14
26.97,26.97,45.55,67.85,68.20
25.99,25.99,49.81,71.65,66.11
23.64,23.64,55.27,67.44,61.86
21.99,21.99,64.06,69.89,61.49
19.17,19.17,78.72,71.47,67.42
13.72,13.72,77.54,72.90,66.12
9.71,9.71,72.67,67.72,60.62
13.53,13.53,64.31,62.71,56.87
18.67,18.67,60.01,58.60,51.62
23.63,23.63,52.90,59.68,52.72
25.04,25.04,46.66,57.48,46.02
23.80,23.80,42.47,49.00,46.19
25.68,25.68,39.98,45.09,42.65
23.37,23.37,41.61,40.40,43.84
19.07,19.07,42.23,40.99,47.45
14.45,14.45,41.92,40.35,46.33
17.76,17.76,44.08,46.46,49.80
19.02,19.02,62.34,63.79,65.65
18.72,18.72,73.59,74.27,71.70
11.15,11.15,68.07,73.24,74.17
15.88,15.88,62.13,73.42,73.21
17.50,17.50,54.68,72.26,74.80
17.27,17.27,49.08,73.40,73.39
16.10,16.10,44.87,72.82,72.23
18.23,18.23,40.87,74.23,72.45
20.72,20.72,35.84,73.03,71.97
21.01,21.01,36.79,72.39,71.64
18.72,18.72,29.95,71.50,70.98
15.78,15.78,30.25,70.62,70.70
14.94,14.94,43.54,66.27,71.71
16.32,16.32,47.35,58.77,70.63
15.61,15.61,60.41,60.79,74.06
11.64,11.64,74.59,64.23,77.85
13.27,13.27,73.35,71.76,77.42
16.44,16.44,67.09,72.06,79.47
19.19,19.19,60.67,70.72,78.89
21.00,21.00,58.51,69.28,78.69
22.70,22.70,56.98,71.82,76.10
22.70,22.70,49.86,71.61,78.07
21.49,21.49,44.67,73.22,75.80
21.82,21.82,42.64,71.57,76.56
25.56,25.56,40.65,71.93,74.44
27.09,27.09,36.59,70.91,66.53
18.09,18.09,30.46,72.21,65.14
19.64,19.64,37.28,71.87,63.24
17.13,17.13,48.24,70.66,67.09
15.18,15.18,62.02,71.64,74.19
16.24,16.24,59.32,72.00,74.83
16.43,16.43,55.37,71.87,77.02
17.83,17.83,53.22,71.57,75.95
20.73,20.73,49.18,69.11,76.65
21.22,21.22,47.54,70.47,74.89
20.09,20.09,48.11,69.75,74.23
17.83,17.83,47.97,70.12,75.70
19.16,19.16,46.18,70.78,74.63
24.37,24.37,44.42,69.94,71.56
21.94,21.94,43.60,67.68,65.39
14.27,14.27,44.28,65.26,60.77
10.23,10.23,50.77,63.99,59.06
12.55,12.55,63.79,68.28,64.53
13.59,13.59,74.74,72.03,74.43
8.22,8.22,68.75,70.85,75.16
9.38,9.38,65.04,61.27,76.92
13.76,13.76,62.07,45.83,76.39
16.89,16.89,59.48,51.70,76.05
16.83,16.83,50.89,43.00,76.13
17.54,17.54,47.35,37.65,75.74
19.45,19.45,51.01,41.74,74.35
21.22,21.22,45.51,29.75,74.57
23.17,23.17,48.51,22.30,72.51
23.62,23.62,46.93,24.62,65.97
20.15,20.15,47.68,27.90,64.15
17.71,17.71,43.00,38.42,64.03
12.81,12.81,52.87,49.37,64.92
15.36,15.36,70.38,67.55,72.79
17.69,17.69,72.21,70.90,75.13
18.65,18.65,66.11,66.43,75.95
20.48,20.48,59.47,71.54,75.11
22.64,22.64,50.39,69.48,74.84
23.05,23.05,48.62,68.39,74.24
23.36,23.36,42.78,71.80,74.25
23.16,23.16,42.66,67.62,73.71
26.01,26.01,28.87,71.57,73.58
30.36,30.36,36.55,72.96,66.90
24.54,24.54,31.50,71.17,63.97
23.02,23.02,40.63,72.51,62.71
26.01,26.01,48.22,71.69,65.12
24.61,24.61,60.23,65.44,70.91
14.45,14.45,69.68,67.26,79.04
14.12,14.12,75.58,63.61,77.92
17.39,17.39,63.31,55.47,79.37
19.85,19.85,62.41,54.33,77.36
24.39,24.39,58.51,56.94,79.51
25.28,25.28,56.96,55.40,78.84
24.99,24.99,46.78,48.00,79.10
24.35,24.35,48.38,48.57,79.65
23.03,23.03,38.45,43.79,77.89
25.48,25.48,43.36,44.42,75.73
20.45,20.45,37.63,41.17,67.29
16.15,16.15,40.74,40.80,67.84
17.43,17.43,40.90,49.04,66.46
16.19,16.19,49.63,58.09,64.32
14.80,14.80,61.75,66.15,77.16
13.25,13.25,57.23,73.75,79.23
14.17,14.17,56.47,70.88,79.53
14.20,14.20,54.19,73.55,80.34
15.22,15.22,50.66,73.56,80.78
16.55,16.55,48.65,73.00,77.71
14.11,14.11,45.14,74.22,79.39
15.00,15.00,42.60,72.08,78.85
18.11,18.11,42.40,71.31,79.07
18.67,18.67,39.72,73.77,76.61
16.75,16.75,39.97,70.72,71.61
14.24,14.24,45.13,70.95,70.82
12.69,12.69,57.38,67.26,67.72
9.17,9.17,61.81,63.32,66.07
7.05,7.05,73.70,65.96,67.68
11.29,11.29,75.77,71.98,69.44
11.71,11.71,69.49,72.19,66.88
12.74,12.74,65.34,70.71,67.08
16.58,16.58,58.08,68.96,65.78
19.65,19.65,51.76,67.06,64.31
18.57,18.57,44.83,70.72,64.66
17.22,17.22,42.06,71.38,65.56
16.42,16.42,41.16,72.26,66.12
20.86,20.86,40.76,71.76,64.64
22.69,22.69,38.86,72.55,62.78
19.14,19.14,41.38,70.93,63.19
14.22,14.22,46.28,64.86,59.18
17.35,17.35,57.03,59.96,64.43
22.31,22.31,67.67,64.26,75.39
15.36,15.36,71.78,70.76,79.32
16.43,16.43,65.59,73.86,80.73
19.10,19.10,59.82,72.26,80.80
18.39,18.39,55.18,71.71,80.80
20.92,20.92,52.17,72.18,80.36
20.53,20.53,49.16,72.52,80.59
20.50,20.50,50.75,71.96,78.43
21.86,21.86,47.10,72.55,77.29
22.93,22.93,40.43,72.01,76.68
24.32,24.32,32.06,68.97,76.29
20.27,20.27,34.01,68.92,69.20
14.54,14.54,44.82,70.05,66.67
14.50,14.50,54.43,67.23,65.57
14.47,14.47,67.03,65.55,70.11
14.34,14.34,72.61,66.63,71.68
17.91,17.91,71.54,73.35,69.07
21.53,21.53,64.93,74.05,67.10
20.92,20.92,59.71,74.95,68.52
20.62,20.62,58.79,74.94,66.70
24.15,24.15,55.06,72.51,68.69
24.58,24.58,52.00,74.84,67.48
22.90,22.90,44.81,70.77,67.65
21.43,21.43,42.00,72.69,66.85
21.68,21.68,37.83,72.12,67.22
19.84,19.84,34.09,72.21,68.77
19.09,19.09,32.06,73.39,68.28
22.83,22.83,38.73,71.99,69.63
20.69,20.69,52.67,73.84,76.57
21.09,21.09,57.51,72.67,78.08
24.29,24.29,56.64,73.14,78.96
26.09,26.09,56.18,71.03,79.91
24.80,24.80,54.02,72.98,78.64
24.34,24.34,54.21,73.21,79.26
22.38,22.38,50.83,73.15,78.08
21.78,21.78,47.84,74.25,78.05
21.83,21.83,48.53,72.70,76.83
24.64,24.64,46.22,74.36,76.58
27.42,27.42,44.81,74.07,72.65
23.06,23.06,43.72,74.92,66.50
15.91,15.91,47.00,73.69,64.40
12.80,12.80,60.62,72.49,65.05
16.09,16.09,75.46,72.67,73.91
11.05,11.05,78.69,70.56,76.86
6.48,6.48,73.03,70.05,76.48
8.91,8.91,66.99,64.51,77.24
14.12,14.12,62.29,64.17,75.27
17.53,17.53,56.84,59.63,74.93
19.78,19.78,48.66,56.29,74.04
23.47,23.47,42.65,55.08,72.57
23.21,23.21,41.18,55.69,72.96
21.98,21.98,36.13,55.16,72.23
23.51,23.51,39.62,52.67,72.96
21.03,21.03,45.56,54.01,72.34
19.84,19.84,44.32,47.49,73.22
20.24,20.24,49.23,49.61,72.57
18.26,18.26,66.80,60.44,72.41
19.50,19.50,73.39,68.32,72.32
18.41,18.41,65.72,68.24,72.92
23.85,23.85,59.56,68.57,73.21
24.69,24.69,57.57,68.74,72.85
23.17,23.17,52.89,72.42,71.92
22.69,22.69,43.27,70.35,72.45
20.66,20.66,45.11,70.22,72.87
21.58,21.58,35.06,69.90,72.07
20.52,20.52,37.22,70.11,71.01
18.72,18.72,35.22,71.85,71.29
17.75,17.75,32.44,72.49,71.17
15.16,15.16,40.20,70.56,71.24
14.33,14.33,57.20,70.96,70.48
10.28,10.28,66.49,72.42,73.45
9.91,9.91,72.02,72.29,72.81
15.12,15.12,63.92,70.12,72.54
19.75,19.75,68.07,72.71,72.65
21.83,21.83,61.50,58.29,73.10
23.33,23.33,58.77,62.63,72.09
23.00,23.00,50.60,49.31,71.09
23.33,23.33,51.47,47.04,71.19
22.61,22.61,43.00,40.56,70.99
22.67,22.67,47.21,37.60,70.28
23.42,23.42,46.73,34.72,70.99
23.51,23.51,42.81,39.69,69.41
22.52,22.52,43.92,47.94,71.34
19.41,19.41,47.29,53.11,67.30
15.79,15.79,59.24,64.43,69.07
12.18,12.18,69.25,71.63,71.64
12.08,12.08,67.01,73.44,73.12
18.85,18.85,67.73,74.16,71.09
20.96,20.96,65.12,73.03,71.63
22.88,22.88,63.50,69.95,70.13
22.71,22.71,63.34,69.37,70.37
23.89,23.89,59.32,71.68,70.98
22.95,22.95,56.72,71.40,70.67
24.95,24.95,55.60,72.02,70.37
23.28,23.28,52.92,70.34,70.91
22.05,22.05,51.37,70.56,69.74
18.74,18.74,50.97,68.11,69.30
16.52,16.52,62.22,62.80,68.20
13.80,13.80,70.79,61.58,67.91
11.11,11.11,75.76,67.03,68.06
7.96,7.96,69.79,74.15,64.03
13.15,13.15,64.49,72.07,62.61
18.84,18.84,62.93,72.31,58.99
22.58,22.58,52.94,71.00,57.70
24.02,24.02,50.50,69.29,55.61
25.22,25.22,50.80,69.33,57.19
27.53,27.53,50.24,70.67,51.79
27.66,27.66,48.02,69.21,52.62
25.98,25.98,50.07,67.89,51.19
21.92,21.92,40.89,67.92,48.27
14.75,14.75,46.53,63.88,51.12
13.85,13.85,57.62,63.47,50.34
13.94,13.94,70.41,62.53,67.18
14.13,14.13,72.69,70.88,74.14
17.22,17.22,65.64,71.96,73.83
18.02,18.02,61.12,71.38,73.13
18.65,18.65,56.73,70.20,75.01
19.41,19.41,54.10,68.68,72.14
18.86,18.86,51.06,71.30,72.80
18.75,18.75,42.80,69.74,70.12
20.69,20.69,39.71,71.15,70.85
21.66,21.66,36.47,72.35,69.38
19.23,19.23,29.25,72.02,70.86
17.73,17.73,36.82,69.91,68.36
14.75,14.75,41.57,66.89,69.06
14.72,14.72,53.67,64.07,67.78
15.38,15.38,65.78,61.13,73.45
14.65,14.65,73.39,68.20,78.55
15.56,15.56,69.12,72.20,81.42
22.58,22.58,62.16,74.21,80.59
28.27,28.27,57.41,72.26,80.62
27.31,27.31,55.77,72.47,80.76
22.33,22.33,53.74,73.40,80.75
24.73,24.73,52.47,71.79,80.37
24.84,24.84,46.14,71.41,80.43
24.84,24.84,41.15,68.96,80.29
26.82,26.82,38.26,71.63,80.75
29.04,29.04,35.51,72.28,74.27
22.38,22.38,37.01,70.32,66.42
20.42,20.42,49.29,69.34,65.33
17.27,17.27,59.43,71.78,66.26
11.55,11.55,60.60,71.28,68.15
9.90,9.90,58.63,70.38,75.96
12.81,12.81,56.93,67.43,79.97
13.90,13.90,54.63,67.97,80.09
16.00,16.00,52.57,71.17,80.71
17.67,17.67,51.44,70.34,81.43
19.08,19.08,50.88,68.65,81.46
17.81,17.81,47.04,68.36,80.68
19.29,19.29,45.16,71.33,80.20
25.13,25.13,46.96,70.18,77.48
23.58,23.58,47.27,70.72,66.46
14.49,14.49,47.67,68.84,59.18
9.54,9.54,61.67,71.34,59.74
14.12,14.12,74.82,73.21,68.32
11.33,11.33,78.36,73.79,73.56
10.47,10.47,72.07,73.84,78.74
9.09,9.09,63.98,61.40,79.09
14.94,14.94,60.42,59.23,78.16
18.21,18.21,52.66,50.25,77.96
18.21,18.21,49.66,51.55,78.01
19.97,19.97,44.11,51.40,78.08
21.84,21.84,46.77,49.89,77.92
23.67,23.67,44.17,48.22,77.63
22.56,22.56,44.02,49.10,75.68
18.79,18.79,44.82,52.24,67.53
16.16,16.16,49.04,51.64,54.28
12.06,12.06,63.47,71.05,65.87
10.41,10.41,67.94,74.90,67.62
11.93,11.93,74.59,74.55,67.34
21.66,21.66,68.93,71.08,71.97
24.24,24.24,58.96,69.74,77.67
21.57,21.57,52.21,69.77,78.48
22.29,22.29,56.91,71.57,79.28
22.58,22.58,46.15,71.46,78.45
24.38,24.38,46.93,70.90,78.03
23.18,23.18,38.79,69.99,78.05
21.66,21.66,31.62,70.29,76.92
19.21,19.21,34.34,70.72,75.65
17.01,17.01,40.09,71.84,75.38
15.35,15.35,53.86,71.39,70.53
11.50,11.50,62.51,73.28,67.31
9.28,9.28,63.69,73.66,73.59
10.17,10.17,75.26,70.09,74.13
12.44,12.44,68.99,67.27,71.23
14.14,14.14,65.11,64.11,71.14
14.02,14.02,58.27,60.27,71.06
13.69,13.69,58.17,54.72,72.34
13.99,13.99,53.97,46.60,70.45
13.61,13.61,55.48,45.28,72.03
11.77,11.77,51.97,36.99,71.71
13.36,13.36,50.61,31.75,72.36
12.03,12.03,44.42,23.34,70.14
12.75,12.75,46.78,28.77,70.52
14.95,14.95,45.39,38.89,69.91
18.12,18.12,52.05,53.03,65.48
24.00,24.00,61.52,61.90,75.64
16.27,16.27,57.66,66.96,78.59
12.15,12.15,55.99,72.35,79.15
9.84,9.84,54.64,75.58,77.82
10.79,10.79,52.97,75.54,79.34
12.17,12.17,51.79,72.76,77.32
13.14,13.14,50.02,72.61,78.82
11.41,11.41,48.24,70.82,74.88
13.63,13.63,47.71,72.72,76.58
22.78,22.78,46.07,70.57,74.27
19.13,19.13,45.13,69.36,68.26
14.05,14.05,42.73,70.92,65.56
10.93,10.93,45.45,71.99,61.45
7.68,7.68,53.36,72.58,60.71
11.16,11.16,68.49,69.43,63.68
10.18,10.18,74.78,74.52,69.80
9.28,9.28,70.85,75.79,65.39
13.15,13.15,66.50,71.16,63.58
16.77,16.77,65.26,68.69,64.62
15.79,15.79,54.04,63.34,60.97
16.17,16.17,53.66,53.50,62.44
18.04,18.04,55.50,39.16,63.72
22.62,22.62,45.54,39.64,59.74
22.41,22.41,47.06,38.95,61.25
19.47,19.47,45.19,31.72,51.84
12.80,12.80,44.31,27.67,53.24
9.40,9.40,47.46,39.08,55.08
15.17,15.17,52.67,56.97,66.75
14.70,14.70,67.61,67.14,76.93
7.86,7.86,67.45,67.02,76.26
13.62,13.62,57.28,70.97,76.61
16.99,16.99,58.14,71.15,76.76
18.05,18.05,48.31,70.96,76.21
17.31,17.31,50.73,72.20,76.54
17.18,17.18,42.45,72.66,76.93
15.65,15.65,40.85,70.18,75.72
16.43,16.43,35.66,68.19,76.06
22.40,22.40,30.80,71.39,73.55
19.64,19.64,31.27,71.19,72.50
14.33,14.33,47.07,70.10,71.26
13.52,13.52,61.19,65.00,71.51
11.68,11.68,59.85,59.04,70.93
9.46,9.46,69.48,64.15,73.38
9.44,9.44,72.72,68.82,69.63
15.25,15.25,64.54,68.23,71.43
22.40,22.40,64.50,69.33,68.39
23.39,23.39,60.01,71.00,68.84
24.75,24.75,59.20,70.57,70.14
24.82,24.82,53.63,71.15,69.62
23.16,23.16,51.54,70.95,68.57
23.34,23.34,47.62,68.61,69.00
22.43,22.43,45.02,69.45,68.98
24.82,24.82,42.50,69.13,68.70
24.28,24.28,36.70,69.38,67.93
21.81,21.81,33.46,68.34,68.13
22.39,22.39,44.27,68.50,66.85
20.88,20.88,58.76,70.46,67.62
16.71,16.71,58.84,69.58,74.14
17.75,17.75,58.51,67.60,76.34
23.22,23.22,56.95,66.80,77.43
28.64,28.64,53.48,68.19,75.80
27.22,27.22,51.59,68.40,77.81
25.92,25.92,52.36,68.28,73.54
24.96,24.96,51.54,67.64,77.56
23.95,23.95,50.29,70.16,73.27
28.16,28.16,48.59,70.46,75.48
29.18,29.18,48.89,69.13,70.60
24.09,24.09,46.03,69.39,63.81
15.36,15.36,50.46,70.48,62.19
12.08,12.08,59.67,69.32,64.65
10.58,10.58,71.99,71.71,73.12
4.63,4.63,71.50,70.53,74.88
2.05,2.05,68.24,68.02,75.86
9.45,9.45,64.27,64.34,79.93
16.59,16.59,60.11,67.47,79.73
15.20,15.20,54.89,62.37,79.46
20.17,20.17,50.13,59.24,79.12
25.13,25.13,50.92,61.95,79.76
29.02,29.02,49.56,53.43,79.51
29.83,29.83,45.77,56.12,79.42
31.75,31.75,45.41,56.47,78.89
30.38,30.38,43.26,53.33,78.69
25.80,25.80,43.19,50.41,78.73
20.31,20.31,52.32,55.26,78.74
20.55,20.55,61.11,69.62,78.83
16.03,16.03,63.42,74.46,76.85
19.05,19.05,53.96,69.09,76.75
27.82,27.82,48.39,76.24,76.19
29.65,29.65,42.37,68.02,75.20
32.19,32.19,39.74,72.55,75.19
31.41,31.41,39.44,72.21,75.67
30.33,30.33,36.77,71.02,73.88
38.46,38.46,29.79,71.88,72.81
39.43,39.43,34.33,70.98,68.72
36.08,36.08,34.35,68.77,59.16
30.82,30.82,38.06,71.41,59.77
23.35,23.35,44.81,68.33,59.17
18.99,18.99,55.90,66.56,65.05
10.97,10.97,70.67,67.68,74.16
7.91,7.91,78.78,66.02,75.87
12.74,12.74,72.93,63.48,76.12
17.08,17.08,66.26,61.50,75.38
21.00,21.00,59.17,62.23,74.80
21.76,21.76,61.31,57.87,77.27
21.36,21.36,52.32,61.86,75.18
22.86,22.86,55.30,58.42,77.23
22.99,22.99,46.65,60.46,74.00
22.00,22.00,48.27,58.78,72.90
23.16,23.16,47.37,58.75,71.68
22.91,22.91,37.04,53.07,67.92
20.87,20.87,37.94,52.78,65.17
21.08,21.08,52.76,51.90,67.94
19.17,19.17,61.44,58.66,70.23
13.59,13.59,64.62,70.03,77.30
8.66,8.66,61.41,66.26,79.49
11.20,11.20,59.22,70.18,77.72
12.94,12.94,58.01,70.62,77.93
13.94,13.94,55.99,70.28,78.43
15.34,15.34,54.31,71.05,77.60
13.89,13.89,51.94,70.24,76.68
12.95,12.95,49.86,69.39,74.80
13.39,13.39,53.42,70.50,73.05
16.25,16.25,50.03,69.90,65.39
13.76,13.76,46.24,69.05,64.52
18.24,18.24,49.60,67.75,61.20
14.78,14.78,59.20,58.59,62.39
9.78,9.78,71.04,58.82,69.99
3.74,3.74,79.80,59.18,75.29
3.97,3.97,76.00,68.70,76.30
7.46,7.46,66.59,75.57,73.83
7.81,7.81,62.35,73.28,73.94
12.68,12.68,57.40,71.44,75.15
19.09,19.09,50.69,73.37,75.08
22.15,22.15,46.03,72.89,74.77
23.21,23.21,41.25,71.39,73.02
25.30,25.30,41.30,70.37,71.05
31.10,31.10,39.65,70.36,61.28
23.87,23.87,35.26,63.00,54.55
16.93,16.93,44.06,66.04,54.87
14.13,14.13,53.96,60.69,60.39
10.56,10.56,61.97,57.24,76.14
11.85,11.85,68.71,60.06,76.24
13.40,13.40,67.31,68.33,76.23
15.94,15.94,62.99,71.32,74.82
21.18,21.18,59.55,73.20,75.81
21.32,21.32,60.20,72.68,76.04
19.32,19.32,51.84,68.99,75.12
15.84,15.84,47.97,69.32,77.18
14.69,14.69,46.83,66.75,76.09
20.34,20.34,37.00,72.44,76.34
16.45,16.45,28.74,71.12,79.97
19.97,19.97,30.80,64.76,79.05
22.90,22.90,40.48,63.14,79.85
18.51,18.51,53.93,62.72,78.51
18.47,18.47,61.71,58.18,78.91
14.50,14.50,65.49,65.87,77.69
11.08,11.08,72.28,73.58,72.05
9.51,9.51,67.23,74.72,71.36
11.50,11.50,59.81,74.37,73.25
13.87,13.87,54.83,74.61,73.65
13.57,13.57,59.61,73.24,72.53
15.69,15.69,55.90,73.64,70.73
17.45,17.45,49.48,73.48,71.50
17.92,17.92,48.63,72.15,71.11
18.37,18.37,48.41,73.00,71.76
17.10,17.10,44.88,73.39,72.62
18.33,18.33,43.48,73.52,70.93
18.56,18.56,42.03,72.59,72.38
18.46,18.46,41.50,71.91,72.70
18.89,18.89,39.65,72.87,71.89
20.70,20.70,38.94,72.11,72.08
17.81,17.81,37.16,72.52,73.27
19.27,19.27,36.40,72.08,74.18
21.86,21.86,35.66,72.99,73.43
20.44,20.44,34.20,72.52,74.06
19.45,19.45,32.66,71.61,73.19
20.94,20.94,33.00,72.08,72.45
21.56,21.56,33.56,72.16,72.15
23.92,23.92,32.57,72.53,71.90
23.87,23.87,31.44,71.52,72.05
23.02,23.02,31.05,71.88,71.53
22.53,22.53,32.84,71.21,70.86
22.09,22.09,32.21,71.64,70.12
22.52,22.52,32.01,70.78,69.38
22.70,22.70,30.89,71.49,70.52
23.64,23.64,32.17,71.13,69.02
22.71,22.71,31.30,69.82,68.89
21.76,21.76,32.09,68.85,66.29
22.88,22.88,30.44,69.99,68.72
22.70,22.70,31.10,69.79,69.67
22.75,22.75,30.65,67.39,69.44
22.65,22.65,31.95,64.39,67.52
22.52,22.52,31.57,64.56,67.50
20.35,20.35,31.37,68.43,67.99
20.36,20.36,30.34,67.64,69.38
26.35,26.35,31.01,68.64,70.05
39.56,39.56,30.77,69.31,68.28
51.71,51.71,29.91,70.40,68.30
64.63,64.63,36.15,69.96,68.09
74.93,74.93,42.96,69.85,67.70
80.72,80.72,43.99,70.23,68.05
81.60,81.60,42.40,69.50,67.99
78.94,78.94,40.33,68.89,68.60
77.95,77.95,35.49,68.53,67.72
80.42,80.42,31.80,68.87,67.76
76.64,76.64,30.85,69.47,66.23
76.82,76.82,29.37,68.42,67.74
77.44,77.44,28.94,68.30,68.11
71.28,71.28,32.96,70.77,67.39
70.64,70.64,32.44,70.15,66.10
71.16,71.16,33.64,68.21,65.52
72.63,72.63,33.06,68.98,66.40
76.43,76.43,35.05,69.37,66.38
77.98,77.98,33.52,69.15,66.65
81.34,81.34,29.98,68.37,65.89
82.71,82.71,26.55,68.31,65.48
82.29,82.29,23.19,68.16,64.28
83.27,83.27,22.23,67.16,63.60
82.59,82.59,22.40,64.48,65.06
81.35,81.35,23.30,68.31,62.75
80.38,80.38,25.48,67.40,60.80
80.33,80.33,26.09,67.34,61.81
76.67,76.67,26.47,67.70,61.59
80.46,80.46,24.95,67.81,60.55
80.78,80.78,25.05,67.69,59.93
69.25,69.25,22.19,67.82,59.63
61.16,61.16,17.40,67.90,59.14
62.82,62.82,17.41,67.35,61.03
57.03,57.03,16.78,66.98,61.72
65.04,65.04,20.47,63.78,60.67
73.87,73.87,28.03,65.73,60.63
74.48,74.48,31.88,66.23,60.04
73.76,73.76,26.82,66.40,61.30
72.74,72.74,27.62,66.71,62.09
73.56,73.56,27.43,66.60,62.27
74.54,74.54,27.54,67.18,62.04
80.14,80.14,29.58,66.69,61.84
75.30,75.30,30.17,67.12,60.51
65.13,65.13,27.11,67.34,61.00
57.99,57.99,35.46,66.89,62.07
51.10,51.10,45.08,66.23,62.48
57.62,57.62,60.10,68.31,61.82
70.80,70.80,70.74,66.36,61.59
69.44,69.44,70.38,64.74,61.23
82.08,82.08,70.35,68.93,61.93
81.63,81.63,73.20,69.03,61.31
81.56,81.56,73.20,63.91,60.59
77.65,77.65,72.91,64.97,67.24
80.77,80.77,82.49,68.69,62.23
82.25,82.25,81.57,68.05,64.43
78.10,78.10,81.59,61.82,63.26
77.19,77.19,82.68,55.61,62.75
80.22,80.22,79.91,54.36,61.54
76.29,76.29,79.91,46.22,61.73
74.55,74.55,77.58,45.04,61.98
64.98,64.98,77.71,42.89,59.76
70.23,70.23,75.93,42.27,60.40
77.61,77.61,72.94,44.18,61.40
78.41,78.41,73.34,41.34,59.81
79.12,79.12,72.20,38.67,60.77
80.14,80.14,68.52,33.14,60.35
79.20,79.20,68.25,31.18,59.08
77.38,77.38,67.73,26.20,58.65
78.28,78.28,65.39,22.30,60.66
76.15,76.15,61.50,13.82,61.99
77.95,77.95,59.83,17.16,61.64
76.85,76.85,57.25,8.39,60.22
78.44,78.44,52.62,15.57,58.30
79.03,79.03,53.02,18.82,60.26
75.30,75.30,52.01,17.19,59.49
75.99,75.99,47.01,12.63,59.43
78.41,78.41,49.62,10.58,59.38
77.01,77.01,53.05,6.74,58.51
76.55,76.55,53.17,28.27,52.60
77.22,77.22,56.75,49.39,59.77
72.26,72.26,75.19,58.66,71.64
72.67,72.67,73.16,68.23,74.20
73.72,73.72,66.54,69.88,72.81
72.90,72.90,63.45,73.19,68.83
71.60,71.60,62.28,74.11,68.81
70.00,70.00,60.54,74.23,70.11
71.93,71.93,57.29,71.22,69.60
69.03,69.03,56.04,72.99,71.20
71.55,71.55,54.97,73.25,68.00
69.03,69.03,52.41,73.47,69.89
68.52,68.52,50.64,68.68,68.99
67.24,67.24,48.80,71.72,66.64
60.38,60.38,47.59,71.28,67.06
56.43,56.43,47.60,70.79,68.48
61.36,61.36,48.67,71.29,68.69
64.73,64.73,49.19,69.70,68.19
63.16,63.16,57.20,71.24,67.27
60.60,60.60,56.48,67.98,66.88
57.67,57.67,52.05,72.46,66.86
58.87,58.87,47.57,69.59,67.57
52.75,52.75,42.98,71.18,69.13
48.08,48.08,40.06,72.10,68.55
44.68,44.68,39.47,70.37,70.37
46.29,46.29,37.32,72.63,69.49
47.58,47.58,37.01,71.50,70.02
43.12,43.12,36.88,73.34,66.84
40.54,40.54,40.24,73.82,63.40
37.80,37.80,50.68,73.07,61.04
37.64,37.64,66.01,71.65,65.79
38.11,38.11,75.54,67.76,71.33
32.51,32.51,79.34,68.13,71.05
30.22,30.22,70.31,62.44,65.13
32.84,32.84,64.87,57.97,68.45
35.99,35.99,61.95,49.87,68.46
34.14,34.14,56.60,53.84,63.64
35.15,35.15,50.90,46.68,61.22
36.37,36.37,47.34,43.76,58.53
35.57,35.57,46.90,39.62,58.81
35.16,35.16,42.17,41.57,53.06
34.27,34.27,43.62,42.28,55.31
36.91,36.91,43.66,42.38,53.63
37.71,37.71,40.88,43.97,53.48
44.20,44.20,49.18,43.20,56.93
42.84,42.84,58.24,59.48,63.50
38.68,38.68,72.97,70.53,72.88
38.63,38.63,67.05,72.26,72.14
36.79,36.79,66.06,72.51,75.16
36.90,36.90,61.09,73.10,75.73
41.49,41.49,55.82,71.13,75.15
50.27,50.27,54.80,71.83,74.42
58.94,58.94,44.58,71.75,76.52
65.44,65.44,43.23,71.66,74.67
69.80,69.80,40.92,71.54,73.80
71.98,71.98,43.20,72.62,73.55
71.85,71.85,43.72,70.56,75.82
73.14,73.14,47.97,61.93,73.84
73.06,73.06,49.92,56.01,76.57
68.33,68.33,58.11,58.96,74.36
74.31,74.31,74.52,66.05,74.62
79.41,79.41,71.64,65.01,75.29
77.24,77.24,64.47,64.43,75.79
80.48,80.48,57.56,65.40,73.45
77.60,77.60,52.47,70.00,76.35
80.24,80.24,52.05,71.92,74.07
80.16,80.16,49.91,64.40,73.87
79.32,79.32,46.19,64.05,73.71
75.88,75.88,35.97,67.84,73.32
82.35,82.35,33.82,66.81,74.07
79.71,79.71,38.46,66.13,73.82
70.95,70.95,41.69,68.73,74.85
78.14,78.14,50.65,68.93,73.76
83.19,83.19,58.77,67.63,75.34
74.24,74.24,63.69,68.31,71.56
67.91,67.91,63.24,69.36,75.73
71.49,71.49,62.96,67.84,71.04
74.25,74.25,63.95,67.34,74.58
75.66,75.66,61.21,69.57,70.48
75.44,75.44,59.28,69.49,72.21
75.06,75.06,57.55,70.36,70.03
71.45,71.45,55.89,68.54,70.85
61.90,61.90,54.24,68.22,71.44
62.54,62.54,51.92,68.42,71.97
61.85,61.85,46.11,69.22,72.68
62.51,62.51,52.62,67.80,70.80
57.47,57.47,60.64,67.68,71.24
67.01,67.01,67.86,68.08,71.24
64.90,64.90,78.43,66.61,70.17
61.83,61.83,73.78,65.76,62.53
65.33,65.33,67.68,60.64,66.09
62.25,62.25,62.64,64.31,67.66
59.12,59.12,55.92,66.80,66.78
63.53,63.53,57.85,68.54,65.95
68.06,68.06,53.89,65.44,68.03
74.54,74.54,55.48,64.58,68.95
67.53,67.53,50.36,65.91,68.33
67.90,67.90,48.54,53.38,69.74
67.49,67.49,49.37,49.27,69.72
66.47,66.47,46.33,38.74,69.24
68.20,68.20,50.03,42.71,69.43
69.24,69.24,60.49,56.85,69.82
69.36,69.36,73.02,69.94,69.83
68.08,68.08,72.28,70.13,72.92
70.77,70.77,66.94,71.79,70.08
78.96,78.96,55.89,70.25,70.40
79.99,79.99,56.16,72.69,70.47
79.15,79.15,54.94,71.62,68.21
76.58,76.58,50.02,70.94,69.14
73.52,73.52,47.70,71.19,68.09
72.58,72.58,42.20,70.39,69.13
71.71,71.71,36.10,72.31,69.63
70.98,70.98,35.37,69.97,69.00
72.19,72.19,45.01,70.55,69.37
73.29,73.29,52.91,63.98,68.52
73.53,73.53,60.34,64.22,72.39
71.97,71.97,74.31,66.61,72.30
70.77,70.77,72.66,67.90,68.97
72.03,72.03,67.19,68.70,70.91
71.48,71.48,59.50,70.50,68.33
72.12,72.12,58.88,73.30,70.21
74.39,74.39,55.87,71.16,68.02
72.48,72.48,51.08,73.22,70.64
69.92,69.92,49.61,70.91,67.52
66.17,66.17,49.28,73.50,71.10
68.85,68.85,45.85,73.09,67.06
67.19,67.19,37.81,70.78,69.98
64.33,64.33,43.66,71.76,68.86
57.05,57.05,47.55,71.53,71.35
52.35,52.35,60.51,74.00,67.62
48.00,48.00,62.65,72.53,67.98
53.32,53.32,62.80,73.60,68.59
51.56,51.56,58.78,73.45,68.36
53.14,53.14,53.71,72.48,65.94
51.81,51.81,50.20,74.53,68.56
51.02,51.02,45.82,72.86,66.60
52.48,52.48,44.04,73.06,67.72
52.89,52.89,40.36,72.59,67.66
54.75,54.75,39.22,72.22,66.55
52.61,52.61,37.53,72.00,68.30
54.59,54.59,48.51,72.93,62.81
44.63,44.63,53.60,73.28,68.64
36.93,36.93,70.75,72.83,65.75
33.99,33.99,78.26,73.61,70.62
22.71,22.71,73.90,71.67,68.14
23.66,23.66,67.64,66.95,67.90
23.86,23.86,62.52,69.55,66.93
23.45,23.45,57.68,70.91,67.40
24.45,24.45,51.13,69.81,64.24
28.07,28.07,44.27,62.07,61.13
28.73,28.73,43.24,59.48,56.92
30.58,30.58,42.05,43.99,52.63
32.34,32.34,38.65,39.51,52.53
31.54,31.54,40.97,41.26,51.14
32.25,32.25,39.60,42.03,46.58
24.30,24.30,39.74,41.43,43.04
22.70,22.70,51.94,54.27,51.44
16.47,16.47,72.08,68.96,64.36
12.54,12.54,73.46,71.56,62.97
21.70,21.70,65.40,71.38,67.43
19.60,19.60,56.08,68.05,75.31
14.84,14.84,59.41,69.39,76.31
15.01,15.01,49.68,68.70,76.34
19.68,19.68,45.09,70.49,76.89
21.08,21.08,46.62,72.69,76.28
24.34,24.34,36.58,72.48,76.72
28.51,28.51,40.02,70.42,72.31
32.13,32.13,41.75,70.70,67.31
39.78,39.78,44.35,67.92,66.98
50.40,50.40,45.78,60.57,66.20
62.95,62.95,53.60,62.63,65.14
69.14,69.14,70.88,69.90,67.95
75.81,75.81,73.65,72.05,69.66
75.50,75.50,67.98,70.29,66.64
77.53,77.53,59.01,70.44,67.00
77.32,77.32,55.58,67.87,66.14
82.17,82.17,49.50,66.45,63.98
74.51,74.51,46.47,71.25,65.05
75.84,75.84,47.63,68.64,64.36
73.24,73.24,37.58,67.74,63.80
74.51,74.51,37.98,68.59,63.78
72.42,72.42,37.91,67.48,63.39
76.05,76.05,35.63,69.19,62.38
75.18,75.18,41.93,70.93,63.67
74.68,74.68,51.57,66.87,60.64
73.73,73.73,65.49,68.32,61.83
72.37,72.37,63.57,71.39,62.31
75.87,75.87,59.27,70.84,61.79
76.09,76.09,55.60,70.71,61.80
74.16,74.16,55.59,70.30,59.39
77.80,77.80,54.02,70.89,59.91
81.25,81.25,52.06,70.44,62.37
81.59,81.59,49.94,70.68,61.63
82.50,82.50,47.58,69.17,61.08
82.05,82.05,44.54,69.87,59.97
80.92,80.92,40.61,68.75,57.83
81.61,81.61,45.43,68.95,57.78
79.44,79.44,54.61,67.74,55.39
73.10,73.10,66.55,66.65,58.21
72.58,72.58,77.97,65.96,65.12
79.18,79.18,75.90,64.29,63.95
80.06,80.06,68.66,65.77,60.54
78.38,78.38,62.50,66.01,61.57
65.83,65.83,61.98,63.02,60.79
58.97,58.97,55.53,60.36,53.57
56.08,56.08,50.32,58.79,50.04
53.75,53.75,46.75,57.77,51.64
51.16,51.16,46.23,54.48,55.37
47.85,47.85,43.90,47.43,50.02
45.83,45.83,39.23,46.75,45.74
49.65,49.65,41.00,44.70,51.35
48.81,48.81,45.96,48.66,52.63
49.59,49.59,59.26,59.98,50.75
64.36,64.36,75.48,70.44,65.43
71.61,71.61,69.41,71.11,66.43
68.11,68.11,59.97,70.82,63.57
72.75,72.75,52.19,70.76,65.02
73.32,73.32,48.93,71.12,63.21
74.24,74.24,50.10,72.60,63.42
77.93,77.93,44.37,73.57,63.36
79.54,79.54,37.58,71.19,63.41
80.81,80.81,32.98,72.06,63.88
81.40,81.40,29.47,70.94,64.35
82.08,82.08,27.95,69.53,64.83
82.02,82.02,34.90,66.12,65.66
82.37,82.37,45.79,62.40,65.75
82.66,82.66,58.59,63.83,66.09
82.13,82.13,71.93,68.08,67.11
80.86,80.86,72.29,72.15,63.27
80.49,80.49,66.05,74.44,62.82
80.00,80.00,60.41,73.23,63.72
78.76,78.76,57.33,73.87,62.54
78.71,78.71,54.82,74.31,64.72
78.61,78.61,50.31,74.42,64.50
79.30,79.30,46.74,74.03,63.46
79.17,79.17,41.44,74.10,65.22
76.81,76.81,34.62,72.43,65.57
77.42,77.42,30.20,72.26,63.29
78.25,78.25,30.24,71.91,65.60
75.01,75.01,37.51,71.08,65.34
71.15,71.15,45.33,71.95,64.11
69.59,69.59,63.23,71.56,67.10
65.33,65.33,63.81,71.58,68.36
62.02,62.02,62.74,71.32,67.93
63.38,63.38,56.54,70.52,69.04
69.11,69.11,54.11,69.44,68.55
67.16,67.16,51.23,67.40,67.81
69.43,69.43,49.94,68.82,67.21
71.01,71.01,46.45,70.26,67.15
71.02,71.02,45.24,70.63,67.21
69.07,69.07,43.04,69.21,65.48
67.02,67.02,41.18,68.98,64.74
64.24,64.24,40.39,67.93,62.74
63.04,63.04,48.65,66.50,62.83
62.33,62.33,64.82,67.44,63.58
66.34,66.34,74.69,69.23,71.91
75.89,75.89,74.77,66.07,70.90
79.69,79.69,70.25,65.86,68.82
72.30,72.30,64.71,64.08,68.13
67.42,67.42,58.52,67.16,68.63
62.79,62.79,51.10,63.69,63.74
59.52,59.52,44.73,61.31,54.47
55.10,55.10,44.18,57.26,55.33
54.40,54.40,39.40,48.82,49.99
62.22,62.22,41.86,57.08,51.13
64.48,64.48,42.80,50.61,52.40
64.28,64.28,39.92,42.14,50.82
61.78,61.78,46.44,44.71,50.20
58.73,58.73,53.07,47.73,51.25
57.94,57.94,72.00,57.96,65.56
61.38,61.38,65.63,67.02,69.36
68.24,68.24,64.51,68.02,70.31
73.75,73.75,57.17,68.29,68.76
75.42,75.42,59.38,68.13,68.31
73.37,73.37,50.08,70.32,67.23
77.87,77.87,45.03,70.04,67.69
76.25,76.25,39.71,70.16,68.07
73.18,73.18,30.94,72.18,67.90
72.31,72.31,25.58,69.15,65.97
68.93,68.93,27.34,70.81,63.02
70.33,70.33,33.41,67.94,61.34
68.55,68.55,53.93,63.44,59.19
68.73,68.73,61.00,58.88,62.01
68.40,68.40,68.82,65.32,68.65
71.04,71.04,72.86,71.44,72.10
71.62,71.62,64.29,72.20,70.91
67.12,67.12,59.45,68.85,68.35
67.69,67.69,55.85,71.52,70.16
68.55,68.55,53.16,71.21,68.00
69.18,69.18,46.19,68.21,66.90
65.29,65.29,42.66,73.01,66.63
65.07,65.07,29.79,67.88,66.35
66.98,66.98,35.51,69.49,68.02
75.42,75.42,35.62,72.18,68.24
69.50,69.50,36.55,67.53,65.35
72.79,72.79,36.38,71.16,64.95
66.96,66.96,48.05,72.79,64.58
62.79,62.79,59.44,69.17,64.06
72.31,72.31,62.90,66.89,67.97
76.99,76.99,62.08,68.45,69.13
75.88,75.88,57.14,66.10,66.45
77.64,77.64,54.97,67.47,68.02
77.06,77.06,51.18,67.27,67.88
75.70,75.70,45.25,65.75,66.55
72.30,72.30,47.83,70.14,62.44
72.59,72.59,43.16,69.08,61.20
67.98,67.98,42.48,66.63,59.36
70.22,70.22,46.44,70.14,59.15
66.20,66.20,50.28,66.99,59.05
62.89,62.89,54.82,66.82,60.08
60.56,60.56,62.43,71.98,59.15
61.11,61.11,75.76,73.89,71.44
54.50,54.50,74.37,71.40,72.00
52.07,52.07,66.49,67.71,72.58
52.18,52.18,59.48,67.70,72.18
46.98,46.98,58.18,70.29,69.91
48.18,48.18,52.62,72.29,70.22
47.70,47.70,50.72,66.50,68.58
48.07,48.07,46.07,60.31,67.67
47.74,47.74,46.96,55.97,68.46
47.33,47.33,44.51,48.44,67.75
47.26,47.26,39.48,48.22,67.83
46.04,46.04,46.00,45.15,62.23
37.03,37.03,52.10,48.95,50.62
38.68,38.68,67.67,64.74,63.00
34.56,34.56,71.52,70.34,69.99
25.54,25.54,66.95,70.17,76.15
25.28,25.28,59.70,69.97,77.82
26.87,26.87,54.09,71.21,74.13
24.78,24.78,48.14,72.20,76.87
28.04,28.04,48.57,73.50,76.32
27.08,27.08,45.33,72.79,74.46
23.33,23.33,43.70,72.79,75.61
22.26,22.26,34.34,72.16,73.42
23.94,23.94,32.39,72.76,74.68
25.66,25.66,27.72,71.08,72.32
26.87,26.87,41.79,68.60,72.70
21.55,21.55,52.18,68.92,70.11
14.96,14.96,60.68,67.40,69.51
12.50,12.50,75.86,69.40,70.39
12.88,12.88,72.94,73.98,70.11
18.00,18.00,67.32,73.86,69.08
21.40,21.40,60.75,74.42,68.83
24.13,24.13,59.55,74.45,69.74
21.48,21.48,57.69,73.59,69.05
20.54,20.54,52.58,74.03,69.60
19.15,19.15,45.35,72.92,68.20
24.84,24.84,40.74,73.51,68.32
22.99,22.99,38.98,73.79,65.39
21.87,21.87,31.56,73.64,61.24
22.58,22.58,33.38,73.54,61.62
20.25,20.25,42.87,72.65,60.96
11.79,11.79,48.31,73.65,63.35
11.15,11.15,60.74,72.17,65.53
11.64,11.64,62.83,71.53,70.98
17.62,17.62,60.31,72.73,74.17
22.29,22.29,57.65,74.30,72.74
23.58,23.58,55.59,74.81,73.43
24.18,24.18,52.66,73.33,74.42
27.47,27.47,50.07,73.70,74.30
27.72,27.72,48.07,73.33,72.96
26.52,26.52,46.23,73.33,73.77
28.83,28.83,42.98,72.62,73.57
27.47,27.47,43.36,71.36,73.54
25.70,25.70,46.14,71.93,69.70
19.71,19.71,62.42,70.69,69.40
10.99,10.99,71.78,64.17,69.40
2.14,2.14,78.97,65.25,67.42
7.32,7.32,75.13,67.88,67.80
17.61,17.61,72.33,68.06,70.80
25.33,25.33,63.88,68.72,68.94
26.06,26.06,57.67,55.66,68.92
27.27,27.27,52.12,55.88,67.11
28.07,28.07,46.30,59.90,64.39
25.64,25.64,42.54,47.90,65.79
24.93,24.93,41.20,49.43,66.56
27.34,27.34,39.00,50.66,66.53
28.11,28.11,35.25,47.27,65.95
31.21,31.21,36.82,44.80,65.34
42.11,42.11,45.58,48.41,65.15
58.31,58.31,65.05,66.50,64.39
67.34,67.34,73.13,70.89,69.03
73.24,73.24,66.52,66.00,68.58
76.79,76.79,61.26,71.41,72.35
77.82,77.82,57.19,68.94,75.13
63.11,63.11,53.18,67.90,72.53
57.93,57.93,45.11,70.11,74.01
61.78,61.78,40.46,67.17,74.74
67.37,67.37,36.58,67.14,74.46
65.20,65.20,29.39,68.96,73.67
55.80,55.80,27.41,66.68,73.42
65.95,65.95,29.53,67.26,72.36
60.47,60.47,40.63,60.44,72.23
64.18,64.18,49.42,51.41,70.68
76.59,76.59,61.55,58.70,72.48
82.92,82.92,72.15,68.35,74.53
80.64,80.64,68.50,68.05,72.41
80.64,80.64,62.92,67.40,70.14
84.01,84.01,55.49,66.08,67.93
77.56,77.56,47.79,68.78,70.44
80.87,80.87,45.06,67.90,70.59
78.27,78.27,43.25,65.71,71.24
78.20,78.20,37.95,67.59,72.26
78.15,78.15,36.42,67.60,70.42
80.06,80.06,31.50,66.51,71.29
78.07,78.07,31.36,69.06,71.80
81.95,81.95,37.83,64.97,69.90
80.80,80.80,50.07,66.76,70.12
75.79,75.79,61.10,69.44,73.99
75.93,75.93,66.38,67.25,73.05
68.79,68.79,63.03,66.72,75.24
74.39,74.39,57.10,65.97,71.80
78.94,78.94,54.43,63.94,73.79
79.50,79.50,51.13,64.04,68.77
77.16,77.16,51.01,62.74,71.87
75.57,75.57,59.11,67.42,68.53
75.63,75.63,60.42,70.22,69.34
75.91,75.91,53.09,67.56,68.89
70.53,70.53,51.31,69.44,70.23
64.06,64.06,40.25,62.57,69.31
61.81,61.81,51.35,60.40,69.56
61.06,61.06,61.49,66.88,66.18
66.04,66.04,77.21,72.00,67.02
70.66,70.66,78.01,74.35,67.42
80.34,80.34,68.71,72.80,62.39
83.12,83.12,63.16,70.67,64.36
80.35,80.35,59.96,67.58,65.80
69.16,69.16,60.07,70.87,64.06
58.74,58.74,58.80,65.09,61.90
53.03,53.03,55.05,69.96,65.36
45.42,45.42,45.02,67.21,64.18
45.89,45.89,43.19,67.60,64.00
49.76,49.76,41.89,71.12,61.97
47.63,47.63,49.20,72.11,62.43
47.55,47.55,49.25,65.03,56.41
57.05,57.05,55.26,62.09,64.09
70.85,70.85,75.28,68.40,64.82
76.52,76.52,70.94,70.35,66.49
75.24,75.24,61.92,67.55,66.49
73.03,73.03,58.00,72.25,66.19
72.52,72.52,53.80,69.65,65.93
72.76,72.76,50.71,72.37,66.36
73.57,73.57,47.18,73.82,67.21
74.09,74.09,45.17,72.49,65.10
74.43,74.43,43.65,72.27,64.47
72.78,72.78,42.88,70.89,62.66
73.59,73.59,41.56,72.08,62.98
78.30,78.30,42.16,69.65,64.56
77.35,77.35,48.40,64.76,60.97
76.86,76.86,60.57,64.51,65.83
75.12,75.12,72.02,62.98,69.94
73.37,73.37,76.78,70.25,69.88
72.95,72.95,72.19,72.94,69.73
73.33,73.33,67.45,72.49,70.21
72.11,72.11,60.09,68.00,67.98
72.02,72.02,54.63,68.68,67.91
72.21,72.21,52.01,67.66,66.31
71.42,71.42,49.46,69.35,68.61
71.74,71.74,45.94,68.45,64.59
72.57,72.57,41.76,67.44,66.85
70.93,70.93,37.24,70.28,67.42
71.06,71.06,31.33,70.61,68.16
67.49,67.49,35.35,70.19,66.51
67.87,67.87,42.40,69.79,69.70
67.21,67.21,60.09,69.13,65.97
62.50,62.50,61.46,67.72,66.54
59.16,59.16,62.86,69.36,68.01
62.80,62.80,57.56,66.67,67.34
62.84,62.84,54.58,65.34,63.71
62.70,62.70,51.61,68.16,64.22
57.83,57.83,48.78,66.72,64.16
58.00,58.00,47.19,66.41,61.56
49.55,49.55,44.31,65.53,64.15
45.13,45.13,43.09,68.68,62.00
44.11,44.11,39.95,69.35,62.61
45.65,45.65,42.22,66.04,61.62
43.63,43.63,53.81,66.34,59.05
34.23,34.23,65.45,63.01,59.47
23.85,23.85,77.42,65.17,64.42
18.10,18.10,75.88,69.21,65.84
26.55,26.55,69.86,67.56,65.66
35.65,35.65,65.42,68.95,63.73
36.53,36.53,59.01,66.47,64.39
38.87,38.87,52.56,66.11,57.96
36.85,36.85,48.14,56.80,52.17
36.13,36.13,42.56,56.75,54.86
33.03,33.03,38.62,51.74,51.97
35.39,35.39,40.31,50.02,51.01
35.28,35.28,40.83,50.36,48.38
33.87,33.87,38.04,49.12,45.77
34.37,34.37,38.87,48.94,46.10
45.36,45.36,52.15,59.34,54.27
60.63,60.63,67.22,64.66,62.45
64.26,64.26,71.58,71.92,63.49
73.78,73.78,60.02,73.61,69.89
74.25,74.25,61.91,74.92,68.33
69.33,69.33,55.55,75.11,68.80
71.52,71.52,52.51,74.29,70.04
69.48,69.48,45.39,71.37,72.98
70.60,70.60,44.62,72.61,69.34
71.89,71.89,35.62,73.37,70.35
71.74,71.74,35.86,71.17,70.07
73.12,73.12,26.63,68.75,70.39
75.25,75.25,37.27,66.58,71.28
78.37,78.37,47.36,59.80,71.31
76.10,76.10,56.69,60.90,72.53
74.29,74.29,69.04,65.41,69.08
76.68,76.68,76.14,66.83,70.24
76.91,76.91,65.67,67.34,70.00
77.75,77.75,63.97,71.01,70.62
75.49,75.49,53.44,72.66,68.76
75.84,75.84,57.11,72.49,70.34
77.72,77.72,48.22,71.74,69.55
76.99,76.99,50.74,72.13,72.05
76.49,76.49,35.46,71.51,70.67
69.20,69.20,35.12,73.38,71.48
62.10,62.10,37.18,72.98,71.43
58.74,58.74,36.08,72.71,70.54
60.72,60.72,36.44,72.34,67.79
68.02,68.02,48.49,72.36,70.38
70.28,70.28,56.99,71.07,70.48
67.65,67.65,59.76,71.16,71.27
64.66,64.66,59.14,68.88,70.19
68.66,68.66,53.91,70.01,68.52
80.08,80.08,50.67,69.47,72.62
73.88,73.88,48.98,70.17,68.23
71.52,71.52,45.38,68.87,71.05
74.19,74.19,43.93,68.09,67.57
76.35,76.35,41.36,67.65,68.81
77.29,77.29,38.58,69.54,65.13
79.39,79.39,39.51,69.81,66.61
79.31,79.31,47.73,70.54,64.56
78.86,78.86,57.95,68.37,63.21
76.94,76.94,70.50,68.59,67.71
76.28,76.28,78.94,68.34,68.45
78.04,78.04,75.42,65.20,66.22
78.81,78.81,71.54,67.35,66.73
80.74,80.74,67.19,66.56,59.65
79.85,79.85,59.80,66.96,58.57
76.29,76.29,61.68,66.41,58.95
76.26,76.26,54.40,60.85,58.16
80.09,80.09,54.63,46.26,54.68
77.31,77.31,52.40,47.07,52.99
71.24,71.24,49.60,41.99,52.86
69.40,69.40,43.29,35.24,50.20
72.68,72.68,40.00,44.30,54.12
64.00,64.00,54.61,59.17,55.52
60.06,60.06,62.37,68.19,66.00
63.64,63.64,72.24,71.13,69.23
74.30,74.30,65.62,73.00,68.74
79.75,79.75,61.55,76.58,69.00
78.43,78.43,55.93,75.40,67.97
78.46,78.46,49.45,73.90,68.62
74.40,74.40,48.72,74.16,66.86
70.57,70.57,45.46,72.43,66.34
76.45,76.45,41.26,73.55,66.02
76.84,76.84,37.27,69.89,66.30
72.84,72.84,36.37,70.88,66.29
74.28,74.28,34.86,69.64,66.80
73.38,73.38,47.13,69.40,64.68
75.52,75.52,56.31,64.24,65.81
74.59,74.59,63.93,66.28,63.71
74.29,74.29,75.40,69.49,72.80
70.88,70.88,72.44,69.98,71.12
71.70,71.70,67.20,69.81,65.91
69.47,69.47,61.22,71.18,67.32
71.26,71.26,58.54,74.58,66.24
68.97,68.97,55.66,73.61,68.15
68.37,68.37,53.18,72.17,67.01
65.85,65.85,50.97,71.46,68.28
69.41,69.41,45.54,69.72,64.76
67.71,67.71,37.73,71.16,67.72
66.80,66.80,35.29,69.50,65.73
60.46,60.46,39.44,69.04,69.18
63.99,63.99,46.50,71.60,65.05
62.58,62.58,60.07,70.40,67.62
56.14,56.14,64.40,71.30,65.68
50.21,50.21,61.37,70.51,67.96
51.66,51.66,60.32,72.24,65.80
48.46,48.46,57.14,71.29,63.15
50.47,50.47,54.19,71.04,63.86
51.59,51.59,51.61,69.31,60.92
52.00,52.00,49.04,66.73,65.59
50.83,50.83,47.73,71.53,61.47
46.61,46.61,45.54,70.82,66.10
46.17,46.17,43.59,72.70,58.31
43.45,43.45,43.75,71.65,65.17
39.11,39.11,44.74,71.92,58.87
35.36,35.36,57.48,70.76,61.53
34.29,34.29,71.57,71.11,63.13
34.53,34.53,79.05,71.20,67.24
36.68,36.68,74.68,70.97,65.58
38.31,38.31,67.21,71.38,65.40
36.76,36.76,62.75,71.43,62.27
36.34,36.34,56.42,70.12,62.62
37.42,37.42,50.03,64.89,60.99
36.31,36.31,46.55,56.92,59.02
36.31,36.31,43.89,56.39,59.30
34.60,34.60,46.50,56.30,58.09
35.10,35.10,44.66,55.64,58.44
34.20,34.20,44.49,53.69,57.62
33.34,33.34,44.28,49.96,56.85
28.09,28.09,52.92,44.61,57.01
18.64,18.64,67.85,57.85,64.33
20.03,20.03,77.87,68.45,67.60
26.33,26.33,70.02,67.40,63.25
35.22,35.22,60.63,70.19,62.50
41.23,41.23,59.40,70.23,62.00
48.48,48.48,53.79,72.64,62.58
59.52,59.52,41.08,70.54,62.74
64.21,64.21,42.86,71.37,59.25
71.80,71.80,37.95,69.44,59.13
68.27,68.27,36.48,68.34,55.57
71.12,71.12,31.66,71.90,55.56
71.80,71.80,38.23,71.61,54.93
74.78,74.78,45.81,65.21,56.77
75.36,75.36,58.08,57.19,57.79
76.20,76.20,66.77,62.89,69.92
74.58,74.58,70.17,67.14,65.68
76.60,76.60,62.11,64.57,68.57
77.78,77.78,61.86,70.35,68.68
75.38,75.38,55.23,69.25,67.63
77.82,77.82,57.31,73.37,65.09
77.66,77.66,39.26,67.39,67.99
77.76,77.76,44.32,69.20,66.64
73.87,73.87,40.85,71.34,64.32
76.33,76.33,38.66,72.46,64.28
80.63,80.63,34.14,73.13,64.90
83.02,83.02,34.83,72.73,63.31
83.74,83.74,39.78,71.78,62.60
82.04,82.04,51.03,70.81,62.98
77.12,77.12,63.99,68.96,65.34
77.54,77.54,66.32,68.80,71.68
79.75,79.75,62.47,68.37,66.83
78.88,78.88,59.48,69.35,70.77
73.93,73.93,57.20,71.03,69.53
71.90,71.90,55.25,71.05,70.35
71.42,71.42,53.89,70.34,68.74
73.57,73.57,52.78,71.34,70.08
76.78,76.78,49.87,70.27,69.08
75.84,75.84,46.03,71.32,69.37
76.33,76.33,41.96,70.94,70.01
70.95,70.95,41.71,71.68,65.23
70.44,70.44,51.83,71.16,61.62
69.30,69.30,60.61,70.12,63.34
72.45,72.45,69.42,70.72,63.15
71.48,71.48,79.83,73.11,65.78
73.43,73.43,72.82,68.34,61.89
76.42,76.42,70.31,67.70,58.68
77.48,77.48,63.29,68.07,59.30
78.44,78.44,55.53,69.95,58.16
77.00,77.00,54.42,70.49,51.53
76.68,76.68,49.49,69.31,50.47
74.61,74.61,42.50,68.10,50.75
76.14,76.14,39.34,68.48,52.11
76.80,76.80,38.47,58.48,52.20
76.21,76.21,42.83,56.06,50.65
74.00,74.00,47.23,53.45,47.17
75.27,75.27,56.15,55.34,51.34
74.45,74.45,69.15,65.06,65.93
79.06,79.06,68.60,72.04,70.85
80.09,80.09,59.03,71.11,65.46
75.65,75.65,54.26,68.93,65.99
72.26,72.26,45.81,65.62,67.31
81.77,81.77,44.01,69.03,63.75
78.58,78.58,37.11,70.97,63.75
80.99,80.99,36.43,71.90,63.51
77.52,77.52,34.95,72.04,63.28
77.94,77.94,25.85,71.59,61.32
79.70,79.70,23.55,70.79,63.41
79.41,79.41,31.33,64.45,58.67
75.20,75.20,49.60,60.58,58.08
81.05,81.05,57.88,58.91,58.77
78.89,78.89,74.65,65.20,67.01
75.50,75.50,76.38,70.09,66.30
72.04,72.04,69.12,71.10,66.33
63.82,63.82,61.63,72.97,67.71
53.43,53.43,57.37,71.30,65.29
49.87,49.87,56.61,69.70,63.69
47.85,47.85,53.04,68.59,63.63
46.35,46.35,47.96,67.42,64.73
44.68,44.68,43.22,67.83,64.59
44.96,44.96,38.47,69.62,62.73
44.08,44.08,31.22,71.09,62.66
43.10,43.10,34.30,70.34,62.63
45.26,45.26,38.81,68.96,61.26
48.72,48.72,51.09,69.64,61.98
58.36,58.36,63.37,70.36,62.75
61.27,61.27,64.41,70.89,62.98
64.94,64.94,60.26,71.61,64.23
64.84,64.84,56.24,70.40,61.19
66.79,66.79,51.05,70.69,60.11
66.66,66.66,46.77,71.04,60.45
67.53,67.53,43.39,71.55,60.10
64.03,64.03,37.42,71.94,58.18
59.51,59.51,37.04,71.62,56.02
52.37,52.37,36.23,71.54,56.06
49.96,49.96,36.93,70.70,53.29
52.88,52.88,41.96,69.78,50.16
63.07,63.07,55.28,70.97,56.09
72.73,72.73,67.14,71.25,62.83
73.72,73.72,78.54,67.24,70.33
76.65,76.65,75.29,67.38,67.16
74.10,74.10,69.26,70.40,66.68
77.28,77.28,62.89,69.79,70.40
73.81,73.81,57.91,70.40,67.38
65.89,65.89,50.79,60.89,64.26
58.11,58.11,44.61,62.24,60.34
50.39,50.39,41.88,61.97,57.86
48.73,48.73,38.84,55.89,50.56
55.85,55.85,38.67,54.68,47.50
63.59,63.59,40.37,49.25,41.56
69.55,69.55,47.70,47.28,43.56
70.43,70.43,51.54,47.12,42.72
67.17,67.17,60.52,52.93,52.52
66.28,66.28,73.31,64.35,63.65
70.64,70.64,63.95,70.01,64.40
71.96,71.96,59.70,67.29,67.63
74.68,74.68,59.36,69.81,65.35
73.97,73.97,54.01,71.26,63.28
69.77,69.77,44.59,66.63,63.17
71.70,71.70,43.40,69.34,62.46
73.60,73.60,41.26,68.94,62.98
73.25,73.25,35.25,64.94,58.92
74.01,74.01,38.87,69.64,60.82
72.53,72.53,39.99,68.21,59.32
71.54,71.54,44.71,68.11,54.78
74.17,74.17,54.57,58.93,59.60
74.19,74.19,61.54,61.65,65.84
61.74,61.74,75.97,68.25,70.67
68.35,68.35,73.75,71.49,71.81
72.05,72.05,69.39,70.30,69.06
72.41,72.41,60.37,71.94,66.78
74.28,74.28,59.39,71.63,65.88
74.34,74.34,46.57,70.00,65.83
74.21,74.21,44.81,73.38,64.70
68.47,68.47,47.44,69.48,62.35
69.80,69.80,38.07,70.04,62.07
68.56,68.56,39.19,70.50,61.60
66.00,66.00,42.25,65.76,62.74
64.15,64.15,42.53,70.52,62.94
65.92,65.92,42.61,68.76,61.86
68.34,68.34,55.09,67.86,65.73
70.47,70.47,67.43,69.48,65.23
72.16,72.16,62.95,66.08,68.11
73.51,73.51,61.07,67.24,66.13
73.04,73.04,56.81,67.40,66.33
73.97,73.97,53.81,64.03,67.31
73.74,73.74,50.56,68.76,65.67
74.87,74.87,49.34,68.87,65.35
72.75,72.75,45.69,67.38,62.33
75.69,75.69,39.17,71.05,63.35
74.57,74.57,36.51,69.23,63.95
76.16,76.16,42.53,68.47,60.29
74.13,74.13,52.08,70.87,59.97
76.28,76.28,61.75,66.90,58.88
69.27,69.27,72.01,65.67,61.16
63.04,63.04,79.42,68.50,65.54
58.04,58.04,70.26,63.26,63.16
56.57,56.57,67.97,66.18,65.15
54.46,54.46,65.06,67.84,72.88
49.10,49.10,56.49,64.65,72.85
44.73,44.73,50.95,54.28,72.93
42.87,42.87,52.12,58.30,73.29
42.55,42.55,47.93,55.60,71.89
43.78,43.78,45.95,50.54,72.70
43.72,43.72,43.67,46.96,69.39
41.25,41.25,46.24,46.02,71.53
39.69,39.69,51.38,53.10,69.84
41.51,41.51,56.19,58.21,68.80
40.39,40.39,71.36,70.25,69.47
37.21,37.21,74.31,73.91,72.36
34.48,34.48,66.04,72.48,71.35
39.14,39.14,59.69,69.98,71.57
37.18,37.18,58.40,67.32,75.65
33.89,33.89,54.66,67.79,75.01
33.23,33.23,48.83,70.33,75.09
29.07,29.07,44.38,72.07,74.26
26.37,26.37,39.74,71.17,75.19
25.45,25.45,38.90,71.35,74.35
27.75,27.75,32.03,71.01,73.24
29.79,29.79,41.39,72.58,73.51
23.30,23.30,43.47,68.93,73.09
21.48,21.48,57.93,65.86,71.74
17.94,17.94,68.92,67.88,73.21
11.96,11.96,74.20,67.05,72.05
14.71,14.71,70.46,72.62,71.40
17.56,17.56,62.02,73.43,70.98
20.81,20.81,59.51,73.39,69.73
23.04,23.04,58.16,71.81,70.20
20.81,20.81,55.20,71.72,70.04
20.52,20.52,52.33,71.92,69.43
21.46,21.46,47.92,71.72,69.14
25.10,25.10,42.58,71.98,68.54
25.78,25.78,37.87,70.58,66.35
27.05,27.05,34.20,70.27,59.82
24.48,24.48,37.55,69.41,58.34
19.59,19.59,47.56,67.94,58.06
9.67,9.67,58.72,69.46,60.32
15.28,15.28,67.05,70.08,62.82
11.84,11.84,64.40,70.05,68.95
16.75,16.75,60.76,68.98,74.01
19.98,19.98,59.51,69.75,73.78
21.50,21.50,58.99,69.65,74.80
22.62,22.62,57.52,70.18,74.30
22.77,22.77,56.02,70.13,73.46
24.21,24.21,53.70,69.01,73.16
22.34,22.34,52.61,68.16,73.43
25.35,25.35,50.73,68.88,74.12
22.58,22.58,51.07,67.25,71.96
15.18,15.18,57.10,69.23,68.86
16.48,16.48,68.14,70.17,64.36
16.59,16.59,79.34,72.55,69.03
15.34,15.34,74.78,69.87,65.29
10.17,10.17,70.15,67.19,68.80
10.88,10.88,64.46,67.52,65.53
14.03,14.03,59.65,67.03,65.60
23.24,23.24,54.25,65.86,64.27
23.60,23.60,50.12,62.13,64.25
28.56,28.56,45.51,61.23,64.58
28.34,28.34,43.68,61.27,64.08
32.15,32.15,42.40,53.65,64.87
32.07,32.07,39.30,59.51,65.04
26.13,26.13,41.38,53.96,64.21
22.74,22.74,46.79,54.87,63.64
19.74,19.74,59.23,55.67,65.21
17.18,17.18,74.65,67.55,66.63
17.19,17.19,71.01,69.86,66.87
23.41,23.41,65.14,70.86,72.55
24.61,24.61,57.11,70.03,74.29
22.04,22.04,57.94,70.13,74.47
22.51,22.51,52.01,69.18,74.78
21.73,21.73,45.50,70.43,75.26
24.51,24.51,43.41,66.93,75.15
24.78,24.78,38.20,68.16,74.93
27.71,27.71,36.69,69.63,71.57
23.48,23.48,36.70,68.27,70.16
23.95,23.95,45.99,56.61,67.60
16.76,16.76,53.69,53.10,63.54
8.28,8.28,62.63,56.07,63.13
8.11,8.11,75.11,68.14,67.25
8.93,8.93,76.36,68.62,67.44
10.50,10.50,70.42,69.48,64.91
16.09,16.09,68.67,72.02,66.50
19.85,19.85,59.17,72.49,62.97
24.40,24.40,56.23,74.67,66.93
27.26,27.26,47.14,75.30,65.06
27.60,27.60,51.50,71.67,64.06
30.61,30.61,44.68,73.15,62.82
31.49,31.49,41.36,70.87,60.57
31.41,31.41,39.69,68.39,59.02
27.69,27.69,41.27,71.47,58.52
22.05,22.05,49.84,68.27,61.99
22.28,22.28,63.05,66.54,69.25
17.71,17.71,62.77,72.28,76.09
14.85,14.85,61.15,71.72,77.93
21.86,21.86,59.85,73.67,77.29
22.44,22.44,58.42,72.26,76.28
20.43,20.43,56.00,71.37,76.18
17.30,17.30,53.90,72.57,75.35
12.37,12.37,53.90,69.47,73.39
5.94,5.94,53.45,70.44,72.10
5.11,5.11,53.25,70.93,74.35
10.16,10.16,52.06,71.07,72.95
12.89,12.89,52.52,69.48,69.18
7.65,7.65,54.50,66.34,66.83
5.52,5.52,61.39,62.85,64.77
13.24,13.24,72.73,63.73,65.76
15.65,15.65,73.82,61.43,62.36
8.27,8.27,68.52,71.30,63.73
5.96,5.96,64.44,69.42,64.50
8.27,8.27,61.09,71.72,64.63
14.09,14.09,56.15,72.17,65.26
20.39,20.39,48.62,69.23,66.01
25.86,25.86,45.70,70.36,65.88
26.97,26.97,46.85,69.73,65.30
25.52,25.52,42.71,70.38,62.43
31.60,31.60,42.31,70.53,57.87
27.04,27.04,42.65,68.56,59.38
25.26,25.26,52.42,65.73,56.86
15.01,15.01,60.96,60.91,57.52
13.79,13.79,75.08,64.61,63.13
17.21,17.21,77.24,70.71,65.01
19.40,19.40,70.50,72.43,64.39
26.44,26.44,65.17,72.47,66.18
26.61,26.61,60.15,70.78,60.93
30.03,30.03,61.41,69.30,61.52
30.65,30.65,54.60,71.28,60.80
26.75,26.75,53.21,71.72,57.54
30.71,30.71,48.87,70.37,57.27
30.32,30.32,43.32,71.85,54.29
31.69,31.69,41.15,69.66,54.33
33.13,33.13,39.44,69.55,55.76
33.07,33.07,55.29,68.28,63.24
20.13,20.13,62.35,63.67,72.68
13.27,13.27,68.02,63.83,74.25
6.46,6.46,74.15,70.61,77.65
9.71,9.71,66.36,71.62,77.59
17.28,17.28,63.89,71.92,75.05
19.44,19.44,60.38,71.38,74.00
21.20,21.20,62.25,69.14,76.44
21.72,21.72,51.91,68.15,76.27
23.43,23.43,51.39,67.37,74.97
22.81,22.81,50.23,66.16,74.98
25.38,25.38,49.36,67.71,75.89
26.93,26.93,47.68,71.43,75.41
27.02,27.02,47.64,68.61,74.39
26.17,26.17,47.14,67.61,75.12
22.46,22.46,49.20,70.45,73.93
16.77,16.77,58.47,71.37,72.41
15.68,15.68,64.20,71.72,72.46
18.97,18.97,62.04,72.26,71.23
24.23,24.23,58.94,70.74,70.30
29.37,29.37,56.80,70.98,70.05
31.07,31.07,54.83,69.99,68.01
34.12,34.12,54.54,70.80,68.23
35.35,35.35,51.13,68.34,66.02
35.65,35.65,50.02,68.26,66.56
38.10,38.10,48.65,69.27,65.83
36.63,36.63,46.60,69.11,65.11
37.25,37.25,44.80,68.63,63.67
35.10,35.10,48.47,68.49,64.06
37.50,37.50,58.19,70.10,66.38
26.06,26.06,65.91,70.28,67.53
21.92,21.92,78.81,65.92,75.39
26.99,26.99,74.65,68.51,73.17
34.28,34.28,67.14,70.16,68.59
35.16,35.16,64.12,64.80,65.93
34.49,34.49,57.97,61.12,65.65
33.77,33.77,51.02,66.49,60.47
30.74,30.74,47.78,62.26,62.79
33.22,33.22,45.71,57.84,63.87
33.11,33.11,43.83,50.32,64.59
39.55,39.55,43.12,50.95,65.13
46.39,46.39,41.92,44.91,64.14
53.12,53.12,44.76,49.65,61.99
64.37,64.37,54.69,55.92,58.63
77.87,77.87,68.13,68.88,57.08
75.78,75.78,76.68,71.71,62.49
75.55,75.55,68.11,71.29,61.33
75.97,75.97,57.57,72.54,58.77
76.53,76.53,55.90,73.51,60.69
77.80,77.80,47.28,72.50,58.46
75.02,75.02,40.01,72.51,53.86
77.95,77.95,42.48,72.59,50.87
74.71,74.71,37.56,73.22,48.11
72.89,72.89,37.82,72.22,50.53
74.49,74.49,36.45,73.67,51.54
74.06,74.06,35.42,72.54,53.19
72.46,72.46,49.16,71.48,54.62
78.19,78.19,58.04,67.84,57.85
80.05,80.05,67.07,63.23,62.21
81.45,81.45,77.12,69.16,62.93
80.32,80.32,74.11,72.53,62.93
79.88,79.88,67.41,75.46,60.98
77.20,77.20,55.28,73.98,60.63
73.99,73.99,55.29,73.26,59.38
78.08,78.08,44.50,71.00,58.93
77.47,77.47,41.57,73.49,61.62
74.13,74.13,39.21,73.23,59.45
77.37,77.37,36.72,73.89,58.90
77.59,77.59,37.18,72.24,60.36
70.95,70.95,37.65,73.04,61.13
71.95,71.95,46.34,73.50,60.51
69.20,69.20,54.24,72.11,60.36
60.18,60.18,59.88,70.84,62.81
63.19,63.19,68.52,69.19,64.16
76.25,76.25,64.36,68.92,67.22
79.84,79.84,65.35,69.27,67.92
77.89,77.89,63.19,69.73,69.33
81.47,81.47,62.76,66.42,68.14
81.77,81.77,59.63,66.07,67.47
77.90,77.90,59.02,68.81,65.99
79.27,79.27,57.88,69.44,67.11
78.95,78.95,56.52,66.10,66.03
77.07,77.07,53.56,66.52,64.53
78.39,78.39,51.63,69.98,62.49
77.12,77.12,52.58,68.81,57.33
78.12,78.12,61.54,67.53,57.60
80.45,80.45,73.55,69.43,63.38
76.15,76.15,76.14,68.97,63.00
58.65,58.65,69.57,65.47,59.36
59.05,59.05,64.89,64.47,58.54
58.60,58.60,63.34,66.55,59.38
57.15,57.15,58.01,60.88,57.38
57.02,57.02,51.93,54.47,58.19
52.99,52.99,52.79,52.97,61.32
53.88,53.88,47.91,46.46,49.67
52.45,52.45,46.52,40.96,48.91
47.85,47.85,46.71,39.49,42.31
44.89,44.89,42.56,31.26,42.55
47.02,47.02,45.47,37.44,48.07
60.96,60.96,57.59,46.81,63.10
67.82,67.82,68.10,59.32,67.21
69.18,69.18,72.99,67.47,67.17
76.29,76.29,68.07,68.57,69.16
78.84,78.84,64.62,71.48,68.93
77.86,77.86,61.44,71.67,70.09
76.14,76.14,57.32,71.75,67.69
77.19,77.19,53.58,73.20,67.85
76.97,76.97,51.44,72.63,66.56
77.34,77.34,51.44,71.87,67.40
77.52,77.52,50.60,71.74,64.70
78.54,78.54,47.87,70.48,63.47
79.14,79.14,49.33,69.64,63.73
79.53,79.53,51.25,64.77,65.83
77.98,77.98,61.60,66.84,68.89
78.98,78.98,72.82,68.12,69.89
76.85,76.85,78.63,74.91,73.57
81.73,81.73,70.44,74.31,70.24
69.96,69.96,67.49,75.79,70.95
62.67,62.67,51.69,71.08,71.22
59.11,59.11,45.37,68.05,71.74
56.21,56.21,46.79,71.76,73.30
52.94,52.94,47.01,69.41,70.01
58.38,58.38,37.60,69.97,67.27
61.41,61.41,35.07,67.86,69.36
60.63,60.63,39.35,68.65,68.22
56.00,56.00,40.04,63.08,71.38
50.58,50.58,38.06,68.84,71.55
50.25,50.25,46.21,69.80,69.67
61.01,61.01,58.14,68.86,70.56
74.52,74.52,63.18,66.37,68.56
82.11,82.11,63.22,63.04,68.81
81.22,81.22,58.44,68.14,69.88
79.65,79.65,54.36,65.10,66.03
75.89,75.89,52.12,71.03,67.65
74.86,74.86,51.93,68.19,67.40
75.17,75.17,49.69,71.56,68.59
76.99,76.99,50.12,69.12,66.39
78.57,78.57,48.76,69.77,67.64
78.37,78.37,47.31,69.30,67.47
78.52,78.52,49.63,69.74,65.36
78.99,78.99,55.63,68.93,63.17
78.70,78.70,66.11,68.05,64.37
78.25,78.25,79.37,69.43,68.77
77.35,77.35,73.96,67.27,67.37
78.28,78.28,66.85,67.38,64.88
79.23,79.23,61.98,63.28,68.06
79.08,79.08,57.33,56.55,68.77
79.41,79.41,52.88,49.52,67.60
75.92,75.92,52.58,40.57,65.37
66.74,66.74,47.84,40.46,64.07
59.34,59.34,40.25,32.00,63.85
49.97,49.97,39.56,27.36,63.89
50.27,50.27,38.47,22.26,63.20
56.07,56.07,37.64,29.38,63.34
58.13,58.13,42.79,47.29,62.45
69.41,69.41,59.12,55.90,61.40
75.07,75.07,73.45,68.12,64.75
74.00,74.00,66.08,72.57,68.09
74.42,74.42,61.19,66.63,64.59
77.15,77.15,60.06,74.30,68.40
77.10,77.10,59.09,74.25,64.10
76.96,76.96,47.22,73.85,65.14
76.40,76.40,40.85,70.44,62.79
75.42,75.42,41.89,69.55,62.06
78.46,78.46,41.69,69.90,61.88
78.08,78.08,39.40,71.66,61.40
77.34,77.34,39.12,70.97,62.06
73.47,73.47,42.08,68.48,60.59
72.69,72.69,52.65,63.40,59.47
74.57,74.57,59.66,63.32,60.47
72.32,72.32,74.63,66.72,64.06
71.52,71.52,75.72,71.32,69.33
71.07,71.07,67.44,72.23,67.04
73.03,73.03,62.45,72.73,68.02
72.71,72.71,48.78,71.60,68.57
69.16,69.16,52.40,71.76,68.50
69.25,69.25,44.53,68.62,68.10
68.72,68.72,42.66,70.38,68.73
65.22,65.22,40.85,69.48,68.06
61.61,61.61,41.89,67.81,68.30
61.69,61.69,40.99,67.72,67.54
60.69,60.69,39.33,67.69,66.33
54.77,54.77,47.11,67.82,64.02
47.25,47.25,53.29,68.14,62.90
48.58,48.58,65.15,69.92,64.69
47.31,47.31,66.23,63.22,67.40
44.43,44.43,63.13,70.07,69.97
45.68,45.68,60.90,68.64,70.00
41.35,41.35,58.29,72.08,69.98
43.94,43.94,55.62,64.74,68.68
40.16,40.16,54.28,70.98,67.83
40.67,40.67,52.90,67.07,66.28
43.56,43.56,52.10,70.30,65.09
44.17,44.17,49.51,70.19,65.04
41.28,41.28,48.31,71.14,64.28
40.45,40.45,49.55,70.73,61.49
39.55,39.55,58.49,68.86,59.41
40.24,40.24,66.45,67.03,63.57
42.77,42.77,80.75,62.99,66.86
39.29,39.29,75.81,62.06,59.91
42.42,42.42,66.64,60.32,57.02
39.29,39.29,63.48,56.61,58.63
42.16,42.16,59.67,53.06,54.66
42.43,42.43,51.33,49.36,50.19
48.43,48.43,52.21,51.86,48.40
42.91,42.91,48.58,50.22,49.55
37.88,37.88,38.23,40.29,49.92
38.68,38.68,42.92,50.00,49.53
40.02,40.02,39.97,52.52,52.46
35.62,35.62,39.82,37.77,43.38
31.65,31.65,57.02,53.80,49.12
29.11,29.11,72.66,67.90,62.35
21.76,21.76,71.72,71.82,68.67
28.69,28.69,66.38,73.18,68.44
31.97,31.97,56.66,73.34,69.01
29.64,29.64,53.24,71.73,67.84
32.20,32.20,51.66,71.17,68.58
31.79,31.79,46.61,71.48,69.38
42.59,42.59,40.46,72.23,67.32
50.82,50.82,42.77,73.26,69.30
57.75,57.75,37.10,73.10,66.81
66.42,66.42,35.46,70.86,63.85
73.14,73.14,35.36,70.66,63.06
81.23,81.23,43.62,71.36,64.55
75.95,75.95,52.89,70.28,64.73
77.88,77.88,65.51,71.81,70.54
78.85,78.85,77.29,73.25,69.87
78.22,78.22,71.62,69.28,68.00
79.01,79.01,63.52,70.92,67.32
79.82,79.82,56.63,67.76,69.63
78.60,78.60,57.62,71.36,70.77
79.44,79.44,56.18,69.80,71.07
77.72,77.72,49.97,67.83,73.69
80.44,80.44,46.24,70.02,71.30
80.07,80.07,40.35,66.56,73.14
78.53,78.53,40.67,69.02,71.44
68.74,68.74,38.06,71.46,72.57
61.42,61.42,43.76,66.41,70.53
62.32,62.32,53.56,70.59,72.70
62.70,62.70,61.60,69.10,68.59
65.15,65.15,66.67,68.37,70.88
62.82,62.82,65.92,68.83,70.05
60.72,60.72,62.88,65.30,71.36
64.98,64.98,60.15,69.47,72.98
60.07,60.07,56.85,67.63,72.75
66.72,66.72,53.73,66.86,71.08
72.96,72.96,50.58,69.74,67.93
76.64,76.64,49.83,66.42,69.13
76.94,76.94,49.60,69.35,70.50
78.22,78.22,48.19,68.06,72.31
77.38,77.38,48.64,67.86,71.26
77.53,77.53,51.10,69.84,71.83
79.84,79.84,58.86,66.88,70.83
80.32,80.32,70.44,66.85,71.96
79.12,79.12,77.56,68.17,74.46
78.72,78.72,71.47,68.77,72.23
76.35,76.35,67.24,66.31,70.76
77.78,77.78,63.94,60.99,71.50
77.00,77.00,59.13,57.23,70.15
73.73,73.73,54.14,55.31,70.16
75.95,75.95,49.67,40.41,69.37
80.94,80.94,43.94,43.07,69.87
76.55,76.55,40.52,41.53,70.54
80.12,80.12,38.99,40.68,69.41
80.17,80.17,39.92,33.08,70.42
81.95,81.95,44.20,38.30,68.21
82.86,82.86,56.95,49.81,68.24
81.27,81.27,69.16,64.29,69.43
75.42,75.42,74.44,69.94,65.23
79.46,79.46,67.93,68.64,70.41
82.29,82.29,62.20,71.45,68.04
81.96,81.96,55.22,70.44,70.27
76.53,76.53,51.59,68.44,68.95
76.37,76.37,49.93,72.11,67.22
82.07,82.07,47.71,67.73,69.20
80.98,80.98,43.79,68.76,65.71
76.09,76.09,39.56,69.47,69.21
75.80,75.80,41.88,63.38,68.72
76.95,76.95,47.93,61.47,69.55
75.94,75.94,55.83,57.17,68.09
77.21,77.21,63.40,58.81,69.63
77.98,77.98,69.67,63.06,71.87
77.53,77.53,74.80,69.94,71.24
70.04,70.04,66.71,69.35,71.23
69.72,69.72,64.95,67.65,69.90
69.15,69.15,59.58,71.37,72.38
67.81,67.81,50.28,69.59,68.95
70.17,70.17,48.05,72.08,71.99
74.56,74.56,47.75,69.13,68.54
66.63,66.63,41.45,70.79,68.14
57.62,57.62,38.30,71.24,71.35
54.82,54.82,38.42,67.37,68.47
53.54,53.54,38.24,70.00,70.29
68.72,68.72,49.57,66.76,67.66
73.42,73.42,56.45,66.03,69.74
69.85,69.85,59.79,66.57,68.58
71.69,71.69,61.26,63.34,68.59
81.58,81.58,60.99,67.53,71.46
82.99,82.99,59.29,66.56,69.23
83.22,83.22,57.63,64.25,68.94
81.92,81.92,56.05,68.04,68.71
80.28,80.28,55.53,63.22,67.81
76.55,76.55,54.95,66.41,66.32
72.66,72.66,54.34,68.64,65.59
72.72,72.72,51.24,62.95,68.35
76.53,76.53,49.40,63.82,66.07
79.47,79.47,52.43,63.94,60.74
80.83,80.83,57.99,66.03,59.40
81.12,81.12,70.08,68.95,63.31
81.08,81.08,77.25,66.09,65.51
80.94,80.94,73.96,62.47,63.74
81.47,81.47,66.60,61.29,63.58
81.77,81.77,59.97,67.75,59.95
82.34,82.34,54.29,59.44,59.92
82.05,82.05,51.59,65.16,57.41
78.34,78.34,47.63,57.93,59.71
67.50,67.50,46.32,50.87,60.53
58.98,58.98,44.83,56.33,58.08
59.64,59.64,46.16,62.01,54.53
57.47,57.47,45.10,53.05,52.28
56.44,56.44,45.30,53.33,47.13
61.67,61.67,55.11,56.05,54.03
64.98,64.98,67.68,60.89,64.90
69.58,69.58,70.91,69.25,65.58
77.68,77.68,65.60,73.95,70.34
83.34,83.34,60.20,73.11,67.79
80.16,80.16,55.09,76.43,68.07
74.41,74.41,51.67,75.37,66.48
77.90,77.90,50.63,76.97,66.73
80.43,80.43,47.57,75.11,65.56
80.45,80.45,46.66,74.74,67.07
81.11,81.11,45.33,75.02,64.77
77.05,77.05,43.87,72.41,65.67
80.23,80.23,43.61,76.14,65.39
80.76,80.76,50.21,73.64,70.38
79.62,79.62,58.19,70.37,68.77
82.24,82.24,66.56,67.95,66.89
78.18,78.18,76.84,65.18,69.11
78.35,78.35,74.94,70.94,72.71
81.84,81.84,68.10,71.04,71.79
80.48,80.48,61.45,71.20,75.38
75.38,75.38,46.78,72.20,71.89
78.22,78.22,47.68,73.05,73.03
79.71,79.71,43.39,73.63,75.57
79.22,79.22,38.12,73.07,70.57
75.27,75.27,35.02,73.91,74.45
74.17,74.17,31.35,72.46,75.53
72.83,72.83,37.66,73.03,69.65
70.07,70.07,51.37,72.60,74.43
74.58,74.58,57.74,73.81,71.83
78.70,78.70,64.92,71.31,69.84
73.83,73.83,68.31,74.19,73.92
74.11,74.11,66.16,74.71,71.63
72.75,72.75,63.61,73.59,73.59
73.34,73.34,61.89,75.45,70.44
73.19,73.19,59.49,74.67,66.78
77.78,77.78,58.41,75.31,67.69
79.23,79.23,54.27,76.29,69.95
79.25,79.25,52.64,74.53,68.21
76.08,76.08,51.45,75.88,68.14
74.63,74.63,49.87,74.57,66.57
75.58,75.58,49.93,75.23,65.92
74.29,74.29,54.97,75.36,66.77
72.95,72.95,66.01,75.70,68.52
72.13,72.13,80.90,75.53,70.98
71.13,71.13,77.02,72.52,71.85
71.01,71.01,69.20,72.40,70.12
72.52,72.52,66.01,63.02,69.95
72.57,72.57,57.79,58.19,67.21
72.44,72.44,53.58,59.52,63.28
72.23,72.23,49.73,42.08,63.40
67.58,67.58,44.84,44.24,65.68
65.01,65.01,38.03,48.83,68.57
58.63,58.63,35.48,43.11,69.67
52.77,52.77,39.33,37.25,70.08
49.55,49.55,46.18,36.29,69.92
50.92,50.92,53.82,44.26,69.40
54.34,54.34,63.56,58.57,68.18
57.61,57.61,76.48,69.40,67.15
64.07,64.07,68.63,77.02,67.63
73.39,73.39,64.44,75.17,66.57
75.49,75.49,58.71,74.12,64.31
72.32,72.32,53.19,74.85,62.16
70.70,70.70,50.72,72.02,64.95
72.43,72.43,46.65,71.46,66.07
73.98,73.98,42.33,69.27,64.43
79.42,79.42,40.04,72.66,58.84
76.39,76.39,36.86,73.80,56.44
74.72,74.72,38.93,71.31,58.81
74.15,74.15,49.77,72.80,64.87
76.26,76.26,60.55,71.24,67.69
75.29,75.29,65.01,70.51,69.58
69.93,69.93,73.89,69.31,69.77
71.01,71.01,71.89,69.45,68.14
67.16,67.16,63.60,70.94,69.75
64.93,64.93,57.61,74.28,69.44
63.58,63.58,54.62,70.67,69.37
66.71,66.71,52.56,72.69,68.71
67.49,67.49,49.04,74.25,66.28
66.99,66.99,41.67,75.18,64.75
71.75,71.75,43.93,76.70,65.26
68.49,68.49,43.78,74.78,64.09
68.16,68.16,46.96,76.11,67.63
72.29,72.29,48.08,76.24,66.78
71.98,71.98,52.80,74.98,68.78
65.60,65.60,64.79,75.83,68.69
52.15,52.15,68.94,73.70,70.00
44.10,44.10,64.93,74.79,67.37
41.23,41.23,63.57,73.07,69.31
43.35,43.35,63.01,73.95,69.85
44.24,44.24,61.01,73.53,67.36
44.17,44.17,59.79,70.90,69.73
45.55,45.55,58.92,66.38,74.04
43.00,43.00,58.24,70.83,70.48
41.56,41.56,56.75,70.94,71.70
44.48,44.48,56.12,70.05,70.77
47.26,47.26,55.44,69.48,67.58
48.82,48.82,57.17,66.74,64.47
48.27,48.27,60.79,68.68,63.40
65.78,65.78,73.88,65.79,68.46
74.92,74.92,74.09,70.35,69.01
81.37,81.37,70.85,65.95,67.05
75.06,75.06,64.10,63.49,66.09
67.26,67.26,61.13,64.11,64.83
60.93,60.93,58.40,63.80,67.35
61.36,61.36,56.64,55.71,64.31
62.77,62.77,53.17,52.39,65.37
64.35,64.35,50.85,51.58,66.18
61.09,61.09,44.06,46.62,65.45
69.06,69.06,43.57,47.56,67.42
68.27,68.27,46.03,48.65,65.47
69.66,69.66,53.88,56.80,64.93
67.45,67.45,66.84,63.61,67.32
63.51,63.51,73.47,70.90,69.07
66.11,66.11,67.21,73.25,68.80
70.14,70.14,56.28,75.23,68.31
71.07,71.07,54.68,74.74,68.27
73.82,73.82,53.01,73.46,67.19
74.39,74.39,52.65,73.72,67.49
76.99,76.99,48.81,72.86,67.87
73.38,73.38,43.99,72.79,65.92
71.24,71.24,43.93,72.09,66.40
67.36,67.36,47.48,71.80,65.78
61.01,61.01,38.87,71.86,65.96
60.52,60.52,45.92,71.51,65.31
63.21,63.21,55.32,69.19,66.51
72.09,72.09,63.38,68.28,68.99
78.95,78.95,74.04,71.98,74.96
79.85,79.85,71.29,73.70,77.72
82.16,82.16,63.00,72.48,77.45
77.31,77.31,60.04,77.17,76.85
81.79,81.79,50.60,74.34,77.28
73.43,73.43,52.91,71.88,76.99
78.99,78.99,47.81,70.70,76.75
75.15,75.15,45.73,72.04,76.71
79.19,79.19,45.73,70.68,76.74
78.16,78.16,42.31,68.69,76.45
72.35,72.35,41.81,70.63,76.12
76.48,76.48,41.53,71.54,69.14
75.23,75.23,45.87,73.34,66.63
73.19,73.19,53.59,68.12,64.26
68.25,68.25,69.04,71.08,67.71
69.08,69.08,68.62,70.68,69.99
72.63,72.63,64.06,74.92,67.64
76.13,76.13,62.50,69.05,63.04
75.87,75.87,61.42,72.68,62.90
77.15,77.15,59.54,74.94,63.36
76.07,76.07,57.93,72.37,62.41
74.03,74.03,57.00,75.85,62.99
76.32,76.32,55.24,73.32,62.40
74.73,74.73,53.11,73.57,61.72
75.12,75.12,50.92,75.77,62.39
77.09,77.09,52.23,73.59,62.51
76.85,76.85,59.61,74.84,63.75
76.35,76.35,71.35,74.21,67.55
76.40,76.40,77.28,73.82,69.03
75.90,75.90,72.39,73.14,68.32
77.38,77.38,67.26,70.17,64.46
76.68,76.68,62.98,67.73,64.40
77.03,77.03,57.31,64.31,60.01
77.71,77.71,54.98,59.78,58.42
74.77,74.77,51.98,51.14,59.07
79.21,79.21,47.12,45.63,54.60
79.98,79.98,44.01,49.99,53.57
73.73,73.73,41.90,46.97,54.81
75.65,75.65,44.33,38.11,53.52
76.44,76.44,55.46,40.30,51.07
74.08,74.08,60.07,54.11,47.48
75.15,75.15,74.67,62.51,56.95
73.84,73.84,72.21,70.18,55.84
75.10,75.10,67.97,74.60,56.77
77.46,77.46,59.56,78.51,57.11
77.03,77.03,53.93,77.98,54.66
74.97,74.97,52.25,76.54,55.00
73.62,73.62,47.46,75.13,52.32
72.57,72.57,44.51,74.66,55.15
73.80,73.80,38.11,75.34,51.78
71.85,71.85,34.61,72.39,50.21
75.30,75.30,34.69,73.75,50.03
77.44,77.44,40.35,72.89,54.67
74.14,74.14,55.90,72.68,58.27
73.08,73.08,64.83,74.54,64.67
71.68,71.68,72.70,70.98,68.95
70.60,70.60,75.01,72.97,68.65
70.24,70.24,67.39,68.46,68.08
68.62,68.62,57.25,74.06,65.30
69.52,69.52,54.14,75.24,65.73
69.67,69.67,51.53,72.30,65.35
70.27,70.27,49.43,72.62,66.87
71.12,71.12,44.08,70.59,65.81
69.84,69.84,40.81,71.44,63.16
69.07,69.07,36.99,71.19,64.15
66.62,66.62,38.61,72.57,61.20
65.63,65.63,39.82,69.86,62.83
66.08,66.08,44.13,71.36,61.96
61.66,61.66,54.06,72.35,65.48
60.09,60.09,67.30,71.64,68.51
52.09,52.09,69.79,72.82,70.54
52.83,52.83,65.98,69.37,69.44
50.72,50.72,64.17,70.36,71.63
47.88,47.88,62.82,72.04,68.91
48.68,48.68,61.63,71.21,68.45
45.02,45.02,59.78,73.12,68.89
43.68,43.68,59.03,71.83,66.87
44.09,44.09,58.46,73.17,69.92
43.25,43.25,57.57,71.84,68.14
45.37,45.37,56.81,73.58,66.21
44.96,44.96,55.38,72.56,62.65
40.66,40.66,56.68,72.03,62.68
38.44,38.44,63.82,75.42,64.04
43.05,43.05,74.33,72.29,71.65
39.58,39.58,77.21,70.00,74.41
40.04,40.04,70.43,62.71,76.49
41.11,41.11,63.18,57.07,76.03
39.89,39.89,62.05,54.71,76.55
39.47,39.47,55.41,53.48,75.98
38.26,38.26,51.35,54.43,74.46
36.40,36.40,51.29,44.90,72.65
33.69,33.69,52.80,49.65,73.11
33.41,33.41,54.66,53.01,73.83
33.69,33.69,51.47,47.56,72.98
35.71,35.71,50.49,46.97,73.84
38.76,38.76,58.43,48.81,70.88
46.72,46.72,65.14,58.35,68.05
58.92,58.92,72.14,68.85,74.45
66.93,66.93,71.60,74.38,75.40
69.40,69.40,64.09,70.66,74.90
68.76,68.76,61.41,74.69,73.23
66.59,66.59,56.95,74.98,72.24
68.72,68.72,55.91,72.00,70.52
68.33,68.33,54.94,74.00,70.58
67.25,67.25,55.03,75.13,71.02
57.39,57.39,53.01,74.27,71.66
46.78,46.78,50.52,73.90,71.35
48.16,48.16,49.31,73.32,70.40
61.54,61.54,50.35,72.81,70.66
64.18,64.18,58.98,69.26,69.67
65.95,65.95,64.47,69.73,69.24
74.70,74.70,74.03,65.66,70.16
75.19,75.19,73.49,69.24,67.88
79.72,79.72,68.74,70.10,65.75
83.76,83.76,62.70,73.93,66.98
78.37,78.37,54.65,74.30,66.56
83.33,83.33,52.89,72.03,67.41
77.60,77.60,48.85,71.18,67.20
76.22,76.22,47.30,69.76,67.22
79.74,79.74,44.40,71.75,67.39
81.55,81.55,44.14,69.92,68.34
81.93,81.93,43.99,71.21,68.50
81.01,81.01,51.01,68.98,67.42
80.60,80.60,55.62,69.86,68.29
77.33,77.33,62.70,72.14,67.16
76.42,76.42,69.12,66.69,67.79
78.00,78.00,66.74,69.08,65.56
76.75,76.75,64.56,71.99,68.95
79.10,79.10,62.96,71.18,66.41
79.41,79.41,61.31,71.72,67.02
78.25,78.25,59.97,72.78,64.39
77.37,77.37,58.18,71.14,66.55
77.77,77.77,55.59,73.70,67.61
75.25,75.25,54.55,73.08,65.17
74.44,74.44,53.82,73.11,63.60
78.33,78.33,52.91,71.87,64.14
82.03,82.03,58.78,73.70,62.19
78.71,78.71,68.91,73.42,57.90
70.80,70.80,74.79,70.67,64.53
72.45,72.45,78.33,69.71,67.78
78.34,78.34,75.72,72.67,67.66
79.21,79.21,66.52,70.51,67.33
76.49,76.49,65.44,67.86,68.04
79.77,79.77,61.94,61.54,65.89
76.27,76.27,55.41,53.34,64.16
76.62,76.62,51.55,50.40,62.88
79.96,79.96,46.51,40.01,62.84
81.72,81.72,44.82,43.40,62.29
78.60,78.60,43.18,40.37,59.54
73.40,73.40,51.05,43.44,55.27
74.27,74.27,52.88,38.58,48.48
74.49,74.49,61.11,51.48,52.68
73.36,73.36,73.84,67.40,57.84
73.34,73.34,72.84,72.94,62.45
71.40,71.40,64.77,74.43,59.98
71.53,71.53,57.98,75.33,61.81
69.79,69.79,55.50,74.00,61.25
73.34,73.34,52.29,74.15,61.51
76.17,76.17,47.61,75.31,60.60
77.22,77.22,47.32,71.03,61.90
75.78,75.78,45.85,71.48,61.87
73.35,73.35,41.46,71.43,55.10
75.25,75.25,40.08,73.15,54.57
77.59,77.59,44.69,72.66,56.98
76.78,76.78,53.79,72.22,59.01
77.02,77.02,63.11,69.23,71.09
77.71,77.71,71.38,69.67,71.84
75.84,75.84,70.58,70.21,74.55
73.90,73.90,66.81,75.07,72.29
71.93,71.93,60.98,75.75,72.56
72.16,72.16,61.23,75.28,72.49
72.93,72.93,62.79,73.32,70.53
73.04,73.04,61.24,74.73,72.68
72.47,72.47,60.49,73.72,69.78
72.64,72.64,60.80,73.66,70.63
75.26,75.26,59.57,72.41,70.43
75.40,75.40,53.78,72.81,68.20
73.02,73.02,45.52,74.28,63.51
72.34,72.34,50.20,71.83,62.90
74.62,74.62,59.59,74.33,68.86
71.56,71.56,70.44,74.17,71.17
75.42,75.42,69.53,73.33,72.16
73.33,73.33,66.59,72.63,71.87
71.74,71.74,65.06,70.91,71.58
71.04,71.04,62.88,69.27,72.13
72.88,72.88,63.48,64.86,70.82
72.43,72.43,62.49,59.00,69.47
70.76,70.76,60.57,58.13,68.42
71.98,71.98,59.40,69.07,67.84
66.90,66.90,59.74,74.21,68.82
63.21,63.21,55.46,70.64,64.40
63.69,63.69,55.05,67.39,60.06
65.45,65.45,59.31,63.05,59.17
71.74,71.74,64.17,58.17,60.50
73.14,73.14,81.42,55.07,69.86
73.80,73.80,78.87,71.41,64.52
76.00,76.00,69.50,72.49,61.30
75.12,75.12,65.70,73.35,55.07
75.89,75.89,61.35,72.74,58.96
75.51,75.51,58.34,73.13,54.22
74.68,74.68,57.64,70.79,53.88
71.93,71.93,54.72,72.54,50.10
72.07,72.07,53.58,71.17,51.63
72.06,72.06,52.58,69.50,51.78
72.80,72.80,52.01,71.87,50.04
73.09,73.09,53.71,70.18,52.07
71.13,71.13,58.49,67.67,55.63
67.75,67.75,70.80,63.63,65.70
68.33,68.33,72.94,69.09,69.13
72.79,72.79,65.57,69.56,69.72
73.46,73.46,58.42,74.17,69.29
71.71,71.71,56.53,74.36,69.75
73.34,73.34,56.52,75.61,66.87
74.69,74.69,52.76,73.82,66.75
73.36,73.36,46.08,71.54,70.52
70.88,70.88,48.62,75.05,69.51
71.94,71.94,48.84,72.95,69.64
71.70,71.70,45.04,70.89,70.43
68.96,68.96,41.07,74.10,70.82
68.92,68.92,48.21,70.53,70.70
68.29,68.29,58.94,71.94,69.80
67.26,67.26,71.11,72.25,72.12
71.01,71.01,77.10,68.01,72.13
74.41,74.41,71.23,69.52,71.45
72.72,72.72,67.43,73.76,69.09
68.35,68.35,60.36,72.68,70.61
66.73,66.73,54.45,69.96,68.68
65.01,65.01,50.31,69.51,69.82
68.45,68.45,46.93,70.27,67.68
70.61,70.61,45.58,68.80,67.96
67.24,67.24,42.88,69.13,67.80
64.00,64.00,39.07,69.17,68.23
59.76,59.76,40.12,70.56,67.03
58.67,58.67,48.68,70.72,65.34
56.32,56.32,55.64,71.11,65.53
55.77,55.77,62.88,68.03,65.50
55.24,55.24,68.79,67.76,64.10
53.40,53.40,65.36,67.28,64.05
53.07,53.07,63.89,69.11,63.78
55.24,55.24,63.18,68.99,65.57
56.61,56.61,60.75,69.29,63.24
55.37,55.37,60.06,68.07,65.27
56.56,56.56,58.78,67.84,64.51
49.89,49.89,58.29,70.39,64.33
45.65,45.65,56.62,70.71,61.05
41.86,41.86,54.30,70.87,58.72
39.75,39.75,53.20,70.60,58.00
39.21,39.21,57.16,70.91,63.64
40.44,40.44,67.36,71.15,70.95
38.34,38.34,77.61,70.26,73.83
27.88,27.88,75.92,69.07,73.32
26.69,26.69,73.57,65.67,75.09
30.98,30.98,66.96,67.99,74.45
33.13,33.13,62.59,67.70,73.73
35.18,35.18,58.26,63.61,73.60
35.13,35.13,51.85,62.44,74.44
35.05,35.05,46.89,50.87,73.71
34.67,34.67,43.50,48.07,73.51
40.72,40.72,46.92,47.96,72.28
35.78,35.78,45.50,57.13,57.70
30.82,30.82,51.49,55.28,52.27
26.60,26.60,57.82,41.08,48.69
23.14,23.14,68.21,56.36,62.50
24.31,24.31,76.29,67.58,73.19
22.58,22.58,71.82,71.82,78.50
22.68,22.68,64.02,72.66,79.67
24.49,24.49,54.48,71.55,77.94
21.29,21.29,48.18,72.03,77.26
27.44,27.44,44.64,71.57,77.99
23.22,23.22,41.93,72.00,76.34
19.15,19.15,37.54,69.72,75.73
20.88,20.88,47.75,71.59,71.08
16.70,16.70,43.38,71.60,58.86
18.18,18.18,35.90,71.17,54.36
19.85,19.85,49.73,69.09,51.81
18.33,18.33,56.83,71.04,55.96
10.81,10.81,69.86,65.99,66.89
12.33,12.33,73.19,68.44,67.66
12.29,12.29,71.47,75.45,66.85
11.88,11.88,65.99,74.60,66.20
14.93,14.93,58.42,74.22,66.34
19.03,19.03,56.00,74.49,64.79
24.76,24.76,47.38,72.55,62.31
28.81,28.81,44.38,72.32,64.08
32.31,32.31,41.95,71.16,64.91
32.03,32.03,36.74,71.34,63.09
32.31,32.31,36.12,73.64,64.44
32.20,32.20,37.27,73.67,60.93
26.70,26.70,40.16,72.90,61.14
22.15,22.15,55.19,73.25,61.54
17.12,17.12,69.49,71.78,67.79
17.64,17.64,69.65,67.90,69.37
14.62,14.62,67.21,70.80,69.55
15.54,15.54,64.81,66.95,70.38
17.79,17.79,64.19,68.78,70.96
18.63,18.63,63.11,68.51,70.13
18.33,18.33,61.14,69.18,69.75
19.64,19.64,60.56,70.55,65.30
20.72,20.72,60.71,72.10,64.52
24.36,24.36,58.79,72.20,64.23
25.08,25.08,58.50,71.61,64.59
21.60,21.60,58.70,73.64,61.89
14.54,14.54,61.18,70.96,57.61
11.39,11.39,71.08,72.91,67.42
19.89,19.89,80.06,71.68,72.54
13.20,13.20,76.36,69.29,68.45
14.16,14.16,69.58,64.99,72.31
20.34,20.34,65.90,60.83,73.93
19.14,19.14,61.83,56.68,73.10
21.52,21.52,55.58,38.47,73.48
25.41,25.41,51.89,43.25,73.39
28.91,28.91,48.44,41.19,69.56
29.25,29.25,48.76,50.78,56.39
27.85,27.85,41.54,48.71,52.91
26.20,26.20,45.82,41.47,51.52
20.03,20.03,48.23,32.10,48.60
16.83,16.83,56.89,48.06,61.15
17.89,17.89,73.75,59.47,78.14
24.77,24.77,70.27,70.77,77.89
17.57,17.57,67.83,74.92,78.59
16.62,16.62,59.57,73.14,79.76
18.87,18.87,53.52,73.59,78.48
24.12,24.12,47.63,73.54,77.83
25.32,25.32,43.53,70.82,79.11
26.73,26.73,42.57,74.68,78.20
25.97,25.97,40.09,71.33,79.15
25.90,25.90,41.92,72.07,78.62
27.34,27.34,43.50,74.01,72.52
25.99,25.99,50.51,70.91,69.25
17.92,17.92,56.03,65.88,65.38
12.51,12.51,60.92,63.30,67.53
13.20,13.20,72.70,64.82,77.02
14.07,14.07,74.62,67.10,77.92
16.75,16.75,66.97,71.54,80.63
19.18,19.18,58.74,72.11,78.97
19.31,19.31,57.70,72.36,80.39
21.15,21.15,49.62,70.50,79.66
22.30,22.30,42.38,72.55,79.52
24.41,24.41,47.35,70.77,79.08
27.56,27.56,41.46,69.99,76.79
27.00,27.00,38.59,70.89,79.31
27.48,27.48,44.34,71.18,79.93
26.59,26.59,44.25,72.30,78.79
25.40,25.40,44.61,70.40,80.48
20.06,20.06,56.83,68.48,79.39
19.00,19.00,70.14,72.49,77.93
19.54,19.54,68.07,70.78,78.00
18.50,18.50,64.14,68.94,76.56
27.36,27.36,63.06,67.64,76.25
30.21,30.21,63.13,68.07,77.45
26.67,26.67,61.05,68.24,77.56
27.02,27.02,58.88,69.04,72.23
23.49,23.49,57.23,69.14,72.78
20.22,20.22,55.82,70.64,72.12
24.24,24.24,55.80,70.58,71.86
32.74,32.74,54.42,70.96,70.53
42.10,42.10,54.83,70.55,70.67
51.64,51.64,60.83,71.00,71.90
57.20,57.20,69.65,71.45,65.88
62.60,62.60,77.20,69.96,70.02
61.83,61.83,73.77,69.99,69.27
57.37,57.37,69.45,58.67,67.51
56.89,56.89,64.38,60.17,68.63
48.65,48.65,61.71,54.14,69.03
41.89,41.89,57.44,43.13,69.11
41.80,41.80,54.64,36.09,67.51
40.79,40.79,49.71,32.97,67.61
38.35,38.35,46.12,33.01,66.94
42.08,42.08,41.56,28.28,68.19
48.59,48.59,46.73,40.40,63.63
51.04,51.04,55.44,50.10,62.74
63.65,63.65,63.15,55.39,62.29
72.42,72.42,78.27,71.89,62.95
77.08,77.08,71.32,70.74,61.93
79.27,79.27,62.12,71.32,62.56
78.39,78.39,58.16,72.98,63.72
75.25,75.25,57.09,76.10,62.02
76.01,76.01,53.43,74.77,61.35
74.29,74.29,48.32,72.43,59.53
72.35,72.35,50.91,70.51,60.35
72.82,72.82,39.95,72.89,59.90
72.43,72.43,40.48,74.05,60.80
69.85,69.85,45.21,72.81,59.78
71.37,71.37,48.27,70.21,57.30
73.20,73.20,57.42,71.26,62.48
74.21,74.21,65.64,68.72,69.01
73.77,73.77,71.47,69.52,69.57
76.73,76.73,71.32,62.60,64.49
77.23,77.23,63.39,61.33,65.12
78.75,78.75,59.73,60.14,68.95
79.83,79.83,60.82,63.81,67.56
79.37,79.37,55.94,57.89,68.05
78.32,78.32,47.92,55.51,66.62
76.79,76.79,52.97,58.78,65.80
77.76,77.76,61.31,71.99,64.95
78.75,78.75,57.24,65.40,65.21
79.22,79.22,47.34,58.32,61.80
72.59,72.59,43.43,50.00,61.78
73.25,73.25,48.12,55.79,61.95
61.85,61.85,59.29,54.72,62.87
72.75,72.75,67.93,61.71,69.69
76.56,76.56,68.42,72.15,71.23
77.45,77.45,67.55,67.78,67.39
76.20,76.20,65.97,69.76,70.01
72.83,72.83,65.27,72.29,68.44
70.60,70.60,62.28,75.64,68.07
66.41,66.41,63.29,74.17,68.34
63.18,63.18,64.60,69.77,71.13
68.11,68.11,65.52,67.79,71.91
68.31,68.31,64.99,72.20,73.38
73.33,73.33,64.03,73.38,69.96
72.40,72.40,62.76,74.91,70.70
76.62,76.62,61.85,70.22,67.79
74.55,74.55,69.37,68.19,71.21
79.51,79.51,76.68,63.67,73.42
81.45,81.45,70.69,61.76,69.49
80.45,80.45,69.79,70.17,69.86
79.41,79.41,66.67,70.42,69.22
77.50,77.50,64.19,69.03,71.32
73.93,73.93,61.03,68.74,67.67
67.21,67.21,62.74,74.34,68.62
67.73,67.73,63.82,73.42,69.91
70.02,70.02,65.99,72.72,73.09
70.14,70.14,63.89,70.81,70.98
67.78,67.78,57.95,68.30,66.50
72.52,72.52,55.39,68.80,65.98
79.93,79.93,60.61,64.57,66.22
80.83,80.83,71.40,62.13,65.54
80.55,80.55,76.05,64.82,66.72
78.27,78.27,70.09,68.94,65.68
80.34,80.34,62.58,73.02,67.71
80.47,80.47,59.23,76.59,67.39
74.52,74.52,55.84,77.00,70.39
76.96,76.96,50.35,73.99,67.65
75.16,75.16,47.63,72.25,69.80
79.43,79.43,42.44,75.34,69.26
74.00,74.00,40.19,74.68,65.41
71.60,71.60,37.89,73.96,67.67
73.76,73.76,43.22,72.44,69.55
73.66,73.66,51.26,69.37,65.93
69.00,69.00,60.44,62.67,68.49
68.74,68.74,68.14,55.61,69.03
71.08,71.08,77.48,66.48,67.55
74.71,74.71,70.83,72.89,68.49
73.65,73.65,66.70,69.84,68.45
73.69,73.69,62.13,66.12,67.34
75.92,75.92,57.27,68.58,68.26
73.34,73.34,52.77,69.17,66.67
75.70,75.70,44.41,69.61,62.49
75.38,75.38,43.21,69.48,64.72
71.99,71.99,44.18,70.42,64.20
69.34,69.34,41.36,71.81,65.29
67.02,67.02,38.48,69.39,64.52
69.58,69.58,45.33,70.57,63.82
65.54,65.54,55.18,70.55,63.39
59.07,59.07,68.53,71.41,66.45
59.45,59.45,67.19,71.46,67.09
63.68,63.68,63.39,70.29,65.68
66.37,66.37,62.26,72.72,67.55
63.51,63.51,61.76,71.96,67.29
51.27,51.27,60.25,73.42,64.58
54.36,54.36,57.81,71.86,66.79
57.25,57.25,56.30,71.84,66.93
51.63,51.63,54.66,72.71,66.64
57.81,57.81,53.87,72.00,65.94
57.50,57.50,53.58,73.27,67.07
54.88,54.88,51.45,72.30,63.61
55.87,55.87,57.62,74.71,67.65
55.89,55.89,68.22,75.21,76.12
47.94,47.94,75.17,75.29,76.40
42.08,42.08,75.97,72.27,77.22
50.33,50.33,72.17,68.42,76.94
45.89,45.89,68.37,68.35,76.09
40.41,40.41,62.53,57.75,76.70
43.55,43.55,58.14,51.44,75.69
42.92,42.92,54.19,50.55,72.16
41.61,41.61,48.35,53.31,71.14
40.26,40.26,44.93,49.20,66.58
37.12,37.12,41.06,48.64,63.22
36.68,36.68,45.20,44.19,60.47
29.73,29.73,54.85,40.27,57.19
30.72,30.72,60.46,48.58,60.03
25.39,25.39,66.20,53.89,75.99
23.73,23.73,74.08,67.56,77.96
21.04,21.04,70.78,72.17,76.56
26.22,26.22,62.43,75.23,76.89
30.44,30.44,53.60,73.76,76.51
28.02,28.02,53.73,74.29,77.47
28.42,28.42,50.63,76.60,77.26
26.74,26.74,47.45,74.16,77.21
24.06,24.06,48.00,74.51,76.40
28.41,28.41,44.49,73.87,76.62
29.85,29.85,41.06,74.01,76.03
29.18,29.18,38.09,72.65,75.39
27.97,27.97,48.46,68.61,74.54
23.24,23.24,58.52,70.55,75.32
18.42,18.42,63.55,70.29,75.76
12.99,12.99,76.76,70.09,74.72
14.05,14.05,75.86,65.67,76.71
16.70,16.70,69.88,69.11,76.08
17.78,17.78,60.29,68.52,76.25
19.74,19.74,54.84,67.58,73.93
20.62,20.62,62.03,65.09,74.76
22.30,22.30,58.36,61.13,75.09
24.07,24.07,55.53,58.14,75.73
24.88,24.88,43.94,55.83,72.65
26.65,26.65,46.33,49.87,75.16
26.35,26.35,44.36,44.20,74.53
24.63,24.63,46.64,48.45,74.54
20.24,20.24,49.29,56.19,73.95
19.37,19.37,57.87,58.89,72.60
16.78,16.78,67.19,66.92,74.53
14.71,14.71,70.11,74.56,72.53
14.05,14.05,67.47,75.28,75.68
18.43,18.43,65.83,75.34,71.49
22.37,22.37,64.71,73.64,75.06
22.80,22.80,63.60,73.67,72.89
22.30,22.30,61.39,72.57,72.83
21.24,21.24,61.19,74.61,73.36
21.62,21.62,60.99,70.66,71.80
20.63,20.63,59.85,72.52,73.01
21.83,21.83,58.10,68.63,71.45
21.27,21.27,57.25,63.05,71.47
16.45,16.45,58.38,65.76,70.14
14.77,14.77,66.27,58.38,71.19
12.81,12.81,80.98,63.02,70.91
9.10,9.10,77.28,70.39,70.15
10.51,10.51,68.14,71.99,69.15
14.51,14.51,66.09,70.08,69.20
23.35,23.35,61.42,69.55,69.89
26.75,26.75,57.58,73.15,70.66
29.35,29.35,55.92,72.87,70.98
30.15,30.15,51.02,71.14,70.18
30.02,30.02,51.12,70.95,69.40
33.07,33.07,50.73,70.98,69.60
34.21,34.21,48.67,62.43,67.06
28.25,28.25,47.92,52.73,55.43
22.76,22.76,58.61,55.06,51.13
18.40,18.40,73.66,61.82,65.61
17.40,17.40,75.57,66.83,70.65
21.81,21.81,69.01,68.23,70.55
17.65,17.65,63.55,69.17,72.79
17.69,17.69,59.01,73.17,72.75
19.73,19.73,53.69,74.74,74.28
20.47,20.47,46.83,74.21,74.00
24.56,24.56,40.69,72.75,72.12
23.98,23.98,39.39,73.29,72.02
25.49,25.49,36.61,74.33,72.58
24.61,24.61,35.04,73.51,72.11
24.78,24.78,37.76,72.39,73.07
20.96,20.96,49.59,71.46,69.84
14.32,14.32,59.18,69.02,69.46
13.86,13.86,66.99,65.41,70.59
15.65,15.65,77.23,72.78,73.06
14.97,14.97,67.69,68.71,74.63
16.70,16.70,65.39,74.20,72.90
21.12,21.12,61.43,74.56,74.16
21.92,21.92,56.71,74.51,72.98
22.27,22.27,52.04,72.94,73.10
24.09,24.09,45.49,73.99,72.97
24.65,24.65,38.58,71.78,72.40
26.34,26.34,40.38,73.11,71.74
25.54,25.54,42.91,72.65,70.86
27.31,27.31,41.15,72.67,68.78
24.27,24.27,45.15,68.74,66.92
18.85,18.85,53.82,69.96,68.43
16.33,16.33,67.33,68.72,66.27
13.78,13.78,69.55,68.77,70.27
16.87,16.87,66.45,70.89,72.51
21.17,21.17,63.64,69.77,71.95
21.41,21.41,63.53,71.43,70.40
22.69,22.69,60.89,68.40,70.82
23.13,23.13,58.13,72.29,70.19
22.78,22.78,57.87,72.33,71.66
25.70,25.70,55.50,72.81,67.40
28.39,28.39,54.71,72.28,70.63
31.19,31.19,53.99,71.72,69.23
26.61,26.61,52.10,73.83,67.48
18.70,18.70,53.91,72.06,66.52
16.83,16.83,63.48,72.79,66.06
22.60,22.60,76.68,71.69,74.31
11.54,11.54,75.98,73.42,74.24
5.75,5.75,72.60,72.06,75.74
9.64,9.64,67.64,61.71,76.32
13.76,13.76,63.40,58.03,74.79
18.37,18.37,58.05,58.14,74.67
21.82,21.82,52.45,54.97,76.18
26.16,26.16,47.26,42.62,74.49
29.30,29.30,44.73,48.09,74.28
30.49,30.49,41.81,35.05,73.50
32.91,32.91,44.15,29.49,72.67
31.98,31.98,51.33,29.65,66.51
25.58,25.58,54.49,47.81,55.46
21.40,21.40,68.24,62.25,61.44
21.93,21.93,78.61,65.84,69.11
21.40,21.40,69.73,72.16,71.95
25.24,25.24,62.34,73.47,72.76
24.71,24.71,58.41,74.05,73.09
24.02,24.02,53.52,73.86,71.81
25.01,25.01,50.77,75.99,71.61
27.37,27.37,45.51,74.68,71.71
30.79,30.79,40.03,74.28,71.15
36.43,36.43,37.55,74.12,70.94
43.36,43.36,33.31,75.22,68.25
60.28,60.28,36.05,71.95,66.18
71.83,71.83,45.24,71.24,54.86
67.06,67.06,58.56,72.73,61.89
76.25,76.25,66.21,72.14,66.85
78.31,78.31,77.86,73.65,71.81
78.22,78.22,73.27,71.17,73.62
77.86,77.86,68.31,63.18,74.66
77.95,77.95,60.45,58.55,74.38
79.18,79.18,60.16,50.88,73.68
78.29,78.29,60.70,49.97,73.62
78.12,78.12,58.21,52.75,74.67
77.15,77.15,52.22,51.21,75.21
79.59,79.59,44.05,44.66,74.43
74.30,74.30,46.59,47.96,72.63
63.00,63.00,47.36,42.74,71.91
59.03,59.03,49.66,45.94,67.83
54.40,54.40,56.29,59.57,63.46
61.50,61.50,67.45,60.30,68.06
67.96,67.96,70.02,66.60,69.19
73.83,73.83,66.29,72.18,68.63
77.23,77.23,63.63,76.16,66.93
76.87,76.87,63.15,74.46,67.85
74.84,74.84,61.21,70.94,69.06
69.64,69.64,60.19,72.25,66.21
74.22,74.22,59.10,71.57,68.20
76.35,76.35,59.03,70.52,69.00
75.15,75.15,57.72,66.57,68.53
76.43,76.43,57.41,59.79,68.78
76.84,76.84,57.92,54.67,69.88
76.15,76.15,61.36,57.72,67.18
69.50,69.50,67.41,56.52,62.12
69.21,69.21,79.17,59.89,67.71
77.88,77.88,79.38,64.85,66.36
83.71,83.71,69.27,69.60,62.47
78.09,78.09,63.76,71.62,62.96
78.56,78.56,60.83,69.36,61.17
82.51,82.51,53.03,70.60,56.82
83.29,83.29,47.88,69.62,55.77
83.11,83.11,46.81,69.40,56.48
81.78,81.78,41.74,65.11,58.58
80.98,80.98,41.19,62.80,56.07
77.19,77.19,42.70,59.64,56.31
73.75,73.75,48.15,43.70,53.53
76.17,76.17,54.39,46.35,53.27
79.43,79.43,69.21,56.34,58.76
73.56,73.56,72.90,70.55,67.07
74.27,74.27,65.97,73.09,69.22
81.54,81.54,61.85,71.01,63.96
78.52,78.52,56.96,72.35,65.79
82.40,82.40,50.57,70.62,65.63
78.23,78.23,46.45,71.60,63.46
79.39,79.39,41.38,72.28,67.30
75.65,75.65,40.72,71.79,64.63
71.84,71.84,38.36,72.26,67.60
69.60,69.60,35.65,69.97,66.38
65.85,65.85,39.09,67.29,66.91
70.81,70.81,46.59,64.06,66.60
65.69,65.69,58.46,52.46,65.67
73.01,73.01,67.68,54.04,68.46
75.59,75.59,78.41,65.26,70.64
78.51,78.51,72.67,66.18,73.15
75.25,75.25,71.39,66.67,69.64
78.55,78.55,64.60,68.34,67.95
84.52,84.52,61.91,65.08,66.00
80.06,80.06,56.97,68.18,67.38
83.52,83.52,46.57,66.67,67.42
83.17,83.17,47.98,65.39,67.15
76.81,76.81,37.64,68.82,65.75
80.41,80.41,37.09,65.90,66.39
83.32,83.32,37.17,67.01,65.30
84.03,84.03,45.57,65.80,62.64
82.54,82.54,52.25,64.97,62.52
78.82,78.82,64.21,63.85,64.81
76.66,76.66,69.28,67.30,65.15
77.81,77.81,67.08,67.51,64.25
80.54,80.54,63.88,66.10,64.85
82.92,82.92,63.65,65.13,66.25
83.27,83.27,61.43,64.26,66.28
81.92,81.92,59.59,64.57,65.77
80.09,80.09,58.91,64.09,67.41
80.44,80.44,57.84,62.22,66.23
81.19,81.19,56.05,62.51,66.00
81.88,81.88,54.75,62.13,65.79
82.58,82.58,54.13,64.14,66.23
80.61,80.61,54.71,65.63,67.40
81.00,81.00,58.64,63.36,68.28
80.93,80.93,71.85,63.94,72.03
80.31,80.31,77.33,62.30,73.16
81.25,81.25,72.81,65.57,72.58
80.86,80.86,67.15,68.26,70.92
81.00,81.00,61.90,63.81,70.63
77.51,77.51,57.47,62.79,71.00
73.11,73.11,52.12,48.68,69.51
74.88,74.88,46.54,44.92,68.14
78.10,78.10,42.45,47.35,67.16
80.33,80.33,40.23,49.04,65.77
82.15,82.15,45.70,33.47,65.24
81.43,81.43,56.49,41.04,64.23
80.44,80.44,57.17,47.12,63.78
80.65,80.65,59.41,47.38,63.38
79.61,79.61,75.59,56.81,64.48
79.01,79.01,76.44,70.39,63.22
76.17,76.17,69.85,76.08,63.29
75.88,75.88,62.08,76.73,59.07
78.52,78.52,56.22,75.69,59.59
82.10,82.10,49.90,72.87,53.76
77.92,77.92,46.79,72.78,50.15
70.93,70.93,44.12,73.22,45.91
73.46,73.46,38.61,71.46,42.69
73.46,73.46,34.29,72.33,42.47
68.54,68.54,30.80,73.77,43.85
64.94,64.94,39.76,72.36,43.90
67.35,67.35,57.21,70.08,54.02
68.10,68.10,61.92,72.69,60.63
70.21,70.21,77.29,71.33,70.14
68.79,68.79,75.18,68.76,71.34
72.41,72.41,68.00,64.89,69.20
75.88,75.88,59.13,65.64,68.63
77.39,77.39,51.34,69.82,70.91
75.08,75.08,55.37,66.98,72.44
76.91,76.91,45.99,60.82,73.82
83.50,83.50,49.58,45.77,72.33
84.01,84.01,40.30,43.63,71.62
84.75,84.75,41.35,45.14,72.02
84.98,84.98,43.57,48.22,71.63
84.58,84.58,42.94,50.33,69.20
83.92,83.92,50.38,58.47,69.02
84.25,84.25,63.92,62.15,69.67
84.70,84.70,67.49,65.34,70.89
83.74,83.74,66.70,71.02,74.22
83.36,83.36,63.12,71.20,71.32
82.52,82.52,61.70,68.96,71.57
82.18,82.18,58.90,70.16,72.77
81.58,81.58,56.24,70.11,73.02
80.98,80.98,55.20,68.94,72.76
79.53,79.53,52.95,68.44,73.02
75.52,75.52,51.45,66.89,72.18
73.56,73.56,49.48,67.86,73.37
75.44,75.44,49.37,68.05,71.97
75.23,75.23,51.73,67.44,70.13
77.86,77.86,58.68,62.54,70.63
81.46,81.46,67.24,61.24,68.29
83.25,83.25,75.82,68.04,70.43
82.44,82.44,75.49,71.13,69.62
82.61,82.61,68.01,65.87,66.96
83.23,83.23,62.57,70.97,67.48
83.81,83.81,55.95,68.29,67.13
84.11,84.11,51.20,67.16,66.23
84.07,84.07,46.29,69.77,65.58
83.79,83.79,42.68,68.56,66.25
83.50,83.50,41.38,66.66,66.45
83.60,83.60,37.26,69.05,64.21
82.71,82.71,47.67,62.93,64.68
80.63,80.63,57.97,61.28,64.23
79.58,79.58,60.50,58.37,65.16
77.40,77.40,74.83,59.90,66.56
79.07,79.07,73.12,69.76,70.19
80.90,80.90,69.18,71.79,72.56
79.69,79.69,61.11,74.38,71.06
76.98,76.98,54.41,74.86,71.06
74.75,74.75,49.86,72.90,73.11
74.48,74.48,45.22,73.23,71.00
75.36,75.36,42.09,72.71,70.63
74.66,74.66,41.02,72.87,70.16
79.92,79.92,34.13,72.70,68.82
82.13,82.13,33.25,71.29,69.51
76.80,76.80,39.83,71.68,68.66
75.47,75.47,55.88,69.42,68.32
78.15,78.15,59.71,64.50,68.78
74.90,74.90,76.27,56.00,73.04
73.63,73.63,73.67,68.97,75.41
74.11,74.11,67.15,71.43,69.20
73.76,73.76,61.55,70.11,69.31
73.11,73.11,59.04,72.07,71.21
75.14,75.14,51.22,70.13,67.04
76.88,76.88,48.11,73.27,66.60
75.72,75.72,47.05,68.54,66.52
77.54,77.54,45.04,71.81,67.38
72.55,72.55,43.17,67.97,65.96
70.44,70.44,40.99,69.55,67.79
69.30,69.30,43.10,70.88,69.18
68.61,68.61,48.07,68.98,68.65
69.14,69.14,56.35,69.89,67.09
70.51,70.51,68.18,69.22,70.68
70.58,70.58,68.40,71.17,71.34
70.18,70.18,65.53,68.27,71.17
71.92,71.92,64.09,68.08,69.17
71.02,71.02,62.94,69.20,70.05
73.47,73.47,60.46,68.34,69.70
75.56,75.56,59.76,71.76,68.21
73.91,73.91,58.20,68.35,70.02
71.24,71.24,57.62,68.88,71.46
69.25,69.25,55.86,68.81,69.40
71.07,71.07,54.14,68.13,66.85
76.89,76.89,53.51,69.07,63.93
73.99,73.99,55.85,69.27,65.27
72.49,72.49,64.53,68.81,65.30
71.75,71.75,76.39,63.24,73.12
67.05,67.05,72.71,68.58,74.20
65.86,65.86,66.60,65.54,74.16
67.07,67.07,62.86,67.16,72.93
69.73,69.73,59.86,67.29,72.65
69.84,69.84,59.70,58.39,68.15
72.29,72.29,58.28,56.92,64.72
72.95,72.95,52.91,50.50,62.95
72.31,72.31,46.13,45.43,61.48
73.30,73.30,43.11,37.73,60.37
75.36,75.36,43.14,38.37,58.86
75.54,75.54,47.95,33.64,56.92
76.23,76.23,56.30,38.60,57.60
71.83,71.83,72.11,49.57,61.40
68.65,68.65,76.97,61.24,62.30
72.45,72.45,70.68,68.98,62.19
70.34,70.34,65.26,75.79,63.36
69.63,69.63,58.35,75.05,60.43
69.53,69.53,48.18,73.73,61.01
70.08,70.08,49.80,75.67,59.23
70.83,70.83,49.33,75.59,59.87
70.24,70.24,49.58,75.10,58.23
69.74,69.74,42.58,73.28,52.83
71.21,71.21,38.42,74.82,50.99
68.30,68.30,39.94,74.07,50.20
69.01,69.01,48.51,72.73,52.16
68.88,68.88,65.12,70.50,59.73
67.68,67.68,68.75,62.47,70.20
63.77,63.77,76.72,67.97,69.21
64.66,64.66,66.30,63.95,71.19
67.34,67.34,63.13,59.26,74.25
69.81,69.81,56.35,65.04,73.68
69.88,69.88,57.80,58.67,71.58
68.68,68.68,50.36,52.89,68.71
70.15,70.15,56.28,60.66,71.71
72.17,72.17,48.33,54.83,70.73
65.49,65.49,46.54,46.12,71.68
63.78,63.78,45.03,42.78,70.97
68.21,68.21,47.41,35.94,72.47
68.60,68.60,47.97,48.20,72.91
67.32,67.32,55.93,59.55,72.08
65.51,65.51,67.08,61.73,70.77
61.34,61.34,70.13,74.18,72.34
63.29,63.29,66.92,70.30,73.22
62.48,62.48,63.61,71.87,71.57
63.69,63.69,63.36,74.04,73.12
69.69,69.69,62.24,70.22,71.98
67.73,67.73,59.46,70.33,72.92
66.83,66.83,58.62,71.96,72.82
69.42,69.42,56.19,70.66,73.63
69.07,69.07,57.62,65.14,73.07
68.20,68.20,55.37,58.06,72.63
71.08,71.08,56.67,53.20,71.74
69.66,69.66,60.40,49.78,69.69
69.01,69.01,66.30,55.91,65.81
68.16,68.16,78.55,63.87,68.71
66.48,66.48,77.38,71.37,65.49
62.39,62.39,69.45,68.69,61.79
67.88,67.88,64.08,68.96,63.08
68.61,68.61,58.27,68.00,62.47
69.68,69.68,54.66,68.81,62.37
68.99,68.99,50.87,68.11,58.89
67.41,67.41,46.45,68.08,58.51
67.36,67.36,44.33,65.72,57.63
70.80,70.80,42.63,61.53,62.16
68.05,68.05,41.11,64.45,61.22
64.90,64.90,44.41,63.51,63.89
70.54,70.54,55.12,63.30,64.04
69.20,69.20,63.49,55.84,65.19
62.68,62.68,75.28,65.43,68.39
62.96,62.96,70.58,68.04,69.06
56.82,56.82,62.13,69.67,72.56
58.67,58.67,56.79,73.17,68.06
62.11,62.11,51.90,72.09,68.62
65.01,65.01,48.19,71.46,71.18
65.71,65.71,47.47,69.37,66.78
63.16,63.16,47.30,73.77,70.63
60.18,60.18,47.69,69.83,66.54
60.88,60.88,50.23,72.16,67.98
60.98,60.98,47.91,66.03,67.14
60.17,60.17,51.30,68.26,67.63
58.40,58.40,60.76,63.98,64.97
55.34,55.34,70.38,55.29,68.37
60.16,60.16,79.90,70.05,74.08
65.92,65.92,74.67,68.87,73.15
67.11,67.11,70.15,69.38,69.75
65.33,65.33,63.55,69.83,69.30
67.99,67.99,53.22,73.10,70.32
67.73,67.73,50.15,69.16,67.94
66.75,66.75,49.38,69.99,69.75
68.53,68.53,36.24,69.83,69.31
72.71,72.71,44.83,69.07,67.89
72.95,72.95,48.08,71.65,65.86
66.70,66.70,47.87,70.32,66.25
63.05,63.05,47.48,69.44,65.21
52.67,52.67,53.55,68.67,62.48
49.94,49.94,68.17,71.60,62.58
44.29,44.29,68.56,70.66,67.32
41.72,41.72,67.10,70.27,65.04
40.51,40.51,65.44,70.82,66.13
39.07,39.07,63.36,68.42,65.70
39.74,39.74,61.65,69.32,66.47
39.27,39.27,58.99,67.56,65.29
39.67,39.67,57.84,69.97,64.07
38.07,38.07,56.86,69.31,62.90
37.28,37.28,55.68,70.28,63.41
37.86,37.86,54.96,67.11,62.34
35.69,35.69,55.57,69.27,60.35
33.34,33.34,56.20,68.62,59.67
31.86,31.86,63.29,70.27,60.46
33.86,33.86,77.73,68.86,72.40
30.61,30.61,73.74,66.20,69.08
33.03,33.03,68.97,62.79,70.34
32.98,32.98,65.06,63.77,74.40
32.23,32.23,59.18,71.77,72.93
31.66,31.66,55.22,62.41,77.09
31.75,31.75,50.14,57.04,74.41
30.83,30.83,47.71,51.89,75.19
27.92,27.92,45.82,51.05,73.36
25.99,25.99,42.90,47.23,76.24
33.09,33.09,39.92,47.41,73.46
47.50,47.50,48.84,41.74,70.07
42.62,42.62,53.27,28.75,58.62
56.75,56.75,66.96,41.40,59.36
69.14,69.14,75.34,53.68,59.10
73.53,73.53,68.94,60.21,66.96
71.83,71.83,62.18,65.93,70.93
67.61,67.61,58.90,72.38,73.13
63.28,63.28,55.98,70.25,74.18
57.93,57.93,52.14,72.90,73.79
51.70,51.70,49.61,70.15,74.80
47.74,47.74,45.57,74.01,73.45
51.90,51.90,40.71,70.66,73.69
61.84,61.84,40.42,73.77,73.12
65.84,65.84,39.93,69.36,69.32
69.93,69.93,50.65,71.68,67.21
73.05,73.05,60.14,65.23,63.74
72.74,72.74,66.34,66.91,66.15
74.29,74.29,77.55,67.84,73.04
82.10,82.10,70.76,66.47,72.97
72.49,72.49,71.79,66.15,72.12
78.66,78.66,60.73,62.79,64.85
83.64,83.64,57.75,62.55,65.77
78.09,78.09,51.03,51.85,66.59
67.97,67.97,52.89,56.56,73.75
70.71,70.71,47.62,45.24,67.36
70.73,70.73,46.55,48.81,67.24
66.97,66.97,45.90,42.55,65.27
54.20,54.20,42.13,43.54,62.70
50.42,50.42,43.47,54.36,62.53
51.34,51.34,53.15,65.45,60.68
62.11,62.11,69.45,66.77,66.67
70.85,70.85,70.07,73.56,69.58
77.65,77.65,66.98,71.99,74.00
74.76,74.76,65.65,74.13,75.37
71.01,71.01,65.00,72.69,76.98
78.97,78.97,62.96,70.89,72.71
77.63,77.63,61.74,70.20,72.81
74.32,74.32,60.53,65.93,72.94
73.65,73.65,59.62,67.13,68.01
74.92,74.92,58.58,58.23,69.74
71.90,71.90,58.68,51.76,68.32
58.55,58.55,55.90,47.31,65.84
52.08,52.08,59.81,49.68,60.86
54.56,54.56,69.90,61.20,63.62
56.84,56.84,78.85,54.94,66.47
68.59,68.59,74.67,65.36,63.07
78.75,78.75,67.76,72.71,59.04
79.95,79.95,63.98,70.56,54.46
81.38,81.38,57.64,71.89,51.35
81.07,81.07,57.60,67.75,55.38
68.30,68.30,56.68,70.06,53.99
49.89,49.89,51.13,72.29,44.21
49.47,49.47,41.19,70.24,50.32
52.37,52.37,42.02,70.63,52.00
48.97,48.97,47.73,67.21,52.89
50.84,50.84,51.72,63.50,52.03
53.95,53.95,55.31,62.26,59.17
70.34,70.34,75.40,64.33,67.71
80.34,80.34,74.38,66.57,70.68
81.13,81.13,68.33,63.96,71.70
79.38,79.38,63.81,64.26,72.52
78.23,78.23,60.93,73.95,72.16
78.68,78.68,53.64,71.54,71.83
79.73,79.73,53.26,72.27,72.04
77.16,77.16,55.07,65.47,69.77
77.28,77.28,49.75,72.99,68.76
78.37,78.37,46.17,71.24,69.50
77.67,77.67,44.20,67.83,69.72
78.37,78.37,44.02,66.16,69.97
77.60,77.60,52.75,53.64,69.53
77.12,77.12,62.87,55.10,68.07
75.40,75.40,74.95,60.93,71.46
71.94,71.94,72.48,68.70,67.96
67.55,67.55,66.21,66.35,66.71
64.82,64.82,67.11,67.32,65.45
68.89,68.89,61.34,71.64,64.11
71.32,71.32,55.71,76.69,65.02
72.07,72.07,51.71,70.13,65.56
70.34,70.34,50.79,72.32,66.57
64.53,64.53,49.42,71.25,66.02
56.42,56.42,40.39,73.15,65.35
56.38,56.38,41.19,69.32,65.06
63.83,63.83,41.29,72.59,64.48
64.77,64.77,50.14,69.90,63.16
55.20,55.20,58.42,70.83,64.36
54.89,54.89,70.01,69.51,66.49
45.78,45.78,69.45,69.33,65.65
43.00,43.00,65.51,69.15,65.31
46.99,46.99,64.63,68.75,63.34
49.63,49.63,63.97,70.11,66.30
50.34,50.34,61.16,70.10,64.73
48.61,48.61,59.15,70.84,63.83
48.59,48.59,59.24,68.49,64.15
46.36,46.36,57.62,70.66,62.42
43.14,43.14,57.38,65.64,60.01
44.69,44.69,57.27,69.80,56.99
38.01,38.01,55.55,68.22,57.68
38.53,38.53,60.20,71.00,61.46
44.37,44.37,70.08,71.32,65.42
40.29,40.29,76.46,70.43,70.11
35.09,35.09,73.37,72.41,70.95
39.80,39.80,67.68,54.94,73.50
40.30,40.30,61.84,57.56,73.47
37.86,37.86,56.55,50.58,72.10
37.24,37.24,51.74,48.31,72.26
32.52,32.52,48.41,42.62,72.23
31.64,31.64,45.72,42.69,71.16
31.34,31.34,43.80,32.41,71.40
42.58,42.58,43.75,18.93,70.63
53.37,53.37,52.15,17.45,65.10
47.45,47.45,47.99,30.52,53.86
50.43,50.43,58.91,45.18,57.97
60.00,60.00,70.80,56.49,67.71
62.32,62.32,73.42,60.88,69.47
65.52,65.52,71.99,69.76,73.09
70.81,70.81,68.24,72.22,73.50
69.36,69.36,60.41,70.82,73.22
69.02,69.02,55.23,73.74,71.39
69.27,69.27,48.71,73.46,68.22
72.38,72.38,49.04,73.09,70.30
70.78,70.78,40.89,72.22,69.14
70.40,70.40,40.41,73.44,69.49
70.08,70.08,38.63,73.80,68.49
68.14,68.14,42.23,71.23,67.57
70.21,70.21,56.88,69.65,60.97
74.28,74.28,67.14,68.43,63.92
73.34,73.34,70.36,69.49,68.20
74.10,74.10,77.25,65.53,68.47
72.50,72.50,70.77,62.83,67.56
73.04,73.04,69.38,60.96,67.31
73.79,73.79,59.73,63.22,64.57
74.88,74.88,58.68,62.01,63.39
75.10,75.10,52.87,48.42,64.22
75.66,75.66,55.30,52.27,65.59
76.12,76.12,50.06,43.36,65.10
78.15,78.15,49.85,35.70,65.88
77.20,77.20,46.81,28.76,65.86
74.92,74.92,47.03,29.93,63.57
71.91,71.91,54.12,46.87,62.71
73.37,73.37,63.01,54.13,59.79
72.69,72.69,69.69,65.41,66.10
71.50,71.50,68.94,72.00,67.49
67.72,67.72,65.83,69.34,68.01
70.60,70.60,64.79,66.65,68.61
71.96,71.96,63.17,66.88,68.16
71.92,71.92,61.51,69.57,67.06
73.66,73.66,59.24,70.31,65.72
75.05,75.05,58.33,67.92,62.82
77.79,77.79,56.87,71.88,62.78
78.66,78.66,54.19,66.38,58.48
78.55,78.55,54.22,72.91,57.75
77.46,77.46,54.54,63.75,58.80
72.64,72.64,61.52,67.61,54.47
71.34,71.34,67.67,61.21,56.97
74.02,74.02,74.39,72.59,61.55
76.02,76.02,74.88,71.28,60.78
76.68,76.68,66.62,72.23,57.12
72.37,72.37,62.78,72.65,57.53
67.46,67.46,57.89,72.23,55.55
61.04,61.04,53.39,71.65,53.99
60.13,60.13,51.02,70.04,48.88
59.33,59.33,48.30,73.72,46.29
61.89,61.89,51.08,62.06,42.97
59.77,59.77,46.58,58.42,44.68
56.19,56.19,45.39,64.73,51.26
58.82,58.82,48.57,64.17,48.98
57.67,57.67,58.04,59.63,56.90
56.35,56.35,70.61,67.62,65.44
57.57,57.57,75.71,64.27,70.31
65.59,65.59,68.83,70.23,71.33
74.37,74.37,65.83,66.88,72.04
76.73,76.73,61.82,67.61,70.12
77.40,77.40,59.64,69.15,70.88
77.33,77.33,59.40,68.11,69.53
78.44,78.44,57.05,66.15,69.79
78.54,78.54,53.44,70.78,70.34
77.67,77.67,53.49,67.73,71.14
76.40,76.40,48.53,68.26,69.30
73.87,73.87,47.79,66.06,70.19
73.28,73.28,52.78,64.22,67.97
74.52,74.52,60.33,59.18,65.60
76.32,76.32,72.81,64.23,66.14
75.95,75.95,78.18,74.37,69.64
76.62,76.62,70.47,74.94,70.83
76.45,76.45,64.58,75.40,68.82
76.61,76.61,60.06,74.74,67.34
73.20,73.20,59.79,73.12,66.23
74.42,74.42,57.87,69.90,66.57
74.72,74.72,53.53,67.74,66.14
70.73,70.73,48.76,69.46,65.21
68.14,68.14,42.56,68.82,63.22
64.67,64.67,40.72,68.90,63.65
65.24,65.24,41.50,68.95,61.66
67.14,67.14,53.26,70.57,64.18
64.41,64.41,59.60,67.63,66.68
64.32,64.32,69.06,68.50,66.25
67.47,67.47,69.49,68.19,65.61
69.87,69.87,67.71,68.74,64.80
70.51,70.51,65.56,66.54,62.48
71.04,71.04,64.07,68.54,63.46
71.32,71.32,62.96,67.36,63.31
70.85,70.85,59.32,68.33,63.81
71.04,71.04,58.98,69.74,64.12
69.77,69.77,59.06,69.75,63.03
71.08,71.08,57.63,70.29,63.48
68.02,68.02,57.40,70.12,61.47
65.97,65.97,55.75,69.95,61.93
63.15,63.15,57.92,70.06,58.38
56.71,56.71,67.37,67.43,67.79
58.66,58.66,77.68,66.98,75.35
60.52,60.52,75.71,64.99,75.89
66.03,66.03,69.39,63.39,74.55
59.99,59.99,64.89,64.22,73.05
58.31,58.31,60.41,59.64,70.51
58.93,58.93,55.48,55.37,70.19
59.47,59.47,50.83,52.29,65.69
57.60,57.60,47.28,48.46,58.10
63.02,63.02,45.20,51.65,56.24
66.99,66.99,42.18,45.56,53.49
68.23,68.23,51.58,46.75,51.35
65.70,65.70,54.40,34.14,46.40
64.28,64.28,56.95,41.63,49.91
61.66,61.66,71.21,57.24,58.68
63.10,63.10,71.62,65.01,58.12
64.23,64.23,65.50,74.25,57.46
72.04,72.04,61.82,75.16,56.88
75.21,75.21,58.24,74.08,53.87
74.26,74.26,57.31,73.60,55.69
75.28,75.28,52.45,72.77,55.27
73.40,73.40,50.34,71.64,54.06
72.09,72.09,45.11,71.15,53.08
71.19,71.19,39.84,71.74,47.57
70.65,70.65,35.80,71.16,48.10
70.14,70.14,38.67,71.90,48.27
67.27,67.27,49.93,69.56,53.21
68.98,68.98,60.47,67.58,57.91
68.41,68.41,73.31,70.22,68.68
65.28,65.28,76.14,72.69,70.46
65.82,65.82,70.59,70.51,67.98
64.68,64.68,66.28,68.83,68.49
68.37,68.37,58.37,69.74,68.22
69.10,69.10,56.51,68.03,69.03
65.41,65.41,54.22,62.39,68.84
68.76,68.76,47.96,60.45,68.43
68.23,68.23,53.13,51.07,69.19
69.44,69.44,42.67,51.04,67.86
71.02,71.02,46.03,52.07,66.61
71.68,71.68,42.71,49.22,66.60
71.99,71.99,51.75,56.53,65.12
67.66,67.66,59.92,66.43,66.08
65.70,65.70,69.48,69.26,71.63
59.56,59.56,69.24,71.86,72.42
62.28,62.28,66.74,72.46,73.06
70.28,70.28,64.20,74.25,70.30
71.84,71.84,64.64,73.23,70.13
71.01,71.01,63.51,70.01,69.53
70.60,70.60,61.36,68.58,70.17
75.11,75.11,57.35,66.67,68.98
73.88,73.88,56.19,67.43,67.85
72.57,72.57,55.36,66.20,66.51
70.67,70.67,55.35,65.83,64.38
69.51,69.51,55.34,64.77,64.53
67.24,67.24,63.68,58.90,63.95
65.46,65.46,69.05,53.13,69.11
65.71,65.71,76.88,60.46,72.84
60.84,60.84,75.20,67.54,75.99
58.99,58.99,67.30,70.60,75.31
58.30,58.30,64.88,72.80,73.14
55.67,55.67,59.55,74.76,73.07
54.24,54.24,54.50,74.40,73.55
51.15,51.15,49.11,75.05,72.87
49.28,49.28,43.34,75.60,74.11
48.51,48.51,39.77,73.93,73.72
46.52,46.52,35.55,72.79,69.32
47.08,47.08,44.10,70.13,65.59
40.05,40.05,47.40,67.56,60.18
35.55,35.55,61.24,64.50,55.67
36.24,36.24,69.37,60.86,66.19
29.88,29.88,72.72,65.59,76.97
24.26,24.26,65.47,69.82,77.72
23.38,23.38,62.18,69.48,76.71
26.95,26.95,61.55,69.30,78.20
25.86,25.86,58.89,63.24,77.23
29.57,29.57,56.53,65.48,77.15
28.99,28.99,50.33,67.32,75.09
29.18,29.18,49.13,68.33,76.52
24.93,24.93,46.46,63.64,74.51
24.44,24.44,43.48,63.60,79.38
23.11,23.11,47.00,57.31,79.26
19.84,19.84,53.92,57.55,78.81
23.03,23.03,58.22,56.50,79.03
19.37,19.37,74.10,63.37,75.47
16.56,16.56,78.16,68.15,72.47
18.55,18.55,74.29,72.06,71.32
16.67,16.67,69.04,73.69,70.72
23.00,23.00,65.09,73.52,70.72
19.99,19.99,63.30,72.18,72.08
18.25,18.25,61.27,70.77,70.73
16.82,16.82,58.44,67.36,68.76
15.69,15.69,57.74,70.13,68.51
16.68,16.68,56.02,71.74,68.34
15.24,15.24,57.13,70.85,68.70
19.14,19.14,56.68,72.43,67.98
20.02,20.02,55.87,72.86,67.28
17.84,17.84,55.99,72.11,67.25
16.59,16.59,55.32,72.93,67.67
16.69,16.69,53.93,72.93,65.93
16.23,16.23,53.08,73.07,65.64
18.34,18.34,53.28,73.16,66.12
18.86,18.86,51.95,72.08,68.05
20.47,20.47,50.51,72.11,65.89
19.52,19.52,48.27,70.85,64.62
21.20,21.20,48.45,70.34,64.97
22.44,22.44,47.54,70.66,64.17
24.40,24.40,47.29,70.77,64.90
26.18,26.18,46.18,70.60,65.28
26.37,26.37,46.11,70.71,64.34
25.77,25.77,44.31,70.90,64.39
27.26,27.26,43.01,72.11,65.14
24.88,24.88,43.34,72.79,64.13
26.72,26.72,43.63,71.83,62.96
26.40,26.40,42.12,71.03,65.56
27.09,27.09,41.88,72.00,65.74
27.92,27.92,41.51,72.04,64.47
29.79,29.79,41.22,73.62,65.33
28.54,28.54,41.60,73.89,65.09
28.92,28.92,41.94,73.90,64.31
30.28,30.28,40.57,74.24,64.97
28.58,28.58,39.69,74.46,63.34
28.78,28.78,40.41,74.19,64.65
28.63,28.63,40.99,74.94,66.08
25.71,25.71,39.83,74.12,64.06
25.03,25.03,39.37,74.42,66.49
30.18,30.18,40.37,73.91,65.49
38.81,38.81,41.37,72.88,65.18
52.63,52.63,42.67,71.85,66.66
62.71,62.71,44.83,72.30,68.06
68.88,68.88,48.05,72.71,66.57
70.03,70.03,50.73,72.83,62.39
73.44,73.44,49.38,72.28,64.32
73.00,73.00,51.02,71.11,66.68
73.67,73.67,41.56,70.51,65.82
75.52,75.52,34.97,70.51,66.89
76.34,76.34,31.57,71.79,65.11
76.25,76.25,32.18,72.29,60.27
76.80,76.80,30.13,70.98,56.83
77.66,77.66,29.50,69.47,59.81
79.09,79.09,30.14,69.84,62.23
79.49,79.49,30.95,71.48,62.99
76.60,76.60,35.81,71.61,63.96
75.91,75.91,40.84,71.47,63.13
76.86,76.86,41.69,71.48,62.53
77.44,77.44,41.86,70.59,62.85
74.97,74.97,40.85,69.61,62.73
80.47,80.47,39.23,70.94,62.65
78.36,78.36,38.83,70.42,63.10
77.22,77.22,35.36,70.85,63.30
77.17,77.17,36.97,70.41,63.29
75.81,75.81,31.49,70.09,62.45
75.59,75.59,31.85,69.48,62.56
73.93,73.93,30.50,71.11,62.76
72.71,72.71,31.44,71.66,62.05
75.67,75.67,35.43,71.30,62.44
75.51,75.51,35.66,71.43,62.23
75.93,75.93,33.49,70.83,59.33
75.79,75.79,29.16,70.42,51.22
71.24,71.24,25.44,71.63,46.06
73.73,73.73,27.55,71.83,47.25
75.42,75.42,33.88,71.35,48.05
74.85,74.85,36.95,71.16,44.86
76.23,76.23,32.01,71.16,46.71
75.76,75.76,33.54,70.55,46.41
74.12,74.12,37.95,71.38,45.55
74.44,74.44,49.62,70.44,47.04
75.69,75.69,62.84,71.33,50.31
77.20,77.20,73.05,72.35,53.31
72.80,72.80,73.28,71.98,53.66
72.49,72.49,68.36,70.31,54.63
77.70,77.70,70.91,69.24,56.24
78.94,78.94,73.86,67.00,55.99
77.80,77.80,74.65,64.10,55.73
76.23,76.23,77.13,67.19,66.35
73.73,73.73,81.18,67.17,60.34
73.96,73.96,82.64,54.68,59.65
74.05,74.05,81.79,57.91,58.74
69.85,69.85,81.69,49.97,57.58
70.17,70.17,79.27,55.12,51.63
69.77,69.77,79.66,57.03,53.05
70.75,70.75,77.81,53.99,46.77
68.60,68.60,75.59,53.04,46.46
69.02,69.02,74.99,48.17,43.23
67.20,67.20,74.64,47.37,42.35
59.83,59.83,71.32,48.46,38.80
56.77,56.77,71.78,50.26,36.55
60.08,60.08,70.48,49.81,32.38
68.32,68.32,66.00,43.64,33.42
70.63,70.63,66.54,36.11,33.26
77.04,77.04,63.51,25.40,32.53
78.54,78.54,61.16,25.38,32.04
76.56,76.56,60.55,17.47,32.87
72.18,72.18,54.84,16.64,33.09
68.18,68.18,52.78,12.13,33.60
69.25,69.25,50.11,13.87,34.02
67.45,67.45,51.57,12.23,35.63
74.65,74.65,46.19,11.23,37.73
78.40,78.40,47.45,17.77,42.05
72.11,72.11,49.29,33.43,50.65
75.84,75.84,59.28,48.07,58.94
68.28,68.28,69.83,65.25,71.29
65.58,65.58,78.76,73.60,75.30
61.64,61.64,74.15,71.83,71.93
55.24,55.24,70.36,73.07,71.35
56.49,56.49,65.00,78.19,70.81
54.95,54.95,63.13,77.08,70.18
55.00,55.00,62.89,77.32,70.29
47.37,47.37,62.65,75.18,67.57
48.62,48.62,62.63,76.25,68.57
58.23,58.23,61.44,75.81,69.08
54.98,54.98,60.55,74.37,68.45
43.92,43.92,59.37,73.09,65.77
42.45,42.45,62.35,73.20,63.27
43.10,43.10,61.90,75.24,63.11
43.21,43.21,62.39,72.84,65.80
42.08,42.08,63.33,74.73,63.81
38.86,38.86,66.46,73.60,64.35
38.60,38.60,65.89,74.50,65.82
36.17,36.17,64.07,75.19,67.17
35.54,35.54,58.98,72.57,65.71
33.23,33.23,57.14,74.77,66.14
35.28,35.28,55.88,74.53,66.37
31.11,31.11,54.40,74.54,67.48
31.84,31.84,52.87,74.01,67.87
32.48,32.48,52.62,73.09,66.39
33.15,33.15,51.59,74.19,67.56
32.52,32.52,49.58,74.46,63.51
32.11,32.11,52.59,75.68,67.05
35.20,35.20,65.42,74.64,67.72
29.19,29.19,67.64,73.44,71.17
23.98,23.98,75.10,73.72,75.49
20.38,20.38,73.35,74.60,73.27
25.56,25.56,68.25,71.96,72.87
33.03,33.03,65.37,67.42,68.66
32.36,32.36,62.65,59.89,68.36
35.52,35.52,60.32,54.93,65.01
36.43,36.43,56.08,60.73,60.80
39.18,39.18,52.34,55.66,55.68
40.42,40.42,51.11,56.75,53.33
42.90,42.90,48.17,57.95,54.28
43.44,43.44,48.12,57.05,48.22
48.14,48.14,51.03,55.68,50.22
54.10,54.10,58.72,53.59,53.55
51.36,51.36,64.63,53.02,61.17
40.49,40.49,73.37,64.42,63.06
34.41,34.41,67.38,69.73,68.80
30.50,30.50,61.33,72.61,73.87
33.49,33.49,57.30,75.73,73.87
36.05,36.05,53.41,75.55,71.83
44.83,44.83,48.90,74.45,74.10
53.85,53.85,46.74,74.06,72.37
49.60,49.60,46.50,74.01,72.73
61.41,61.41,45.83,74.13,71.46
72.06,72.06,43.11,73.75,71.93
75.23,75.23,46.58,67.78,70.58
75.98,75.98,55.61,67.94,72.14
77.39,77.39,61.64,59.39,70.90
76.70,76.70,69.64,62.95,72.53
77.88,77.88,75.02,60.04,68.11
76.05,76.05,69.52,65.91,72.02
78.93,78.93,68.63,70.60,69.76
78.51,78.51,54.95,69.25,71.59
80.40,80.40,48.02,65.04,69.35
77.02,77.02,51.58,68.62,71.98
82.73,82.73,51.92,70.64,67.92
83.03,83.03,44.77,70.77,70.00
82.54,82.54,44.32,68.39,69.97
82.13,82.13,43.81,64.74,70.37
79.53,79.53,44.21,68.01,69.34
75.13,75.13,49.44,68.54,69.80
73.55,73.55,60.17,66.86,71.66
62.34,62.34,68.71,69.49,71.87
59.81,59.81,67.48,68.42,67.89
60.33,60.33,64.43,66.61,68.41
66.85,66.85,64.10,67.71,69.00
76.81,76.81,61.93,69.02,70.55
75.81,75.81,60.34,68.67,68.79
72.91,72.91,58.91,70.09,69.48
74.53,74.53,57.23,69.96,67.27
74.89,74.89,54.06,71.24,68.07
73.25,73.25,52.53,69.29,64.54
65.78,65.78,50.59,69.72,64.13
67.20,67.20,50.60,68.43,62.38
68.91,68.91,57.33,70.85,62.90
69.00,69.00,68.24,69.44,61.68
68.78,68.78,78.01,67.60,66.38
69.81,69.81,76.83,67.09,68.14
72.92,72.92,69.88,69.95,63.39
75.61,75.61,62.45,69.02,56.74
77.39,77.39,61.50,68.49,61.35
75.52,75.52,58.02,66.16,58.42
71.29,71.29,55.88,66.75,62.47
70.49,70.49,54.58,60.32,65.53
69.23,69.23,51.28,55.32,65.86
70.89,70.89,53.94,51.01,64.67
69.01,69.01,53.61,48.04,64.91
66.69,66.69,52.58,48.01,66.01
64.56,64.56,54.95,43.85,66.48
62.58,62.58,64.47,54.66,66.75
61.88,61.88,76.05,66.03,72.46
56.73,56.73,67.39,71.19,69.22
56.16,56.16,59.46,74.83,70.75
68.26,68.26,56.58,74.56,70.34
74.41,74.41,50.20,75.51,71.34
72.99,72.99,46.93,72.42,70.04
70.88,70.88,42.59,73.04,71.00
71.56,71.56,40.98,70.28,69.22
70.73,70.73,38.94,71.10,70.50
70.93,70.93,35.41,71.59,67.70
74.36,74.36,37.26,70.37,68.94
72.34,72.34,44.90,71.51,69.64
69.42,69.42,54.51,66.72,70.71
65.62,65.62,64.96,68.03,71.40
67.61,67.61,74.77,73.34,73.10
67.22,67.22,68.64,71.78,68.62
62.50,62.50,61.70,71.56,69.64
66.53,66.53,57.79,71.64,67.61
63.36,63.36,51.47,70.87,69.79
57.68,57.68,52.02,72.69,67.25
61.03,61.03,49.76,73.48,67.94
59.40,59.40,47.29,70.89,66.86
50.11,50.11,42.53,71.40,67.20
48.61,48.61,39.18,74.41,66.42
56.98,56.98,41.34,72.17,65.69
56.08,56.08,47.32,73.23,66.14
51.22,51.22,55.42,72.67,64.73
44.72,44.72,62.41,73.85,66.05
38.82,38.82,69.34,74.13,64.48
36.61,36.61,70.02,73.59,65.91
35.86,35.86,65.67,75.09,64.74
34.37,34.37,61.90,74.53,64.86
34.76,34.76,60.70,76.10,64.17
34.75,34.75,58.60,74.77,64.51
33.34,33.34,57.54,75.04,62.40
33.17,33.17,56.66,75.11,63.60
35.22,35.22,55.59,74.20,61.04
36.56,36.56,55.18,76.07,63.79
35.54,35.54,53.39,74.55,61.67
31.82,31.82,54.68,76.16,62.98
25.96,25.96,60.93,75.39,61.52
20.90,20.90,76.23,74.55,70.64
27.21,27.21,77.74,72.16,71.52
15.04,15.04,71.77,67.10,70.28
18.66,18.66,65.98,74.20,69.44
21.46,21.46,62.91,69.19,69.43
31.77,31.77,60.03,67.18,69.12
35.20,35.20,56.99,61.73,69.06
34.95,34.95,55.25,51.98,64.65
34.45,34.45,51.29,52.25,64.50
34.87,34.87,47.40,47.51,63.10
33.10,33.10,45.95,48.69,63.66
33.56,33.56,44.11,46.91,63.23
30.46,30.46,52.45,51.94,61.96
24.29,24.29,62.03,54.17,59.76
17.15,17.15,74.17,65.04,61.45
16.95,16.95,70.30,65.76,61.42
23.14,23.14,63.51,69.95,64.43
23.50,23.50,60.38,73.83,65.63
26.47,26.47,54.55,76.03,61.20
25.82,25.82,50.94,74.64,62.43
20.94,20.94,44.44,71.00,63.18
20.55,20.55,47.86,71.78,58.95
21.13,21.13,39.97,72.76,63.79
29.57,29.57,36.43,74.35,60.85
46.39,46.39,46.33,73.10,60.32
52.56,52.56,46.37,67.48,61.34
59.58,59.58,52.66,58.29,63.06
79.02,79.02,62.57,55.93,67.54
76.79,76.79,73.83,57.89,70.03
76.47,76.47,70.55,65.32,72.39
78.66,78.66,65.01,67.49,70.43
75.48,75.48,60.04,67.61,69.25
76.54,76.54,54.69,70.77,70.55
77.17,77.17,55.27,69.18,68.97
77.59,77.59,55.14,71.21,70.42
77.81,77.81,54.43,71.72,68.44
74.66,74.66,51.97,73.20,70.73
71.15,71.15,48.54,71.54,69.20
72.23,72.23,42.23,71.33,68.99
77.81,77.81,43.34,70.17,66.77
75.52,75.52,47.57,71.04,68.89
73.57,73.57,62.03,72.98,69.23
73.73,73.73,69.90,70.58,68.65
73.47,73.47,66.20,69.27,70.09
75.23,75.23,62.75,69.15,73.43
75.96,75.96,59.64,70.10,68.15
78.30,78.30,58.23,70.78,68.19
78.34,78.34,56.45,70.04,68.14
78.03,78.03,53.19,71.22,68.77
74.10,74.10,52.18,70.32,68.07
74.01,74.01,49.79,71.03,68.88
74.41,74.41,49.14,70.86,66.86
76.56,76.56,47.57,68.84,66.45
78.90,78.90,50.71,69.08,65.05
75.94,75.94,56.41,68.68,62.98
69.90,69.90,68.06,69.44,66.08
67.31,67.31,76.46,66.33,73.39
63.36,63.36,72.15,65.42,72.95
69.83,69.83,67.05,63.32,64.98
73.89,73.89,63.83,63.67,63.52
73.38,73.38,59.24,60.89,60.28
72.17,72.17,55.07,57.26,59.64
73.74,73.74,53.59,58.72,56.98
72.59,72.59,48.57,52.12,60.05
77.74,77.74,46.54,52.83,55.75
79.63,79.63,44.74,49.97,49.36
76.56,76.56,43.16,50.43,51.13
74.34,74.34,47.21,40.01,50.04
69.64,69.64,55.37,49.37,54.84
62.02,62.02,72.09,57.57,65.68
64.97,64.97,74.11,70.56,71.19
70.82,70.82,64.88,73.27,71.41
73.03,73.03,60.33,73.30,71.22
71.17,71.17,50.49,73.72,71.84
78.07,78.07,47.10,72.11,72.17
79.25,79.25,39.77,71.23,70.81
78.84,78.84,38.00,72.30,69.59
78.79,78.79,40.34,72.95,69.80
78.47,78.47,35.38,72.17,68.70
78.77,78.77,30.32,72.19,68.02
78.02,78.02,37.07,70.95,66.83
76.35,76.35,43.46,67.67,67.81
73.81,73.81,55.95,66.17,67.89
70.59,70.59,71.70,69.63,68.59
69.19,69.19,75.94,72.59,68.43
68.49,68.49,65.60,74.11,72.99
74.19,74.19,58.37,72.70,69.66
76.33,76.33,50.48,70.69,67.58
76.13,76.13,46.29,73.06,67.51
74.79,74.79,39.92,73.66,66.48
73.20,73.20,39.00,71.81,64.60
72.84,72.84,35.36,73.48,63.86
77.45,77.45,31.82,73.44,63.68
77.72,77.72,31.35,74.14,63.49
71.58,71.58,36.09,73.69,64.11
74.40,74.40,44.62,73.23,63.57
74.58,74.58,53.18,72.38,63.48
69.10,69.10,67.02,71.25,68.12
68.37,68.37,69.91,73.33,66.30
71.69,71.69,67.31,73.65,67.02
77.13,77.13,63.99,73.41,65.35
76.49,76.49,61.98,72.96,65.60
74.58,74.58,58.89,73.27,62.77
75.32,75.32,57.37,71.70,64.09
75.85,75.85,55.17,71.78,63.37
77.24,77.24,53.74,68.10,63.18
76.72,76.72,49.56,69.74,62.83
73.88,73.88,49.45,70.32,59.74
65.40,65.40,48.40,69.31,60.07
64.72,64.72,51.04,68.61,60.97
65.13,65.13,62.43,68.99,64.92
63.10,63.10,74.90,69.01,75.53
72.16,72.16,71.00,67.89,75.17
76.53,76.53,68.34,68.57,74.69
76.71,76.71,64.42,70.34,73.50
71.47,71.47,59.83,65.15,72.39
67.21,67.21,56.50,59.86,74.33
65.36,65.36,49.69,59.38,76.61
69.12,69.12,43.13,60.14,76.66
68.37,68.37,39.25,60.32,76.15
66.80,66.80,36.00,58.09,76.12
60.43,60.43,37.36,53.10,75.71
53.50,53.50,45.33,54.50,75.07
52.97,52.97,51.45,53.09,63.83
60.90,60.90,69.19,58.02,55.65
69.08,69.08,75.97,63.61,58.80
81.08,81.08,70.76,67.48,62.27
75.91,75.91,64.51,68.84,61.19
77.66,77.66,57.08,69.32,61.85
80.41,80.41,49.54,74.43,61.85
74.84,74.84,50.15,69.98,58.00
76.26,76.26,43.70,73.21,58.69
75.81,75.81,47.35,71.82,58.42
76.25,76.25,42.97,70.03,58.72
76.77,76.77,40.70,72.30,58.86
75.12,75.12,40.81,65.38,59.78
71.62,71.62,50.20,65.62,58.69
73.15,73.15,56.73,60.61,60.86
74.08,74.08,68.09,63.30,70.17
76.50,76.50,76.02,67.54,72.10
76.08,76.08,73.51,69.10,71.89
77.17,77.17,67.16,72.60,69.31
77.22,77.22,56.34,74.04,68.90
73.41,73.41,57.45,76.06,67.60
78.16,78.16,43.47,74.16,70.68
73.27,73.27,47.61,74.51,69.76
64.19,64.19,43.90,72.44,68.61
59.67,59.67,36.68,73.11,68.11
56.26,56.26,47.44,72.91,69.36
52.25,52.25,44.02,70.93,69.02
55.23,55.23,47.69,71.28,68.25
52.74,52.74,52.50,73.21,68.06
53.84,53.84,64.76,66.89,72.22
59.79,59.79,68.94,68.30,72.01
60.52,60.52,65.39,68.68,72.46
71.69,71.69,63.32,65.63,73.88
70.38,70.38,59.79,66.01,75.43
70.68,70.68,57.74,65.33,74.88
70.45,70.45,56.12,64.41,74.42
71.48,71.48,54.62,68.49,73.85
67.42,67.42,53.02,65.98,71.45
67.71,67.71,51.57,66.91,73.13
68.88,68.88,51.05,69.93,72.25
68.71,68.71,52.82,66.29,70.80
69.32,69.32,62.37,68.69,68.30
67.38,67.38,70.68,67.28,67.30
64.02,64.02,75.57,67.69,69.05
66.18,66.18,72.92,66.12,71.46
62.95,62.95,69.74,67.74,71.11
65.16,65.16,65.19,66.84,72.32
65.97,65.97,59.89,66.27,72.28
64.04,64.04,56.16,55.14,72.85
62.48,62.48,51.47,56.63,72.20
61.02,61.02,47.19,54.67,72.41
61.05,61.05,41.83,51.04,71.47
56.43,56.43,40.97,48.40,69.36
60.40,60.40,40.91,52.10,58.69
61.52,61.52,43.41,44.95,55.88
57.90,57.90,50.37,47.44,57.93
52.28,52.28,64.71,56.51,67.20
43.27,43.27,72.99,66.77,75.11
45.54,45.54,68.12,73.69,76.21
41.88,41.88,62.45,75.00,77.72
37.76,37.76,56.80,73.82,75.42
35.81,35.81,46.90,74.02,76.34
36.91,36.91,42.44,73.81,75.49
38.40,38.40,37.56,73.21,74.72
38.52,38.52,36.91,71.12,74.96
36.82,36.82,35.44,70.13,74.48
37.82,37.82,35.22,70.79,73.72
36.11,36.11,38.93,68.79,73.73
30.36,30.36,45.44,66.83,73.04
25.75,25.75,56.00,63.52,73.07
20.92,20.92,70.56,62.39,72.86
17.46,17.46,75.39,67.45,73.59
21.91,21.91,71.60,67.47,69.22
25.31,25.31,62.49,67.25,71.51
27.40,27.40,55.92,68.58,70.86
25.75,25.75,47.05,68.23,69.91
22.41,22.41,47.01,67.05,71.61
22.85,22.85,39.11,65.03,67.92
25.53,25.53,38.43,64.43,69.07
21.93,21.93,29.93,66.69,66.04
22.64,22.64,29.16,67.75,68.30
22.54,22.54,32.38,68.84,64.37
16.95,16.95,43.90,67.06,65.77
12.13,12.13,53.82,63.49,67.17
17.50,17.50,66.78,64.03,70.23
14.46,14.46,66.97,66.86,70.02
18.21,18.21,65.91,67.58,70.64
20.73,20.73,63.42,69.77,69.28
18.54,18.54,61.53,70.32,70.10
19.05,19.05,59.63,69.83,68.78
16.97,16.97,58.39,70.27,67.32
17.87,17.87,58.34,70.80,67.10
19.98,19.98,56.63,71.18,68.77
23.53,23.53,55.27,69.94,67.89
23.95,23.95,53.78,69.24,67.31
23.20,23.20,53.85,69.02,66.72
15.65,15.65,58.70,71.50,62.70
12.34,12.34,68.38,72.95,74.45
16.72,16.72,77.43,72.62,75.41
14.35,14.35,73.72,73.51,75.86
14.78,14.78,67.99,73.09,77.04
16.64,16.64,64.74,72.67,78.67
21.00,21.00,59.40,64.82,77.12
23.99,23.99,54.78,60.63,76.08
23.01,23.01,50.27,63.83,74.19
22.98,22.98,45.40,58.37,74.04
25.78,25.78,41.38,58.14,74.15
36.34,36.34,38.64,54.39,74.44
51.56,51.56,47.02,56.73,72.97
54.17,54.17,51.22,55.42,67.80
60.64,60.64,59.21,49.30,66.13
70.65,70.65,72.09,61.70,67.50
71.21,71.21,78.17,70.53,68.46
72.22,72.22,69.42,69.47,72.05
75.73,75.73,64.37,73.55,71.60
75.79,75.79,53.69,70.72,71.39
76.29,76.29,50.82,73.78,71.21
76.27,76.27,47.95,72.41,70.68
75.36,75.36,41.51,69.96,69.12
78.15,78.15,44.96,71.20,69.57
74.69,74.69,42.25,69.20,71.68
66.40,66.40,47.71,72.05,71.37
73.70,73.70,40.47,67.19,71.15
78.11,78.11,52.70,63.44,68.97
75.86,75.86,60.22,53.98,66.70
75.56,75.56,72.86,61.06,69.45
72.37,72.37,79.04,67.57,73.91
74.27,74.27,69.20,72.32,73.81
75.95,75.95,62.91,70.61,73.31
77.07,77.07,49.92,72.01,74.63
77.15,77.15,54.14,74.93,72.73
76.12,76.12,52.07,69.81,74.40
78.01,78.01,51.54,72.58,72.55
79.33,79.33,50.08,74.26,73.87
78.26,78.26,48.29,72.91,70.94
77.35,77.35,43.50,72.84,71.26
77.31,77.31,44.28,73.63,69.50
71.00,71.00,43.47,70.60,67.69
62.79,62.79,54.38,71.53,70.50
60.93,60.93,64.79,71.98,74.26
54.40,54.40,65.10,69.60,75.34
63.45,63.45,62.96,68.96,79.72
71.32,71.32,60.94,66.16,75.72
67.51,67.51,56.41,66.44,76.84
72.63,72.63,51.99,69.30,75.61
77.05,77.05,50.09,69.10,74.90
77.12,77.12,48.87,66.29,74.06
75.38,75.38,47.95,63.57,73.27
69.28,69.28,47.09,57.86,75.07
72.82,72.82,48.60,58.46,74.08
74.72,74.72,53.40,55.04,71.92
71.09,71.09,64.58,61.11,71.20
73.50,73.50,73.30,68.50,69.78
77.87,77.87,75.08,76.31,69.55
79.09,79.09,70.34,72.98,65.02
76.98,76.98,66.36,70.41,66.61
77.76,77.76,60.67,73.80,65.33
80.41,80.41,55.07,74.56,66.29
79.45,79.45,49.14,73.35,63.03
79.66,79.66,53.71,71.87,64.52
75.28,75.28,56.40,71.15,64.92
61.97,61.97,54.26,71.22,64.33
63.04,63.04,46.47,74.04,63.24
65.96,65.96,50.32,72.75,62.42
65.95,65.95,56.07,67.84,60.44
63.45,63.45,58.57,66.65,61.14
64.26,64.26,74.52,62.83,67.77
65.82,65.82,72.18,61.15,70.10
67.72,67.72,67.78,70.07,70.86
73.29,73.29,62.53,71.92,69.35
76.62,76.62,58.04,73.71,69.21
75.71,75.71,54.65,71.83,66.78
76.70,76.70,54.24,71.64,66.95
79.96,79.96,51.47,72.64,66.79
76.63,76.63,49.16,70.48,65.74
79.46,79.46,48.20,67.89,63.75
79.59,79.59,45.54,69.84,65.04
78.43,78.43,45.30,70.74,65.50
78.84,78.84,52.43,68.49,65.74
80.09,80.09,61.16,69.82,65.03
79.92,79.92,73.99,68.10,68.36
80.00,80.00,74.69,70.32,70.47
77.24,77.24,70.47,72.92,71.44
77.75,77.75,61.04,74.63,69.52
66.61,66.61,53.78,76.45,69.68
67.38,67.38,50.48,74.97,71.18
66.84,66.84,48.40,70.86,68.21
67.84,67.84,45.68,74.14,71.32
67.17,67.17,41.83,72.93,69.85
64.96,64.96,42.67,73.24,71.72
67.21,67.21,41.71,70.04,71.36
67.93,67.93,42.57,72.64,70.66
58.89,58.89,46.68,73.98,68.79
59.57,59.57,54.89,73.42,72.55
65.05,65.05,63.86,72.30,69.05
61.76,61.76,64.24,72.00,71.34
61.35,61.35,65.87,74.56,69.74
61.22,61.22,63.98,73.20,72.44
60.50,60.50,62.65,74.16,68.39
60.78,60.78,61.62,72.08,69.55
60.24,60.24,60.86,74.38,69.77
60.29,60.29,59.70,73.45,69.90
60.71,60.71,60.14,73.25,68.51
61.19,61.19,58.32,74.11,66.30
61.06,61.06,56.56,72.14,64.28
59.59,59.59,55.98,75.40,66.63
55.39,55.39,59.81,72.80,64.52
47.40,47.40,66.17,73.03,66.24
44.65,44.65,79.02,73.98,72.47
39.23,39.23,75.52,70.68,71.09
39.00,39.00,71.26,66.00,74.78
40.06,40.06,66.49,70.39,70.01
43.88,43.88,62.75,67.66,69.78
44.77,44.77,59.12,60.62,64.79
43.87,43.87,56.65,59.36,65.86
43.27,43.27,51.53,58.40,56.55
41.65,41.65,50.60,49.09,53.67
42.64,42.64,48.87,52.55,53.13
39.72,39.72,47.58,51.11,51.28
38.34,38.34,48.88,42.43,48.45
31.67,31.67,52.44,41.34,48.61
31.78,31.78,71.90,58.06,58.65
16.77,16.77,75.10,67.91,59.78
19.79,19.79,72.46,72.22,65.05
28.26,28.26,64.53,70.95,62.67
30.17,30.17,58.13,73.00,62.66
29.88,29.88,52.86,71.96,62.94
27.06,27.06,47.07,74.17,63.63
26.14,26.14,44.36,75.01,59.97
27.26,27.26,39.62,74.21,61.00
30.45,30.45,36.54,72.61,60.93
37.24,37.24,37.08,74.35,60.65
48.19,48.19,36.24,71.97,60.50
54.52,54.52,47.23,62.09,56.77
60.12,60.12,55.78,53.58,61.71
75.74,75.74,65.63,53.46,66.62
79.19,79.19,78.57,64.46,69.19
76.70,76.70,72.72,64.45,72.95
78.07,78.07,66.37,61.86,67.51
81.00,81.00,54.93,66.79,70.02
75.95,75.95,56.39,71.55,68.73
83.24,83.24,51.55,70.82,67.80
84.16,84.16,51.52,68.77,66.98
78.98,78.98,52.47,65.17,68.99
74.45,74.45,49.59,68.12,70.93
82.38,82.38,46.28,67.60,68.19
83.41,83.41,45.14,69.99,69.30
83.78,83.78,47.66,69.82,65.85
84.80,84.80,53.11,70.92,61.89
78.27,78.27,66.44,70.62,70.02
76.39,76.39,68.96,70.17,70.34
76.83,76.83,67.23,68.90,74.23
76.10,76.10,65.56,68.36,74.36
78.10,78.10,61.39,68.04,71.81
79.56,79.56,55.51,69.50,74.88
77.86,77.86,50.50,69.56,72.08
79.17,79.17,48.67,69.00,71.67
79.27,79.27,46.50,68.29,70.50
76.13,76.13,44.59,68.18,69.99
76.62,76.62,43.59,68.86,68.92
74.33,74.33,42.91,69.79,71.94
74.51,74.51,51.23,69.92,69.13
72.33,72.33,60.78,68.03,71.09
75.01,75.01,73.16,68.51,69.17
75.36,75.36,79.36,65.72,70.57
73.29,73.29,72.81,65.72,66.32
71.89,71.89,69.37,66.33,62.90
70.97,70.97,63.58,67.12,61.39
67.91,67.91,63.74,69.82,62.90
70.21,70.21,63.60,66.48,63.14
69.73,69.73,52.43,64.02,59.47
68.98,68.98,55.80,51.66,53.96
60.06,60.06,51.09,43.92,50.68
49.86,49.86,45.95,40.67,47.19
46.74,46.74,39.59,47.93,48.44
49.63,49.63,44.59,46.41,49.86
56.70,56.70,57.68,54.91,63.92
61.43,61.43,72.13,68.33,71.59
66.06,66.06,74.61,72.02,72.92
64.37,64.37,62.67,72.79,74.10
69.54,69.54,55.67,71.08,71.11
77.21,77.21,49.74,74.42,71.81
77.19,77.19,46.85,77.10,72.18
77.50,77.50,44.96,72.32,71.76
80.41,80.41,39.95,72.98,72.30
82.27,82.27,33.20,73.27,72.09
81.66,81.66,27.99,73.12,69.56
77.68,77.68,29.48,74.29,71.67
76.04,76.04,41.10,70.13,71.53
70.10,70.10,54.72,63.76,71.34
73.31,73.31,62.01,60.59,67.61
76.98,76.98,75.35,65.01,70.61
74.94,74.94,71.93,73.81,68.64
76.21,76.21,68.14,72.15,66.70
75.31,75.31,59.16,74.91,66.20
70.46,70.46,52.16,71.66,68.16
69.25,69.25,49.29,70.66,63.89
69.23,69.23,45.32,70.43,65.62
63.10,63.10,43.72,70.69,68.01
59.86,59.86,38.61,68.75,67.33
63.23,63.23,36.73,66.26,66.94
62.40,62.40,38.99,69.77,68.94
63.38,63.38,46.20,68.21,67.13
64.03,64.03,51.66,70.48,68.35
64.45,64.45,57.75,69.08,67.59
65.85,65.85,64.87,68.79,69.94
63.05,63.05,65.03,67.67,68.50
64.30,64.30,63.38,68.87,69.15
64.95,64.95,60.39,70.54,68.24
65.36,65.36,58.68,69.67,68.92
64.85,64.85,57.81,71.71,67.96
64.86,64.86,57.75,69.06,70.87
64.64,64.64,56.64,71.57,70.32
65.11,65.11,54.01,72.12,68.88
65.45,65.45,49.00,71.83,67.13
60.40,60.40,48.69,71.87,68.47
47.56,47.56,54.52,70.93,66.51
44.46,44.46,65.56,71.84,67.14
43.91,43.91,76.33,69.70,70.71
35.21,35.21,77.58,68.61,72.55
33.73,33.73,72.66,65.87,72.45
38.22,38.22,68.46,69.17,71.14
40.34,40.34,63.68,54.69,72.68
43.35,43.35,59.48,60.56,73.52
44.40,44.40,57.14,54.91,71.11
42.34,42.34,50.94,53.52,64.47
40.56,40.56,44.34,50.38,65.00
38.43,38.43,41.03,50.09,65.87
39.39,39.39,41.36,49.40,65.00
36.78,36.78,41.07,52.38,65.76
32.46,32.46,46.33,52.41,64.34
32.74,32.74,54.36,58.33,64.89
33.21,33.21,73.55,70.51,67.12
36.92,36.92,70.48,70.69,67.82
44.39,44.39,62.65,68.64,67.91
53.00,53.00,58.13,68.81,66.12
63.57,63.57,56.43,73.05,66.12
68.51,68.51,53.91,73.29,66.34
68.97,68.97,50.33,70.08,66.23
68.57,68.57,51.48,71.20,63.52
69.27,69.27,51.73,70.96,65.37
61.79,61.79,48.44,70.98,65.94
48.10,48.10,41.65,73.73,64.44
50.20,50.20,45.92,66.55,63.02
60.61,60.61,56.83,58.40,64.27
73.88,73.88,66.70,64.84,68.92
74.20,74.20,77.32,67.03,68.70
76.10,76.10,73.63,67.60,69.66
77.97,77.97,67.69,67.58,70.90
77.57,77.57,61.61,69.77,69.88
75.99,75.99,58.83,70.76,69.74
75.71,75.71,54.69,74.94,70.04
76.65,76.65,50.26,74.59,69.79
75.66,75.66,47.77,71.51,69.91
74.83,74.83,43.84,69.25,67.30
75.64,75.64,42.44,71.24,67.69
77.13,77.13,44.57,71.89,70.10
65.74,65.74,43.03,69.70,67.84
65.52,65.52,50.11,69.16,65.64
64.19,64.19,64.59,70.51,68.76
64.39,64.39,67.47,71.66,70.01
69.62,69.62,66.29,70.04,72.00
72.74,72.74,64.46,69.36,70.85
73.72,73.72,61.93,72.14,69.40
77.45,77.45,60.07,71.81,69.44
78.39,78.39,55.29,70.67,69.24
74.90,74.90,53.84,72.11,69.29
70.61,70.61,51.27,70.67,67.34
74.64,74.64,50.26,71.56,68.14
76.22,76.22,48.24,70.58,65.92
77.83,77.83,49.06,72.50,62.92
76.08,76.08,53.59,69.81,55.99
74.65,74.65,63.03,69.80,58.97
76.38,76.38,76.13,69.55,63.84
75.71,75.71,75.33,69.41,67.81
72.22,72.22,69.49,64.82,65.05
73.96,73.96,64.76,63.81,62.42
72.45,72.45,61.10,64.12,65.59
76.07,76.07,55.37,60.08,59.90
81.51,81.51,48.51,59.12,58.48
78.29,78.29,47.33,59.76,58.06
64.46,64.46,50.55,56.89,55.07
69.80,69.80,52.78,49.12,54.75
71.59,71.59,57.36,49.09,59.86
71.74,71.74,57.27,50.78,60.48
71.95,71.95,56.93,49.02,57.49
69.19,69.19,57.28,53.64,59.29
67.87,67.87,76.23,68.19,67.03
72.31,72.31,68.99,72.22,71.11
79.58,79.58,59.55,69.71,71.28
82.95,82.95,50.91,67.66,65.74
78.39,78.39,47.11,69.29,68.69
74.99,74.99,44.52,70.32,68.36
74.51,74.51,36.45,70.56,67.81
79.31,79.31,37.72,71.02,70.46
76.08,76.08,34.90,70.20,68.34
76.55,76.55,35.29,70.14,67.63
79.54,79.54,36.30,70.20,68.38
80.20,80.20,43.53,68.44,65.97
78.96,78.96,53.36,67.34,66.98
79.14,79.14,64.56,66.21,67.67
77.78,77.78,75.37,68.02,69.57
76.78,76.78,71.06,73.09,71.64
76.65,76.65,65.91,72.95,69.90
75.79,75.79,56.47,73.16,68.59
76.54,76.54,49.69,73.05,68.77
76.21,76.21,49.43,72.41,69.00
77.09,77.09,45.85,72.45,69.23
77.49,77.49,49.36,71.38,69.44
77.20,77.20,45.53,71.59,67.86
76.31,76.31,36.32,70.33,68.67
78.18,78.18,37.82,70.46,66.08
76.60,76.60,39.11,70.69,65.36
75.96,75.96,48.14,70.07,66.57
75.36,75.36,61.14,70.56,67.04
73.58,73.58,68.73,70.05,66.63
73.80,73.80,68.29,68.65,63.88
73.30,73.30,65.29,69.19,65.09
73.40,73.40,63.28,68.62,63.42
74.51,74.51,61.60,67.73,62.96
75.54,75.54,60.00,68.22,63.02
75.88,75.88,58.28,69.01,59.68
72.76,72.76,57.99,69.16,59.74
66.96,66.96,55.93,67.79,60.64
66.52,66.52,55.25,66.51,59.53
68.93,68.93,54.79,68.03,58.50
71.02,71.02,55.54,68.46,61.61
71.07,71.07,62.51,67.24,62.79
66.19,66.19,76.51,65.74,70.74
64.07,64.07,74.14,66.45,71.36
68.10,68.10,69.93,69.67,67.48
72.60,72.60,66.35,66.81,70.28
71.33,71.33,60.87,65.43,66.10
67.06,67.06,58.25,59.35,58.39
67.74,67.74,53.11,56.58,55.75
71.19,71.19,49.67,54.90,53.78
69.82,69.82,49.84,54.06,52.30
69.21,69.21,46.18,47.63,50.09
63.79,63.79,42.68,49.61,51.50
56.01,56.01,48.00,48.65,49.71
43.91,43.91,54.39,46.21,53.98
49.30,49.30,69.72,57.45,59.06
55.64,55.64,77.05,67.11,68.16
65.66,65.66,68.57,70.59,67.50
71.13,71.13,63.91,70.28,68.75
74.24,74.24,55.31,71.99,69.16
74.47,74.47,52.28,72.81,66.75
74.37,74.37,49.37,70.30,67.25
73.64,73.64,47.78,72.94,65.63
71.29,71.29,42.55,70.67,65.78
73.83,73.83,39.59,69.53,61.07
72.56,72.56,37.94,70.74,64.38
72.17,72.17,37.82,63.19,59.01
72.95,72.95,47.95,61.32,55.71
71.25,71.25,56.11,54.99,57.12
73.67,73.67,67.61,66.66,65.18
71.79,71.79,78.12,70.36,70.60
69.80,69.80,71.14,69.71,71.27
68.43,68.43,64.27,64.47,69.71
68.67,68.67,56.58,69.33,70.87
67.32,67.32,54.97,71.53,69.92
64.20,64.20,44.46,68.61,68.35
67.83,67.83,47.67,72.14,67.90
71.62,71.62,45.12,72.52,69.55
70.05,70.05,36.26,69.64,67.06
70.89,70.89,41.02,73.72,67.94
69.51,69.51,37.80,71.88,68.09
61.12,61.12,41.02,71.74,64.99
58.85,58.85,51.87,74.59,64.07
66.37,66.37,63.91,71.06,68.35
64.48,64.48,66.67,68.49,73.73
63.71,63.71,64.91,69.92,72.17
64.47,64.47,62.66,70.78,71.10
62.28,62.28,61.33,68.62,69.50
62.90,62.90,56.65,68.69,69.73
65.98,65.98,52.36,69.43,69.98
71.34,71.34,49.11,69.02,71.21
74.54,74.54,45.90,68.47,70.24
76.53,76.53,46.04,68.60,70.43
77.72,77.72,46.40,69.47,70.14
74.35,74.35,56.05,66.09,71.59
67.40,67.40,61.70,68.48,67.97
67.06,67.06,66.46,71.15,68.19
65.77,65.77,73.19,67.62,71.43
66.85,66.85,77.19,57.73,72.10
62.56,62.56,74.98,64.91,72.36
65.45,65.45,68.32,66.22,72.64
68.94,68.94,61.83,59.08,70.36
71.42,71.42,58.95,58.37,70.51
71.55,71.55,53.29,52.32,70.42
70.26,70.26,48.93,51.45,70.44
70.05,70.05,46.00,44.86,70.86
69.01,69.01,43.68,49.35,68.07
68.36,68.36,37.73,42.44,69.13
64.91,64.91,43.77,42.42,64.55
61.31,61.31,49.94,39.33,56.40
59.34,59.34,62.80,50.18,61.37
53.90,53.90,76.44,65.50,69.76
49.65,49.65,71.37,74.37,73.22
48.95,48.95,66.16,75.01,75.41
52.63,52.63,57.53,76.85,75.31
47.95,47.95,52.42,75.45,74.56
45.41,45.41,48.52,74.70,72.71
45.16,45.16,41.78,74.30,73.41
43.59,43.59,37.83,73.80,73.43
41.56,41.56,33.91,74.79,73.09
40.80,40.80,29.84,75.21,73.29
38.02,38.02,32.71,74.26,72.54
37.94,37.94,42.82,69.84,69.72
36.40,36.40,51.94,63.66,69.19
34.73,34.73,61.92,64.63,69.86
35.09,35.09,77.98,69.86,71.75
31.42,31.42,74.89,67.55,70.09
30.89,30.89,68.91,67.99,69.59
33.53,33.53,59.96,70.48,69.36
34.70,34.70,50.77,70.73,70.41
32.71,32.71,48.56,70.43,69.83
31.48,31.48,43.81,71.59,70.89
30.15,30.15,41.94,72.18,70.93
29.80,29.80,35.73,71.46,69.00
33.14,33.14,29.57,72.08,68.57
31.16,31.16,28.13,71.10,66.78
27.52,27.52,37.30,70.94,66.75
20.09,20.09,46.11,73.94,65.03
20.18,20.18,58.87,71.00,68.64
17.64,17.64,67.89,68.66,69.55
15.60,15.60,68.06,68.08,74.85
21.49,21.49,66.21,67.09,73.89
22.96,22.96,62.31,67.68,76.34
23.51,23.51,60.94,67.01,73.13
23.42,23.42,59.13,66.09,75.19
22.48,22.48,57.48,65.86,71.04
23.03,23.03,57.68,67.72,75.66
22.82,22.82,58.42,68.99,68.88
17.28,17.28,58.18,69.09,69.15
20.92,20.92,57.81,70.27,66.13
15.33,15.33,58.46,68.58,61.93
12.54,12.54,65.38,68.62,59.20
20.22,20.22,78.58,69.57,66.85
16.35,16.35,78.77,71.11,72.65
15.03,15.03,72.86,71.89,70.30
12.34,12.34,68.63,68.31,67.10
8.67,8.67,64.46,68.75,68.12
13.80,13.80,61.96,62.94,65.15
18.49,18.49,56.66,59.14,64.57
22.30,22.30,51.80,49.53,63.09
26.07,26.07,45.46,48.68,61.02
29.78,29.78,43.21,52.20,60.32
29.80,29.80,41.66,49.60,59.92
26.11,26.11,42.23,47.52,60.54
21.32,21.32,46.85,38.66,60.42
13.24,13.24,62.22,46.63,63.77
21.84,21.84,73.63,63.29,73.03
17.51,17.51,67.55,69.43,74.78
16.93,16.93,60.79,65.73,74.45
19.48,19.48,58.78,69.54,74.79
22.03,22.03,52.10,71.90,73.33
22.88,22.88,47.75,69.45,74.45
21.44,21.44,47.37,70.26,73.27
22.32,22.32,43.97,71.23,71.10
24.59,24.59,42.31,67.82,70.53
31.44,31.44,40.43,71.75,70.12
31.84,31.84,46.51,68.75,64.56
25.18,25.18,44.38,57.98,60.61
22.55,22.55,55.90,50.60,62.96
18.19,18.19,66.47,56.49,66.07
16.01,16.01,75.69,67.62,72.57
13.05,13.05,71.82,66.32,70.38
13.09,13.09,66.38,67.23,68.00
16.83,16.83,57.05,69.74,68.15
20.19,20.19,53.17,71.70,68.95
24.02,24.02,50.79,69.38,65.96
26.63,26.63,49.30,72.33,66.05
29.61,29.61,47.50,68.12,65.67
30.31,30.31,43.10,69.95,64.26
31.23,31.23,37.82,70.87,66.04
29.77,29.77,36.36,67.48,65.31
26.58,26.58,38.08,69.86,65.03
23.24,23.24,46.35,68.66,64.87
22.30,22.30,63.47,68.31,70.08
21.00,21.00,66.98,67.31,73.77
19.67,19.67,64.70,68.83,76.17
17.72,17.72,64.05,65.57,77.00
23.78,23.78,62.02,64.32,77.77
26.79,26.79,59.65,64.08,77.85
25.61,25.61,57.88,55.72,74.56
20.12,20.12,57.56,58.69,70.55
16.07,16.07,56.44,59.22,69.33
17.87,17.87,55.86,71.54,67.84
18.57,18.57,57.36,69.19,69.40
19.39,19.39,55.36,66.86,70.08
17.84,17.84,59.40,68.37,68.15
16.00,16.00,64.67,67.17,64.03
19.06,19.06,81.46,64.73,69.32
13.71,13.71,78.53,68.40,70.48
13.05,13.05,72.15,72.13,64.77
14.30,14.30,66.30,71.93,64.23
14.06,14.06,63.81,69.24,64.55
15.59,15.59,57.85,67.81,62.30
19.56,19.56,52.84,70.41,62.93
27.16,27.16,50.04,71.14,63.29
32.66,32.66,45.73,71.39,60.87
34.36,34.36,41.36,69.25,61.33
30.82,30.82,46.32,64.99,61.06
23.72,23.72,49.14,58.09,55.14
15.61,15.61,56.71,59.96,53.34
16.08,16.08,73.36,62.42,62.29
20.93,20.93,72.50,54.30,62.20
25.17,25.17,69.64,64.47,62.93
27.24,27.24,63.65,71.57,61.39
26.37,26.37,56.53,73.96,62.37
28.17,28.17,53.53,72.75,60.17
29.36,29.36,44.21,72.63,61.20
28.81,28.81,39.96,71.33,59.75
27.83,27.83,37.66,72.37,61.68
29.90,29.90,32.88,73.04,61.25
30.33,30.33,30.72,71.63,60.78
32.31,32.31,38.62,68.14,59.06
26.28,26.28,49.83,60.28,59.90
22.12,22.12,58.76,58.98,59.40
20.11,20.11,73.59,64.50,73.02
16.62,16.62,74.67,70.89,78.15
7.36,7.36,65.50,72.14,77.37
8.99,8.99,64.47,70.90,74.18
12.69,12.69,58.65,72.00,74.11
10.80,10.80,60.45,70.24,78.90
11.12,11.12,59.39,72.12,79.81
12.89,12.89,60.21,71.74,79.67
18.93,18.93,61.07,72.03,79.82
22.65,22.65,61.24,71.06,80.44
22.27,22.27,63.11,70.96,79.78
23.68,23.68,64.15,73.56,79.34
22.69,22.69,63.59,73.10,79.00
20.34,20.34,63.95,71.82,77.51
19.34,19.34,65.54,72.84,77.81
19.28,19.28,68.08,72.73,77.89
21.43,21.43,66.40,74.57,76.67
23.93,23.93,63.35,72.70,75.66
26.23,26.23,63.40,72.70,74.17
28.74,28.74,63.24,72.37,73.20
29.85,29.85,61.95,72.85,70.32
29.63,29.63,61.30,72.96,70.14
31.09,31.09,60.19,74.11,69.27
34.22,34.22,59.42,72.14,69.71
36.32,36.32,59.97,69.67,68.74
38.01,38.01,58.25,70.84,68.44
37.25,37.25,60.61,73.10,66.82
35.21,35.21,65.51,69.73,65.41
35.91,35.91,78.04,68.67,69.33
29.56,29.56,79.10,61.98,68.94
33.10,33.10,73.70,55.82,70.14
34.09,34.09,67.90,53.48,71.98
35.92,35.92,64.38,59.47,71.81
36.00,36.00,61.62,56.22,67.06
32.33,32.33,58.71,54.72,66.42
36.17,36.17,57.15,56.12,69.14
32.85,32.85,55.92,53.88,67.33
33.10,33.10,56.79,51.58,66.57
32.66,32.66,56.22,50.68,66.25
36.12,36.12,56.55,54.07,67.35
41.30,41.30,56.01,52.43,65.46
46.92,46.92,62.85,55.47,67.65
57.53,57.53,71.45,63.12,66.36
71.86,71.86,73.86,67.67,68.34
72.68,72.68,66.87,70.13,68.40
81.67,81.67,61.64,73.11,64.23
80.62,80.62,62.87,72.71,64.88
79.38,79.38,60.10,71.17,63.26
77.78,77.78,57.40,70.74,63.66
65.26,65.26,53.88,72.64,65.29
68.29,68.29,51.48,71.69,64.00
70.16,70.16,50.28,71.69,64.23
68.07,68.07,49.28,68.17,62.24
62.87,62.87,47.73,65.00,61.18
63.19,63.19,52.74,65.70,62.99
65.80,65.80,61.92,62.31,63.95
79.79,79.79,74.28,66.10,68.57
78.35,78.35,74.68,63.44,69.83
82.58,82.58,68.25,63.79,67.81
83.77,83.77,64.76,67.99,65.91
80.69,80.69,56.96,71.97,66.62
76.10,76.10,55.75,69.73,64.73
75.39,75.39,53.20,67.39,64.45
76.17,76.17,52.35,66.94,66.52
77.47,77.47,49.50,68.80,64.36
78.01,78.01,49.12,69.21,62.40
78.75,78.75,45.25,69.13,63.06
83.56,83.56,45.41,67.18,61.80
78.81,78.81,49.36,65.66,63.46
77.78,77.78,56.60,64.43,64.16
81.66,81.66,67.79,67.94,68.60
82.97,82.97,70.31,65.06,68.72
78.44,78.44,68.45,64.44,68.89
74.44,74.44,63.19,66.48,73.32
74.79,74.79,58.16,67.51,72.96
75.47,75.47,55.72,69.51,71.33
78.47,78.47,54.13,66.99,71.36
78.80,78.80,51.85,68.74,71.08
76.65,76.65,50.22,69.89,68.37
78.82,78.82,49.87,67.44,70.41
75.90,75.90,49.75,67.35,67.59
75.81,75.81,52.98,65.93,67.77
75.24,75.24,59.80,63.66,64.19
73.31,73.31,68.57,66.26,65.69
73.21,73.21,75.13,64.11,67.60
78.02,78.02,73.78,67.14,64.08
79.42,79.42,72.68,65.27,67.83
75.59,75.59,67.70,64.64,61.55
71.05,71.05,62.86,67.06,57.80
66.95,66.95,62.24,66.46,58.53
68.19,68.19,61.96,67.37,57.75
69.06,69.06,61.02,65.69,54.70
68.81,68.81,61.21,62.21,56.42
66.38,66.38,58.68,61.93,56.67
68.31,68.31,56.16,64.08,57.24
75.37,75.37,52.50,63.74,56.44
78.19,78.19,57.24,65.06,59.38
80.64,80.64,66.33,66.55,62.97
74.73,74.73,73.83,71.42,63.17
72.25,72.25,66.29,74.53,63.98
75.85,75.85,59.32,75.80,71.77
77.21,77.21,53.28,75.69,71.99
76.78,76.78,48.86,74.82,68.94
76.84,76.84,46.64,76.44,69.12
79.18,79.18,52.28,74.18,65.98
76.17,76.17,49.82,74.41,63.98
75.14,75.14,47.69,73.27,60.34
75.65,75.65,46.24,74.17,59.91
77.29,77.29,48.76,72.85,61.76
77.91,77.91,51.93,69.92,60.70
76.47,76.47,62.58,65.96,61.99
76.71,76.71,71.90,67.88,68.31
78.65,78.65,76.11,66.42,69.51
77.76,77.76,70.11,74.52,68.85
81.25,81.25,64.57,75.84,75.33
75.17,75.17,54.14,72.90,74.76
74.23,74.23,47.20,69.47,72.54
67.53,67.53,46.13,71.78,71.50
66.03,66.03,49.69,77.05,68.94
64.88,64.88,43.96,74.39,69.49
64.80,64.80,38.59,71.01,69.94
62.73,62.73,36.50,74.43,71.66
58.53,58.53,38.32,73.50,71.57
53.13,53.13,46.67,74.85,70.52
55.21,55.21,54.73,74.21,70.15
59.87,59.87,62.57,74.55,66.02
64.25,64.25,64.91,73.78,67.82
70.75,70.75,64.38,72.73,65.43
77.20,77.20,57.58,71.41,69.88
79.24,79.24,52.72,73.81,67.94
83.58,83.58,49.09,69.79,67.60
83.16,83.16,47.76,71.16,66.98
82.86,82.86,46.27,71.87,64.14
79.83,79.83,43.91,70.79,65.24
73.51,73.51,41.57,73.08,63.66
74.41,74.41,41.30,72.85,65.12
79.01,79.01,48.03,71.56,62.08
81.89,81.89,60.16,71.16,61.78
82.70,82.70,71.75,69.85,64.64
73.96,73.96,77.37,70.09,73.32
73.30,73.30,72.75,70.66,73.89
80.32,80.32,69.61,68.63,79.02
74.55,74.55,64.46,68.39,80.88
73.58,73.58,61.67,62.55,79.78
62.84,62.84,55.54,59.57,76.26
64.06,64.06,56.26,58.98,73.38
65.51,65.51,58.01,53.35,66.61
66.42,66.42,56.71,57.59,59.99
67.04,67.04,58.02,54.42,58.91
68.99,68.99,55.09,52.52,60.18
70.35,70.35,55.52,44.48,57.08
68.28,68.28,60.82,51.30,51.17
65.18,65.18,71.40,61.06,56.05
77.73,77.73,75.83,71.34,59.64
77.87,77.87,67.36,73.38,62.82
75.91,75.91,59.75,72.75,67.20
80.08,80.08,56.60,76.42,67.07
81.18,81.18,49.37,76.62,66.85
77.60,77.60,47.21,74.24,63.38
77.13,77.13,48.87,72.21,58.05
77.41,77.41,45.15,74.38,57.05
78.42,78.42,42.04,71.08,52.86
75.33,75.33,44.24,70.70,53.23
75.54,75.54,46.32,72.45,52.77
80.75,80.75,58.06,71.87,56.34
77.17,77.17,60.91,65.89,61.27
75.62,75.62,75.14,67.89,68.13
74.07,74.07,71.15,69.31,67.26
73.30,73.30,68.39,73.96,67.30
72.02,72.02,63.79,69.90,69.76
74.79,74.79,53.47,76.43,71.00
75.84,75.84,50.59,73.68,70.80
71.48,71.48,47.89,73.35,69.32
67.59,67.59,50.40,71.90,70.68
64.37,64.37,46.00,75.10,69.56
68.69,68.69,42.71,73.78,69.39
68.90,68.90,38.22,73.29,68.08
62.89,62.89,37.61,72.86,64.52
56.94,56.94,43.19,72.75,62.66
53.77,53.77,57.65,73.78,64.54
51.43,51.43,66.77,72.75,67.97
48.09,48.09,68.44,73.06,73.37
45.27,45.27,65.81,71.63,74.03
47.00,47.00,63.60,72.84,74.35
44.29,44.29,62.81,69.34,73.71
41.43,41.43,60.27,72.73,73.08
41.04,41.04,60.25,72.42,72.24
41.11,41.11,60.43,70.83,73.24
40.61,40.61,60.63,71.18,74.40
41.87,41.87,59.24,71.41,74.55
41.68,41.68,57.08,72.14,75.45
39.33,39.33,57.87,74.40,74.02
34.66,34.66,60.39,73.28,71.48
37.29,37.29,69.55,72.55,70.31
34.72,34.72,81.27,74.05,70.03
28.71,28.71,75.40,71.03,64.82
30.52,30.52,68.94,64.17,63.89
30.00,30.00,65.04,59.26,61.02
30.91,30.91,60.78,48.14,56.78
31.59,31.59,57.76,57.11,59.20
33.91,33.91,55.32,56.43,60.43
34.01,34.01,51.10,56.15,61.50
37.95,37.95,50.77,56.07,58.66
39.22,39.22,49.00,51.61,57.96
38.98,38.98,43.93,48.22,56.86
34.08,34.08,47.59,52.33,55.38
32.02,32.02,59.94,58.65,60.75
22.19,22.19,74.14,66.47,65.25
17.76,17.76,67.14,71.96,71.18
24.65,24.65,65.11,75.32,74.37
25.81,25.81,59.08,75.57,74.88
31.91,31.91,56.11,74.88,75.52
34.22,34.22,55.64,74.33,73.43
33.12,33.12,52.68,73.60,74.40
31.39,31.39,50.82,73.81,72.91
32.41,32.41,49.00,73.99,73.51
33.81,33.81,46.01,73.18,73.57
35.39,35.39,45.27,71.12,72.41
46.73,46.73,46.53,72.16,73.70
56.00,56.00,53.58,72.77,73.70
65.26,65.26,59.65,71.13,74.98
71.90,71.90,69.93,66.80,78.34
73.66,73.66,71.03,63.47,75.52
77.56,77.56,68.86,74.09,72.82
77.47,77.47,59.80,74.43,71.85
76.82,76.82,52.18,69.60,72.70
79.23,79.23,48.67,72.84,70.43
78.66,78.66,45.38,72.50,72.69
76.99,76.99,43.36,75.26,71.69
80.99,80.99,41.37,67.69,70.05
76.77,76.77,42.05,72.96,72.09
79.22,79.22,44.64,71.10,70.46
77.28,77.28,45.93,71.18,70.51
83.14,83.14,50.25,71.42,68.40
78.28,78.28,61.05,68.92,69.41
66.80,66.80,68.27,72.52,68.20
65.75,65.75,68.04,70.67,69.76
62.18,62.18,64.13,73.13,70.21
64.72,64.72,62.90,69.80,69.46
59.05,59.05,61.28,71.03,72.58
56.15,56.15,57.20,71.30,69.83
63.48,63.48,52.95,73.28,71.32
75.06,75.06,47.77,73.94,70.00
82.03,82.03,43.96,66.48,69.85
81.55,81.55,44.12,71.18,67.27
76.66,76.66,43.85,71.99,67.22
73.15,73.15,47.46,68.23,69.09
74.05,74.05,59.56,73.92,69.18
74.41,74.41,70.33,70.63,73.98
79.52,79.52,70.66,73.18,75.52
80.52,80.52,69.97,70.78,75.76
75.94,75.94,64.71,71.54,70.98
75.36,75.36,65.53,60.49,70.25
68.00,68.00,59.82,60.08,70.26
68.55,68.55,55.54,61.41,67.60
68.37,68.37,53.41,56.38,70.23
69.36,69.36,52.31,58.33,69.35
69.32,69.32,51.48,51.44,66.50
68.96,68.96,55.64,43.12,65.03
69.48,69.48,56.88,54.62,65.78
69.67,69.67,56.60,50.65,65.49
68.90,68.90,63.89,55.08,64.39
67.11,67.11,76.17,70.15,66.47
67.75,67.75,69.72,73.71,64.62
68.59,68.59,62.31,75.17,65.31
73.00,73.00,59.17,75.94,66.52
76.35,76.35,52.74,70.89,65.63
80.55,80.55,48.86,73.64,62.32
76.62,76.62,39.53,73.58,63.37
79.77,79.77,35.01,71.13,63.73
81.19,81.19,33.53,72.42,63.95
81.31,81.31,30.16,70.63,62.34
81.82,81.82,34.15,71.41,61.55
78.16,78.16,42.85,72.57,62.47
77.87,77.87,56.91,67.84,66.42
84.01,84.01,61.70,62.47,66.15
82.15,82.15,73.76,66.31,70.78
80.61,80.61,75.23,70.87,70.96
82.12,82.12,65.67,72.56,71.90
80.19,80.19,61.09,71.34,71.64
66.61,66.61,53.47,74.67,71.70
58.06,58.06,51.90,75.72,73.77
49.88,49.88,50.83,72.01,73.27
52.43,52.43,49.31,69.55,72.80
48.33,48.33,45.78,74.92,72.19
57.10,57.10,43.56,69.88,70.14
53.84,53.84,43.32,69.26,72.09
58.56,58.56,44.13,72.98,67.85
59.31,59.31,51.00,73.32,64.49
64.40,64.40,59.35,72.41,68.89
68.58,68.58,64.74,75.40,71.52
75.59,75.59,66.23,75.30,72.45
77.14,77.14,65.31,71.04,70.86
81.09,81.09,63.57,74.71,72.61
76.77,76.77,59.31,75.33,72.79
79.10,79.10,56.97,71.43,71.24
77.67,77.67,52.71,72.71,70.68
78.88,78.88,52.88,73.87,68.68
78.35,78.35,53.88,70.02,69.20
81.87,81.87,51.40,75.29,67.68
77.18,77.18,52.22,73.82,63.40
75.40,75.40,56.98,69.65,60.16
80.86,80.86,62.77,71.71,59.71
81.47,81.47,72.24,71.37,64.93
80.93,80.93,76.71,68.86,68.79
81.43,81.43,68.24,71.54,69.04
81.11,81.11,66.98,71.46,68.23
78.82,78.82,62.74,71.86,67.15
76.50,76.50,58.11,67.27,67.45
77.18,77.18,54.32,57.72,67.31
76.53,76.53,51.84,63.73,69.07
72.43,72.43,53.21,50.05,63.83
70.83,70.83,49.08,53.05,59.59
69.98,69.98,43.62,43.32,57.90
70.77,70.77,44.05,33.75,57.81
75.58,75.58,53.90,43.50,57.06
79.05,79.05,61.63,58.05,62.01
77.03,77.03,71.66,66.91,68.60
73.45,73.45,67.68,69.16,68.55
73.38,73.38,63.76,74.15,68.64
79.22,79.22,55.34,71.71,68.77
78.44,78.44,50.64,71.07,68.30
77.83,77.83,44.56,73.26,68.83
78.84,78.84,41.56,73.06,67.29
76.91,76.91,39.66,71.11,68.75
73.94,73.94,36.73,68.69,66.59
75.04,75.04,37.20,67.70,68.23
74.56,74.56,39.29,65.65,65.92
73.98,73.98,47.02,60.26,67.87
77.18,77.18,57.19,56.26,65.80
78.22,78.22,65.19,61.79,67.52
78.23,78.23,76.52,68.40,66.98
78.54,78.54,65.08,76.79,68.04
78.40,78.40,60.03,75.84,65.10
77.65,77.65,56.19,75.02,69.11
78.68,78.68,45.09,74.61,71.03
76.93,76.93,42.87,73.61,69.75
73.63,73.63,39.15,75.21,70.12
74.96,74.96,36.10,71.53,68.29
76.84,76.84,37.12,72.44,69.31
78.19,78.19,36.04,68.30,68.18
78.29,78.29,39.74,69.74,69.54
78.68,78.68,48.33,70.10,67.75
76.13,76.13,59.60,69.56,68.31
73.17,73.17,66.20,69.54,66.91
78.13,78.13,67.19,72.04,67.27
77.18,77.18,66.38,74.16,68.65
76.83,76.83,64.73,71.50,69.30
76.54,76.54,64.43,73.96,68.80
76.60,76.60,61.69,73.19,66.06
77.17,77.17,59.63,73.91,64.86
79.60,79.60,57.37,74.32,67.01
79.63,79.63,56.51,74.20,65.55
70.78,70.78,55.38,72.58,64.56
61.22,61.22,55.90,75.39,66.48
55.09,55.09,56.44,76.08,64.13
57.24,57.24,61.08,75.98,70.11
53.69,53.69,67.84,75.93,75.67
52.01,52.01,73.81,73.92,77.35
51.81,51.81,73.94,73.32,77.28
60.54,60.54,70.73,70.96,76.33
71.65,71.65,65.87,58.21,77.95
67.71,67.71,61.67,50.98,77.85
66.30,66.30,58.98,50.28,77.73
68.53,68.53,55.38,43.88,76.47
69.27,69.27,51.67,37.38,77.66
68.45,68.45,49.52,38.56,77.45
64.98,64.98,51.48,34.06,71.86
65.06,65.06,50.32,35.80,62.59
63.97,63.97,51.93,34.20,59.73
67.47,67.47,56.51,48.65,55.45
70.89,70.89,69.77,62.54,62.71
74.71,74.71,76.41,69.14,62.79
80.76,80.76,67.67,74.19,64.22
83.33,83.33,62.14,73.77,65.15
80.67,80.67,56.18,74.90,67.89
77.32,77.32,49.60,75.45,67.81
75.96,75.96,43.11,74.27,68.43
75.30,75.30,42.33,73.93,68.13
78.76,78.76,46.91,72.51,69.92
75.00,75.00,51.42,73.95,68.73
75.23,75.23,50.99,72.21,68.78
77.41,77.41,48.54,71.95,64.22
76.87,76.87,50.45,71.39,60.42
76.47,76.47,62.82,72.08,64.27
72.49,72.49,69.35,72.00,69.59
73.10,73.10,77.42,73.39,72.50
73.25,73.25,71.17,74.67,69.08
73.13,73.13,64.99,72.20,67.44
70.31,70.31,57.05,70.16,69.41
68.28,68.28,50.62,70.97,68.39
69.43,69.43,51.79,69.74,70.66
65.38,65.38,47.32,70.79,70.32
65.17,65.17,46.30,69.92,68.98
67.32,67.32,45.80,69.34,67.90
66.34,66.34,50.09,70.17,69.17
60.45,60.45,45.96,71.26,68.99
53.74,53.74,55.56,70.63,67.84
48.62,48.62,63.19,68.26,67.51
47.44,47.44,66.58,71.46,68.71
53.05,53.05,67.28,71.73,75.38
48.16,48.16,65.06,73.67,75.09
47.77,47.77,64.40,71.34,76.81
46.74,46.74,61.57,72.61,74.89
48.75,48.75,58.90,72.48,75.43
46.40,46.40,58.75,73.27,77.46
47.27,47.27,59.22,71.73,77.36
48.58,48.58,57.75,71.86,72.74
46.60,46.60,59.15,72.73,74.41
50.86,50.86,57.97,71.85,67.47
42.76,42.76,60.21,70.58,67.37
46.14,46.14,65.91,73.40,66.78
40.17,40.17,67.08,70.24,65.56
48.55,48.55,77.58,71.58,70.36
46.23,46.23,76.54,69.89,67.99
44.03,44.03,70.07,70.45,61.81
43.69,43.69,63.08,64.66,60.94
42.57,42.57,61.29,66.03,66.17
42.33,42.33,56.95,62.18,64.95
39.55,39.55,54.41,62.38,60.35
39.60,39.60,51.02,54.36,57.22
39.07,39.07,52.34,51.95,59.95
36.53,36.53,53.03,55.73,60.06
35.96,35.96,48.98,50.02,57.18
42.55,42.55,49.35,50.15,56.02
50.74,50.74,59.34,55.98,61.20
51.97,51.97,64.68,57.17,69.89
49.63,49.63,77.23,66.52,72.93
45.05,45.05,74.45,71.28,73.00
41.42,41.42,67.73,75.30,72.78
41.28,41.28,61.94,76.04,72.89
37.21,37.21,56.00,74.00,72.82
31.35,31.35,54.06,71.18,71.73
28.09,28.09,48.86,73.53,74.09
27.23,27.23,45.81,75.07,76.16
29.99,29.99,46.21,74.06,71.06
38.06,38.06,42.36,73.09,70.01
49.69,49.69,40.21,74.08,72.31
59.75,59.75,47.48,74.21,68.09
71.28,71.28,58.54,72.68,70.33
78.68,78.68,66.78,67.39,68.44
79.50,79.50,76.14,70.68,68.05
79.93,79.93,69.43,73.34,69.95
80.89,80.89,62.47,76.00,70.95
78.42,78.42,54.34,72.07,67.87
83.50,83.50,48.00,73.35,70.37
84.02,84.02,45.80,73.28,70.94
82.41,82.41,41.99,69.81,69.52
82.25,82.25,41.07,72.02,68.05
81.27,81.27,42.56,71.80,69.85
77.11,77.11,38.63,73.40,70.00
80.96,80.96,38.03,70.71,68.74
83.54,83.54,42.36,73.43,69.19
83.41,83.41,52.83,72.26,70.63
78.85,78.85,60.32,73.32,69.08
81.87,81.87,66.02,74.14,72.64
83.48,83.48,68.75,73.65,69.45
78.31,78.31,65.26,72.76,67.42
76.24,76.24,63.03,73.75,70.16
76.91,76.91,59.52,74.36,67.38
75.92,75.92,57.21,74.54,66.80
77.31,77.31,54.18,74.24,65.20
79.13,79.13,50.91,72.99,64.97
78.93,78.93,48.69,73.06,64.00
75.88,75.88,48.91,74.15,65.71
71.35,71.35,53.96,73.76,66.81
70.57,70.57,64.96,73.44,68.61
71.69,71.69,66.37,73.03,72.83
74.52,74.52,73.70,68.92,75.88
74.08,74.08,72.60,71.79,73.65
73.97,73.97,69.69,68.60,73.38
74.99,74.99,65.02,66.92,72.17
78.26,78.26,60.90,64.16,67.46
73.54,73.54,60.44,66.01,69.61
70.02,70.02,60.82,60.25,65.65
71.15,71.15,57.67,58.94,64.54
71.31,71.31,52.78,55.97,65.34
70.36,70.36,48.98,39.65,64.68
69.55,69.55,46.56,47.37,60.60
68.10,68.10,49.84,48.66,60.71
60.38,60.38,54.06,48.51,59.75
59.83,59.83,67.47,66.49,62.98
58.77,58.77,76.40,76.34,64.77
57.51,57.51,73.00,73.18,59.91
62.97,62.97,65.46,72.43,61.80
64.37,64.37,57.27,75.58,59.91
72.36,72.36,54.36,74.42,59.06
72.40,72.40,49.27,74.73,58.83
71.82,71.82,44.05,74.03,62.34
73.40,73.40,40.54,74.09,61.11
74.72,74.72,37.61,75.60,59.57
76.37,76.37,35.41,72.09,54.42
76.66,76.66,38.17,69.51,52.41
76.26,76.26,48.62,67.84,54.72
76.96,76.96,61.17,64.58,58.99
74.87,74.87,63.15,60.06,65.79
76.29,76.29,74.18,66.23,69.12
72.10,72.10,71.38,70.49,67.00
73.27,73.27,64.47,70.46,61.91
76.04,76.04,60.03,69.30,65.04
72.75,72.75,52.34,73.66,66.45
65.27,65.27,48.11,73.02,68.59
69.44,69.44,43.08,70.11,64.09
69.40,69.40,41.57,70.61,63.80
67.11,67.11,38.10,70.15,65.74
62.66,62.66,42.80,70.95,67.72
66.47,66.47,41.02,71.38,66.25
64.63,64.63,43.70,71.55,64.44
65.23,65.23,56.51,71.22,63.59
59.23,59.23,62.99,69.93,69.03
51.56,51.56,66.98,70.62,70.35
49.35,49.35,66.73,69.80,68.94
50.22,50.22,65.24,68.43,66.20
47.75,47.75,63.42,71.07,70.73
39.06,39.06,61.72,70.10,70.26
40.41,40.41,60.33,68.40,68.83
39.41,39.41,60.12,65.93,69.58
41.89,41.89,59.60,67.24,69.32
40.41,40.41,59.45,70.34,66.53
43.86,43.86,59.54,72.61,69.20
46.07,46.07,58.31,70.72,65.34
47.99,47.99,57.92,71.58,65.21
52.35,52.35,65.90,72.69,68.98
48.97,48.97,67.55,73.67,65.22
50.96,50.96,77.59,74.04,72.22
46.42,46.42,75.70,65.76,64.30
45.99,45.99,70.09,62.37,63.74
48.39,48.39,64.65,56.27,57.71
45.80,45.80,60.74,57.33,61.67
44.98,44.98,57.97,44.37,64.12
42.43,42.43,51.11,41.40,62.19
37.75,37.75,48.82,47.96,59.91
36.33,36.33,45.89,46.02,62.65
38.35,38.35,42.97,52.05,61.98
37.18,37.18,42.90,56.15,58.73
39.99,39.99,51.66,61.72,59.75
56.28,56.28,64.98,72.20,65.02
65.24,65.24,69.29,73.00,69.18
68.95,68.95,75.73,73.78,71.44
66.33,66.33,70.66,73.56,70.96
67.69,67.69,64.57,73.59,71.67
75.52,75.52,58.51,71.42,69.72
78.02,78.02,51.82,70.82,70.30
78.51,78.51,47.08,69.67,71.99
78.24,78.24,44.09,71.83,71.26
79.36,79.36,38.54,74.53,71.38
80.19,80.19,35.45,73.49,70.65
80.09,80.09,33.29,73.62,71.52
79.15,79.15,36.17,73.49,68.96
80.39,80.39,45.27,73.14,67.99
79.55,79.55,61.25,68.91,71.70
81.08,81.08,66.38,66.68,71.11
77.50,77.50,72.88,69.13,67.73
80.25,80.25,68.73,67.58,69.77
78.21,78.21,60.14,71.24,64.44
74.33,74.33,52.91,71.69,68.12
76.47,76.47,51.54,73.87,68.00
78.46,78.46,46.83,68.81,68.72
79.54,79.54,42.21,69.54,67.59
75.05,75.05,37.52,72.05,68.39
76.59,76.59,39.15,71.32,68.33
77.30,77.30,38.63,71.52,67.98
78.63,78.63,37.97,70.20,68.27
70.46,70.46,46.52,71.32,67.73
68.38,68.38,55.58,69.72,66.42
74.07,74.07,65.21,69.15,69.01
72.34,72.34,68.53,68.57,70.60
68.23,68.23,66.00,69.67,67.98
73.56,73.56,62.74,70.63,69.09
76.30,76.30,60.52,69.75,68.21
74.34,74.34,58.00,71.32,65.31
73.36,73.36,56.92,70.17,66.01
74.29,74.29,56.18,72.96,68.08
76.42,76.42,55.53,72.85,66.02
75.44,75.44,54.55,72.83,62.84
75.52,75.52,55.23,72.32,67.91
72.69,72.69,57.21,73.14,67.60
67.98,67.98,65.17,74.20,69.99
61.68,61.68,68.78,72.71,71.98
62.00,62.00,76.57,70.85,76.41
66.97,66.97,75.62,71.14,75.20
71.97,71.97,69.94,66.44,72.66
72.57,72.57,64.84,62.94,70.41
77.89,77.89,61.27,58.32,69.64
73.91,73.91,58.02,54.93,67.63
76.36,76.36,53.84,49.43,67.69
67.31,67.31,49.07,41.95,67.01
61.84,61.84,47.26,42.16,63.92
66.89,66.89,43.95,41.77,62.15
66.11,66.11,43.44,37.57,61.19
62.31,62.31,55.59,44.30,59.93
61.44,61.44,57.27,49.73,52.19
61.35,61.35,69.45,62.73,53.68
65.42,65.42,72.98,71.74,56.45
73.50,73.50,69.42,73.35,58.23
75.47,75.47,61.12,75.44,54.96
75.89,75.89,54.46,74.55,58.42
76.57,76.57,49.42,74.92,59.01
74.26,74.26,46.70,75.64,56.70
73.45,73.45,44.86,74.57,50.54
74.23,74.23,42.51,73.70,52.35
75.70,75.70,40.11,73.68,51.25
75.82,75.82,40.52,73.76,52.84
76.22,76.22,44.68,73.19,51.82
75.32,75.32,52.63,68.57,53.05
74.87,74.87,62.77,66.25,57.16
75.27,75.27,69.93,62.01,68.92
73.51,73.51,78.57,64.06,73.25
74.34,74.34,74.80,71.11,70.06
74.01,74.01,65.59,72.76,68.10
72.92,72.92,55.97,74.19,64.03
73.18,73.18,51.54,74.11,65.48
73.06,73.06,48.72,72.38,68.43
73.44,73.44,45.25,72.55,71.96
73.43,73.43,42.22,73.66,66.79
73.61,73.61,40.90,72.36,65.03
73.14,73.14,41.79,73.19,63.08
73.90,73.90,42.96,70.33,66.27
73.97,73.97,46.91,71.94,68.06
73.74,73.74,58.86,73.99,63.97
74.10,74.10,67.28,72.26,68.39
74.51,74.51,67.73,73.22,69.13
75.06,75.06,63.58,71.52,69.67
75.60,75.60,62.18,70.79,68.42
74.89,74.89,60.87,69.27,67.69
73.15,73.15,59.25,64.85,66.64
74.01,74.01,58.33,68.93,66.82
72.34,72.34,58.08,66.10,67.67
68.38,68.38,58.53,70.08,67.30
71.09,71.09,58.15,67.88,65.25
71.44,71.44,56.83,71.49,65.79
68.91,68.91,55.72,71.81,65.20
72.88,72.88,58.98,70.90,64.59
73.50,73.50,67.83,72.85,62.48
65.52,65.52,78.01,68.87,67.01
69.71,69.71,77.13,63.19,64.47
71.30,71.30,70.80,66.27,59.05
74.69,74.69,67.96,59.02,57.92
74.35,74.35,61.76,50.59,51.92
72.88,72.88,59.59,38.32,48.02
69.35,69.35,54.78,40.21,44.22
71.16,71.16,52.62,38.19,50.46
74.12,74.12,49.83,30.56,50.80
74.84,74.84,46.64,20.99,46.66
71.47,71.47,47.09,34.90,46.56
68.24,68.24,47.84,54.25,55.72
70.01,70.01,55.86,59.14,55.15
69.04,69.04,71.07,67.82,65.57
68.43,68.43,70.79,74.54,68.81
70.45,70.45,65.27,74.69,67.98
69.48,69.48,61.61,74.17,69.47
69.73,69.73,55.90,72.73,67.78
73.22,73.22,50.72,74.16,66.33
74.45,74.45,47.21,74.15,66.54
75.59,75.59,45.54,73.73,68.98
74.28,74.28,41.69,73.50,67.40
71.10,71.10,36.77,73.49,68.85
67.58,67.58,36.50,71.15,67.56
64.35,64.35,36.84,68.05,68.30
64.39,64.39,48.36,57.44,68.38
66.79,66.79,55.71,53.53,68.56
67.02,67.02,69.43,55.46,72.46
62.25,62.25,77.63,69.16,75.40
60.62,60.62,70.87,71.09,73.42
63.76,63.76,67.39,73.70,74.04
65.62,65.62,57.17,69.73,73.52
65.18,65.18,54.17,69.81,72.18
63.08,63.08,49.57,71.51,72.70
65.76,65.76,45.39,72.78,70.99
61.61,61.61,43.97,72.85,69.98
63.22,63.22,41.52,70.96,65.98
64.79,64.79,39.97,69.63,65.23
60.80,60.80,39.53,69.99,65.39
58.07,58.07,42.97,69.33,64.82
58.45,58.45,49.54,71.53,66.47
52.63,52.63,65.44,71.95,67.09
48.97,48.97,67.44,71.41,72.10
42.97,42.97,68.71,70.41,73.84
42.78,42.78,64.72,71.05,76.21
45.79,45.79,63.18,69.47,76.29
43.00,43.00,60.75,69.37,77.18
44.82,44.82,58.57,69.61,77.51
41.05,41.05,58.75,68.81,74.40
45.98,45.98,57.91,68.05,76.51
43.95,43.95,56.43,69.71,76.89
42.04,42.04,56.50,69.47,76.25
40.20,40.20,56.81,68.90,74.11
34.54,34.54,59.11,68.34,74.11
32.03,32.03,68.34,68.16,68.52
28.99,28.99,76.89,68.36,74.39
20.02,20.02,78.49,67.68,75.95
18.89,18.89,72.58,66.60,73.29
25.05,25.05,67.52,67.55,74.70
30.15,30.15,62.37,67.10,71.25
32.07,32.07,61.28,64.26,72.16
32.02,32.02,60.16,60.60,71.97
30.03,30.03,58.06,53.22,69.25
34.45,34.45,55.15,39.46,71.53
35.33,35.33,50.99,44.03,71.62
37.09,37.09,48.34,44.34,72.70
31.15,31.15,54.41,42.96,72.10
23.16,23.16,60.07,51.88,67.08
16.39,16.39,65.84,61.46,63.64
22.26,22.26,75.70,70.35,70.95
18.41,18.41,68.01,74.47,75.75
20.29,20.29,65.42,72.77,74.53
25.33,25.33,60.61,77.40,73.29
26.88,26.88,54.81,75.39,71.18
25.36,25.36,47.89,74.45,63.57
28.44,28.44,42.03,71.17,65.89
33.11,33.11,40.24,69.63,73.30
34.09,34.09,35.94,74.52,76.24
35.99,35.99,30.84,69.21,76.51
37.72,37.72,36.32,65.34,76.38
27.98,27.98,46.23,72.26,70.31
14.28,14.28,51.26,62.56,64.66
16.02,16.02,63.61,60.94,72.81
19.70,19.70,73.97,62.28,72.47
15.56,15.56,69.49,66.97,74.70
12.07,12.07,61.89,66.46,74.05
10.98,10.98,55.03,66.88,73.97
13.92,13.92,51.09,68.41,73.26
17.26,17.26,49.25,67.18,72.71
20.99,20.99,47.76,64.92,72.45
21.82,21.82,44.83,69.98,71.75
24.11,24.11,40.55,67.98,71.74
26.49,26.49,38.50,67.97,69.62
27.50,27.50,36.81,68.44,70.78
21.50,21.50,38.05,69.10,66.84
13.87,13.87,43.79,67.46,66.17
20.00,20.00,60.36,68.74,66.12
20.38,20.38,67.29,67.98,72.09
18.04,18.04,67.97,65.41,75.29
13.05,13.05,63.24,68.94,72.97
13.96,13.96,61.27,71.90,73.73
17.00,17.00,59.96,70.74,74.18
18.64,18.64,59.05,67.92,71.21
18.55,18.55,58.62,68.49,69.66
17.42,17.42,58.30,65.14,67.22
19.74,19.74,58.44,67.27,71.73
30.09,30.09,58.34,69.30,71.12
33.06,33.06,58.04,68.19,71.06
28.52,28.52,59.35,68.10,69.31
14.72,14.72,63.48,69.24,63.77
15.44,15.44,75.49,62.66,68.34
17.37,17.37,76.67,60.98,66.56
18.01,18.01,72.15,69.42,67.77
7.30,7.30,66.92,68.38,66.60
10.52,10.52,62.55,59.49,62.89
15.17,15.17,58.70,60.40,59.93
21.56,21.56,53.96,49.87,58.87
31.52,31.52,54.30,51.48,65.71
32.06,32.06,48.19,42.34,69.42
35.42,35.42,44.20,32.56,70.77
35.22,35.22,45.32,32.96,71.64
35.04,35.04,47.13,33.94,71.67
29.61,29.61,48.96,44.62,68.72
17.55,17.55,55.85,55.33,65.31
11.29,11.29,73.61,68.85,70.75
19.77,19.77,71.56,67.84,73.02
18.96,18.96,66.39,76.00,74.51
9.45,9.45,58.25,72.60,74.61
12.06,12.06,51.49,72.74,73.97
14.77,14.77,48.23,73.36,73.29
15.22,15.22,41.51,72.26,72.65
16.66,16.66,39.28,71.42,75.73
18.40,18.40,37.58,71.45,75.10
21.48,21.48,37.14,71.68,74.14
21.20,21.20,39.36,64.35,74.96
19.51,19.51,43.86,58.40,74.99
12.27,12.27,52.23,57.80,74.92
13.33,13.33,59.94,52.13,72.41
16.76,16.76,73.45,58.91,79.51
16.87,16.87,69.83,67.94,80.27
14.60,14.60,66.41,69.36,78.25
13.16,13.16,62.07,70.72,81.15
15.15,15.15,55.19,73.29,78.15
18.22,18.22,53.82,72.57,80.93
21.85,21.85,52.70,73.32,79.22
24.87,24.87,46.46,74.15,78.04
25.58,25.58,45.35,73.60,77.26
26.36,26.36,41.93,73.66,77.86
25.67,25.67,43.94,73.33,72.64
22.56,22.56,42.43,70.35,70.11
17.10,17.10,46.71,68.29,70.86
9.12,9.12,57.19,66.76,70.15
8.78,8.78,69.14,68.48,69.74
17.45,17.45,68.16,66.91,69.01
19.00,19.00,67.59,71.27,69.16
21.23,21.23,65.41,70.94,68.46
24.18,24.18,64.14,67.67,69.73
25.59,25.59,62.14,69.09,70.30
27.08,27.08,62.08,71.20,70.15
23.28,23.28,60.19,71.02,69.85
27.11,27.11,59.35,70.76,68.80
32.79,32.79,59.11,70.78,69.52
32.36,32.36,57.19,70.38,67.76
33.52,33.52,58.25,70.87,66.94
29.59,29.59,61.12,70.19,67.64
30.15,30.15,73.68,70.25,71.75
25.92,25.92,78.65,70.77,75.83
23.85,23.85,74.16,71.51,71.35
25.83,25.83,70.54,73.83,71.31
26.55,26.55,64.22,68.31,70.71
25.95,25.95,62.84,70.26,72.22
28.74,28.74,57.91,59.40,70.71
32.74,32.74,54.88,51.92,68.35
35.07,35.07,52.29,43.91,67.11
34.42,34.42,50.16,41.21,64.50
37.93,37.93,44.51,44.08,65.84
41.30,41.30,52.32,39.83,61.88
45.43,45.43,58.50,37.83,54.29
54.75,54.75,61.90,47.35,53.67
72.28,72.28,74.12,59.31,58.94
73.02,73.02,73.00,69.33,57.52
76.40,76.40,67.17,73.94,66.12
75.67,75.67,59.30,73.56,63.93
77.06,77.06,52.61,69.42,61.43
76.77,76.77,46.39,73.45,59.82
74.51,74.51,42.60,72.80,61.45
76.06,76.06,42.04,71.37,66.56
71.48,71.48,42.69,73.84,67.05
71.42,71.42,40.80,67.30,69.52
69.32,69.32,41.86,72.10,70.57
68.09,68.09,47.26,63.01,69.57
68.88,68.88,54.48,53.27,69.26
68.49,68.49,62.31,51.29,66.74
71.30,71.30,73.64,60.21,70.07
73.65,73.65,71.68,63.79,68.37
71.87,71.87,62.19,70.64,70.86
76.18,76.18,55.95,71.45,70.95
78.97,78.97,48.98,67.30,68.98
79.78,79.78,47.36,66.17,68.41
78.59,78.59,49.09,67.67,67.73
77.30,77.30,45.19,70.68,69.14
76.45,76.45,40.81,70.21,69.11
77.72,77.72,38.62,71.18,70.96
79.98,79.98,39.07,71.16,67.30
79.55,79.55,46.14,69.86,66.98
78.85,78.85,52.04,69.41,66.50
76.51,76.51,63.31,68.21,65.91
68.41,68.41,71.10,72.85,72.05
69.93,69.93,68.66,73.30,70.92
74.03,74.03,66.18,72.85,69.53
77.20,77.20,65.02,73.29,72.07
79.57,79.57,62.58,73.37,68.23
79.57,79.57,61.62,72.86,69.15
74.88,74.88,61.13,73.70,68.89
67.65,67.65,58.41,71.93,68.77
63.50,63.50,57.78,73.99,69.17
63.08,63.08,58.99,72.89,68.52
69.65,69.65,58.33,73.45,66.90
68.47,68.47,60.03,73.53,66.06
75.17,75.17,65.61,68.03,61.77
79.39,79.39,72.58,67.27,66.25
80.97,80.97,76.38,70.16,71.42
79.71,79.71,72.90,69.65,73.60
78.02,78.02,67.67,68.56,72.16
77.72,77.72,61.44,68.64,72.58
78.78,78.78,59.97,68.88,74.79
82.17,82.17,57.39,70.08,72.88
84.40,84.40,52.43,70.81,71.14
80.10,80.10,50.72,70.71,61.30
70.66,70.66,47.78,70.94,59.06
65.22,65.22,44.85,71.91,63.79
67.37,67.37,46.61,71.18,62.56
68.22,68.22,59.65,69.89,63.21
66.68,66.68,61.10,66.58,64.87
64.08,64.08,72.50,62.20,67.62
65.38,65.38,71.31,64.73,69.84
78.94,78.94,63.47,69.06,68.70
80.49,80.49,58.59,71.43,65.03
77.36,77.36,56.17,71.69,67.58
76.85,76.85,50.28,69.85,64.33
75.15,75.15,46.80,69.63,62.94
74.98,74.98,45.57,69.47,63.20
78.71,78.71,44.86,70.13,62.31
80.06,80.06,45.55,68.79,63.29
76.77,76.77,44.62,67.28,66.14
74.00,74.00,46.64,67.13,65.36
75.67,75.67,50.06,61.21,62.91
81.43,81.43,60.47,59.33,66.47
82.01,82.01,72.65,72.69,71.25
82.68,82.68,73.31,75.67,70.59
82.96,82.96,67.08,70.68,70.98
82.81,82.81,60.62,72.41,71.47
82.76,82.76,50.72,72.57,65.96
83.52,83.52,46.58,72.77,63.19
83.46,83.46,44.60,70.14,65.80
83.26,83.26,40.31,67.68,67.13
82.66,82.66,37.55,71.03,68.91
81.93,81.93,39.48,72.49,65.37
81.76,81.76,37.49,73.30,63.86
82.51,82.51,42.38,70.59,65.65
83.16,83.16,50.87,71.01,64.32
82.35,82.35,60.76,73.54,66.93
78.14,78.14,68.12,72.20,65.60
77.10,77.10,67.02,72.74,62.52
76.80,76.80,66.75,71.43,63.72
73.62,73.62,63.72,73.61,63.19
71.63,71.63,62.19,72.92,65.28
73.50,73.50,60.28,69.07,66.28
71.86,71.86,58.56,70.11,64.56
73.35,73.35,56.52,72.71,64.28
71.20,71.20,55.72,74.36,62.95
68.54,68.54,54.01,73.12,65.88
67.60,67.60,53.70,73.70,64.48
65.28,65.28,54.35,73.45,62.69
61.35,61.35,60.74,73.99,64.12
57.10,57.10,72.03,73.64,71.80
55.65,55.65,76.35,71.28,75.39
51.21,51.21,73.78,72.55,78.68
49.57,49.57,67.27,67.30,76.15
48.57,48.57,61.00,65.54,76.56
50.50,50.50,57.82,66.62,76.38
54.45,54.45,55.74,58.99,74.07
55.77,55.77,52.70,41.37,70.76
60.06,60.06,51.11,40.47,67.59
63.45,63.45,47.92,43.86,66.49
61.21,61.21,47.50,46.92,66.66
60.36,60.36,50.64,38.17,61.54
59.19,59.19,56.28,47.86,57.04
50.32,50.32,60.87,57.73,56.12
46.81,46.81,74.76,67.36,66.42
39.68,39.68,71.35,76.06,72.68
38.39,38.39,68.11,74.33,71.87
44.86,44.86,60.61,77.56,72.40
44.53,44.53,54.70,78.21,73.57
46.21,46.21,48.76,73.00,72.04
45.61,45.61,43.76,72.30,72.90
45.81,45.81,43.91,72.27,71.54
47.66,47.66,40.61,72.92,72.81
44.14,44.14,38.64,73.19,73.35
42.48,42.48,39.72,73.86,68.06
41.49,41.49,41.12,73.97,57.00
39.90,39.90,43.39,74.57,55.67
27.69,27.69,59.42,74.78,61.43
27.67,27.67,67.05,70.41,72.43
19.31,19.31,71.78,69.86,77.47
16.54,16.54,73.97,71.59,76.73
19.97,19.97,71.55,59.51,78.11
25.30,25.30,62.52,66.57,76.73
29.51,29.51,51.98,64.31,77.94
28.86,28.86,48.81,53.62,77.05
30.28,30.28,45.74,51.15,75.19
28.73,28.73,47.27,52.99,76.49
26.46,26.46,43.96,50.24,75.61
24.30,24.30,44.98,39.62,71.58
18.47,18.47,43.96,40.27,70.34
11.96,11.96,46.79,49.21,68.61
9.24,9.24,52.90,55.81,69.61
11.34,11.34,66.68,64.10,75.20
7.28,7.28,67.04,70.56,76.32
13.35,13.35,65.61,69.35,76.72
12.66,12.66,62.95,72.75,76.60
13.80,13.80,60.26,69.23,76.50
19.10,19.10,58.10,69.95,78.24
19.89,19.89,56.87,72.85,74.87
12.37,12.37,56.39,71.51,75.72
6.24,6.24,56.61,70.67,76.20
8.99,8.99,56.44,67.74,76.43
12.54,12.54,56.92,63.13,72.70
10.41,10.41,56.80,50.74,69.69
12.43,12.43,58.18,53.16,66.43
14.43,14.43,67.38,54.20,72.29
13.23,13.23,73.41,63.45,76.30
11.21,11.21,74.26,72.19,76.67
14.12,14.12,71.46,73.98,77.70
14.52,14.52,67.93,74.04,76.04
14.82,14.82,62.95,72.19,75.23
15.39,15.39,58.25,70.03,74.23
19.40,19.40,54.35,68.73,74.77
22.15,22.15,50.77,73.16,74.19
23.01,23.01,45.64,70.72,73.72
24.70,24.70,48.37,64.74,67.45
23.63,23.63,46.49,63.15,55.40
20.17,20.17,48.77,60.36,56.59
13.06,13.06,59.70,51.56,57.07
10.57,10.57,62.61,58.76,66.26
18.14,18.14,74.59,65.65,74.11
19.45,19.45,66.78,67.45,80.11
12.73,12.73,60.51,68.43,81.69
13.75,13.75,56.75,68.88,80.37
16.07,16.07,48.74,69.70,79.69
19.10,19.10,45.35,68.10,81.63
20.89,20.89,39.56,68.28,78.88
22.54,22.54,38.81,67.02,79.08
22.14,22.14,35.47,67.24,80.36
19.06,19.06,35.82,70.06,77.43
19.74,19.74,44.86,69.81,79.76
14.84,14.84,53.09,67.34,74.35
14.65,14.65,58.31,65.48,67.13
10.62,10.62,68.80,65.11,70.58
14.89,14.89,77.72,66.64,68.60
12.44,12.44,74.80,70.58,69.43
11.59,11.59,65.06,69.57,66.28
15.56,15.56,57.18,74.51,69.20
19.13,19.13,52.65,74.55,65.56
21.73,21.73,50.39,74.40,69.34
25.01,25.01,43.50,75.75,69.21
29.55,29.55,42.50,73.77,67.75
28.92,28.92,39.61,75.15,65.47
28.69,28.69,40.14,73.65,65.95
30.66,30.66,36.58,73.03,64.65
25.09,25.09,41.27,73.79,66.70
24.39,24.39,57.49,71.81,64.64
16.96,16.96,64.25,74.07,72.39
20.37,20.37,66.88,72.15,75.05
18.50,18.50,64.80,74.44,76.09
19.97,19.97,65.96,73.91,75.29
20.78,20.78,62.48,74.70,75.69
21.25,21.25,59.98,75.36,74.70
20.88,20.88,58.13,74.48,75.21
20.22,20.22,55.87,75.34,73.91
18.86,18.86,55.27,74.78,73.54
19.12,19.12,55.82,75.92,67.11
16.63,16.63,55.50,75.08,63.30
18.02,18.02,54.98,75.16,63.93
18.23,18.23,55.71,74.75,64.08
18.96,18.96,63.74,74.12,69.03
20.34,20.34,75.67,76.14,74.94
10.65,10.65,74.84,72.90,76.95
7.31,7.31,69.86,74.25,73.53
6.35,6.35,66.13,73.05,72.06
11.36,11.36,63.69,74.22,76.28
15.18,15.18,58.42,71.13,72.59
18.72,18.72,53.13,62.17,73.48
21.23,21.23,51.00,56.98,73.37
24.18,24.18,47.27,51.11,72.79
30.99,30.99,49.21,48.46,69.18
27.20,27.20,42.80,47.04,62.06
25.93,25.93,46.33,45.50,61.78
19.42,19.42,55.34,51.74,57.13
14.65,14.65,56.68,59.52,59.91
14.13,14.13,73.43,62.99,68.95
17.88,17.88,71.10,68.56,74.81
21.93,21.93,64.79,76.94,72.73
23.70,23.70,59.18,76.01,74.50
21.84,21.84,51.73,75.05,73.49
22.47,22.47,45.93,73.89,72.84
26.26,26.26,41.71,74.08,73.76
30.76,30.76,41.05,75.15,72.84
38.40,38.40,42.93,70.24,71.36
42.81,42.81,42.17,72.09,57.08
54.29,54.29,40.42,74.14,54.82
69.71,69.71,44.57,74.30,56.69
65.94,65.94,52.51,73.31,59.51
69.51,69.51,62.03,70.35,71.25
75.27,75.27,69.36,65.57,73.68
78.64,78.64,74.91,65.46,71.84
79.93,79.93,66.07,63.89,73.64
76.94,76.94,57.64,60.28,74.65
77.58,77.58,52.38,62.34,72.28
79.15,79.15,53.47,55.43,75.02
81.26,81.26,49.69,52.37,73.51
79.60,79.60,50.28,52.93,74.00
77.67,77.67,45.68,48.08,73.66
77.63,77.63,47.05,40.93,72.19
72.25,72.25,49.18,33.23,75.00
64.51,64.51,42.47,42.89,71.34
60.58,60.58,45.64,56.12,71.19
56.84,56.84,60.65,62.43,70.34
61.57,61.57,68.19,74.15,72.29
70.05,70.05,66.82,75.76,74.13
76.29,76.29,65.79,75.58,73.98
80.66,80.66,61.10,75.65,74.80
78.24,78.24,59.09,74.59,71.37
75.40,75.40,58.08,72.19,73.01
76.68,76.68,55.10,70.71,72.49
80.13,80.13,53.42,68.71,70.65
80.22,80.22,53.64,60.68,75.44
80.71,80.71,52.75,54.88,72.07
79.98,79.98,52.74,52.41,69.35
70.58,70.58,54.04,56.79,69.35
61.11,61.11,63.05,47.89,67.83
65.75,65.75,67.89,57.13,70.42
72.90,72.90,78.17,67.83,72.20
78.52,78.52,75.30,71.92,71.80
79.27,79.27,70.80,72.47,70.46
81.53,81.53,66.84,68.97,69.88
80.78,80.78,61.38,69.77,71.32
78.70,78.70,57.92,71.23,70.18
78.36,78.36,55.09,70.37,58.02
82.92,82.92,50.76,68.38,54.03
84.18,84.18,44.72,57.37,51.22
83.24,83.24,43.81,58.74,50.37
77.78,77.78,42.17,47.80,51.09
80.13,80.13,46.41,40.62,51.94
80.98,80.98,53.10,46.80,54.17
82.60,82.60,64.33,57.85,65.41
68.37,68.37,75.04,67.24,71.31
69.11,69.11,69.64,72.91,72.14
82.57,82.57,63.22,73.51,70.18
82.81,82.81,58.15,72.40,68.44
81.46,81.46,50.10,71.93,68.38
77.11,77.11,44.83,71.24,70.20
79.86,79.86,38.51,70.36,69.82
80.81,80.81,40.12,71.09,69.08
75.02,75.02,36.82,66.17,71.46
66.13,66.13,38.27,64.32,72.03
66.76,66.76,39.20,57.97,71.68
66.20,66.20,46.77,52.23,69.56
62.87,62.87,59.94,49.72,72.34
70.89,70.89,68.07,52.36,66.23
75.41,75.41,77.88,64.70,72.25
76.53,76.53,78.21,66.84,72.43
76.50,76.50,71.60,69.94,75.25
76.72,76.72,64.10,70.54,70.16
81.06,81.06,49.55,71.38,71.06
82.41,82.41,49.83,73.47,71.04
83.02,83.02,40.71,74.43,69.77
82.08,82.08,43.32,71.61,68.97
81.84,81.84,40.99,71.25,69.21
81.57,81.57,39.59,73.12,68.94
81.53,81.53,36.14,74.39,68.41
79.44,79.44,41.78,73.07,66.85
76.85,76.85,49.93,71.51,68.98
75.11,75.11,58.31,71.91,69.34
75.58,75.58,67.36,72.37,71.56
74.72,74.72,68.15,72.11,70.82
73.00,73.00,64.78,70.73,71.10
74.27,74.27,62.75,72.85,71.16
73.92,73.92,61.62,72.91,69.52
78.06,78.06,60.20,73.05,69.69
82.18,82.18,58.73,73.32,68.90
82.34,82.34,57.55,72.74,67.25
81.44,81.44,56.67,71.45,66.58
80.66,80.66,54.89,71.52,65.09
78.90,78.90,54.07,70.30,64.61
77.26,77.26,56.17,70.02,66.96
74.92,74.92,60.97,67.58,66.73
76.10,76.10,71.42,69.57,70.54
76.18,76.18,77.16,70.19,76.22
76.19,76.19,73.27,70.77,76.67
78.83,78.83,65.19,68.66,76.09
80.16,80.16,59.37,68.60,74.00
79.89,79.89,56.67,60.43,75.02
78.26,78.26,54.18,47.23,71.96
77.40,77.40,52.08,52.99,68.22
76.50,76.50,50.56,48.80,67.36
74.40,74.40,47.74,38.81,64.87
73.05,73.05,47.38,44.02,63.71
72.86,72.86,55.25,43.44,62.62
75.18,75.18,60.50,39.61,60.66
75.54,75.54,59.73,52.91,60.29
76.00,76.00,73.28,63.15,64.67
74.87,74.87,70.72,69.62,62.80
74.32,74.32,67.85,73.90,64.56
76.96,76.96,61.02,72.32,65.41
76.92,76.92,54.60,72.90,62.55
71.90,71.90,49.81,74.11,60.27
69.48,69.48,44.03,72.65,56.94
69.47,69.47,38.59,74.07,54.17
65.48,65.48,41.83,74.56,52.49
64.76,64.76,39.88,71.72,48.08
64.77,64.77,35.65,70.98,47.03
65.84,65.84,39.83,69.88,49.41
62.44,62.44,53.06,68.34,55.43
67.93,67.93,59.44,66.46,66.14
70.89,70.89,72.18,64.70,71.75
76.37,76.37,76.13,65.63,71.05
79.27,79.27,70.56,73.05,73.42
84.59,84.59,58.73,72.37,72.16
79.51,79.51,51.56,70.95,71.91
73.84,73.84,48.71,70.25,72.29
77.14,77.14,47.40,72.63,70.41
80.42,80.42,45.19,71.40,72.17
82.08,82.08,44.30,70.52,70.98
82.40,82.40,42.85,70.18,69.93
82.31,82.31,41.13,70.16,71.50
82.59,82.59,45.23,68.56,69.17
83.13,83.13,50.56,68.77,68.21
83.63,83.63,64.81,67.33,70.95
83.13,83.13,68.75,66.87,72.57
83.30,83.30,69.47,70.24,75.42
83.20,83.20,66.33,69.74,71.82
81.36,81.36,62.43,68.74,73.50
75.42,75.42,60.03,70.42,75.90
82.13,82.13,59.07,69.98,73.29
84.00,84.00,56.37,70.02,72.66
82.22,82.22,55.17,70.53,72.66
76.56,76.56,55.94,70.55,72.68
76.75,76.75,55.35,70.38,71.79
82.92,82.92,52.94,69.19,71.84
84.85,84.85,54.72,69.35,69.04
85.10,85.10,59.76,66.38,71.55
81.58,81.58,72.94,67.72,72.82
76.04,76.04,79.36,69.90,74.01
75.22,75.22,73.36,68.79,70.72
79.66,79.66,66.08,68.43,70.13
83.85,83.85,62.25,64.05,68.13
84.24,84.24,54.75,57.82,69.85
84.21,84.21,50.75,55.06,67.19
82.46,82.46,48.07,51.19,68.26
76.78,76.78,46.25,48.66,67.61
77.22,77.22,46.81,50.88,67.36
78.31,78.31,42.24,49.06,68.15
80.59,80.59,46.73,51.09,66.67
83.17,83.17,52.25,51.95,67.75
84.03,84.03,63.67,52.88,69.30
83.47,83.47,69.59,65.23,68.77
83.23,83.23,68.53,66.39,68.51
82.79,82.79,62.39,71.43,69.64
81.96,81.96,57.56,72.54,65.12
81.23,81.23,53.50,72.87,67.21
81.21,81.21,49.77,69.90,65.72
80.59,80.59,46.43,68.33,64.18
81.54,81.54,41.62,68.52,64.15
80.14,80.14,43.79,72.78,64.71
79.25,79.25,41.87,74.06,64.04
78.06,78.06,44.85,72.34,62.40
77.74,77.74,51.26,66.29,62.65
74.92,74.92,57.91,65.45,63.55
76.79,76.79,70.14,64.60,65.70
77.70,77.70,79.57,70.55,71.89
75.34,75.34,74.52,69.30,73.07
70.57,70.57,69.19,71.13,74.21
71.30,71.30,58.14,70.65,73.32
72.34,72.34,54.43,72.70,74.20
74.11,74.11,48.17,72.60,72.65
72.57,72.57,45.16,73.65,70.94
70.72,70.72,41.66,72.75,71.76
68.89,68.89,37.39,70.43,71.19
72.52,72.52,34.36,68.74,70.84
75.62,75.62,34.08,70.49,68.60
77.78,77.78,42.33,72.51,68.68
75.42,75.42,48.15,73.00,67.92
71.82,71.82,63.60,70.45,68.55
70.77,70.77,67.08,71.36,67.38
72.75,72.75,68.18,71.28,66.71
74.04,74.04,69.39,73.34,67.49
72.20,72.20,65.46,72.20,67.50
72.79,72.79,62.38,68.18,67.43
75.33,75.33,60.19,68.44,67.62
75.80,75.80,58.23,66.59,67.38
74.68,74.68,58.01,69.72,67.19
75.16,75.16,57.62,69.38,66.69
73.70,73.70,56.59,67.85,66.79
73.39,73.39,54.67,69.04,65.59
73.82,73.82,57.02,67.72,66.54
73.61,73.61,65.42,72.18,66.19
70.04,70.04,78.25,70.44,73.37
72.48,72.48,76.40,65.94,72.62
71.47,71.47,70.37,70.33,71.62
70.00,70.00,67.12,66.74,70.34
71.99,71.99,62.53,66.19,74.90
71.73,71.73,58.02,57.88,71.64
73.76,73.76,52.88,59.02,70.83
75.07,75.07,49.00,56.02,62.80
75.31,75.31,44.51,54.34,61.06
75.00,75.00,41.96,46.14,61.28
72.40,72.40,43.70,44.96,58.69
71.77,71.77,53.26,38.66,57.41
74.25,74.25,54.12,44.27,56.50
74.50,74.50,65.92,58.30,57.12
73.77,73.77,75.36,65.53,60.71
69.99,69.99,70.18,72.20,62.76
68.76,68.76,66.69,76.66,62.45
71.64,71.64,61.10,76.88,60.10
74.70,74.70,55.84,77.26,54.24
74.12,74.12,50.83,76.89,54.43
74.50,74.50,46.10,75.06,49.77
73.24,73.24,43.41,75.72,49.67
71.13,71.13,37.11,74.85,47.53
70.82,70.82,33.94,74.35,44.35
71.03,71.03,32.29,74.46,48.61
71.82,71.82,44.59,71.53,56.86
64.22,64.22,61.45,67.24,61.34
61.41,61.41,64.70,59.96,68.20
56.92,56.92,73.17,65.04,72.83
55.64,55.64,68.24,66.30,77.41
61.03,61.03,65.01,70.34,76.14
65.33,65.33,59.47,73.98,76.12
68.44,68.44,53.38,74.65,73.66
67.27,67.27,47.92,69.34,74.82
67.32,67.32,44.65,72.36,74.06
71.74,71.74,41.17,70.60,73.21
69.93,69.93,35.43,71.62,71.94
70.11,70.11,36.19,72.86,72.48
72.21,72.21,40.76,70.19,73.36
69.22,69.22,47.79,71.51,71.12
65.58,65.58,58.80,72.23,68.99
59.93,59.93,67.51,73.06,72.00
59.60,59.60,68.48,72.66,75.61
66.86,66.86,67.37,71.94,77.25
66.30,66.30,63.62,72.08,76.89
65.02,65.02,60.80,71.89,78.22
62.73,62.73,58.95,71.87,78.30
66.45,66.45,56.55,71.63,77.76
69.11,69.11,55.62,71.45,76.23
69.64,69.64,54.35,72.36,75.38
69.00,69.00,54.51,70.31,75.22
69.99,69.99,52.74,71.45,73.31
70.36,70.36,55.10,71.71,72.65
69.36,69.36,62.94,68.78,70.54
67.16,67.16,70.21,69.55,70.88
66.29,66.29,75.63,70.87,72.40
67.39,67.39,75.97,73.54,71.69
67.66,67.66,72.10,73.05,66.93
69.43,69.43,64.24,71.36,64.76
70.20,70.20,61.36,66.68,63.25
69.66,69.66,56.85,67.24,59.06
70.60,70.60,53.47,63.69,58.91
71.07,71.07,49.79,60.77,62.01
69.24,69.24,46.75,59.96,60.81
70.13,70.13,44.66,55.24,62.30
70.25,70.25,44.31,54.79,62.26
68.97,68.97,47.35,53.31,61.97
65.03,65.03,56.47,47.46,61.72
66.25,66.25,70.69,65.93,68.25
65.79,65.79,72.38,70.40,70.38
63.13,63.13,66.90,69.30,74.32
61.28,61.28,63.13,67.86,76.23
59.96,59.96,59.86,75.08,76.89
57.87,57.87,53.36,74.07,71.64
62.04,62.04,46.75,72.31,70.57
66.28,66.28,48.26,73.68,68.20
66.61,66.61,48.90,73.64,67.78
63.40,63.40,48.29,73.56,63.93
59.42,59.42,42.78,73.25,68.19
58.71,58.71,46.67,69.47,66.72
59.12,59.12,47.33,61.16,67.00
60.27,60.27,57.29,51.99,62.48
64.12,64.12,65.16,61.45,68.84
68.93,68.93,74.46,68.08,68.75
69.56,69.56,75.23,68.94,71.02
70.68,70.68,69.37,70.77,71.62
69.94,69.94,64.05,72.00,65.85
72.18,72.18,54.60,73.94,69.83
72.25,72.25,46.19,71.55,72.36
71.11,71.11,45.71,72.18,66.72
70.28,70.28,39.97,69.29,67.77
72.15,72.15,41.99,70.31,68.26
69.88,69.88,40.97,67.68,65.19
70.55,70.55,37.66,71.15,61.43
68.42,68.42,42.19,71.12,64.16
66.68,66.68,47.24,74.39,62.32
63.70,63.70,57.48,73.26,65.82
56.20,56.20,69.18,72.17,64.00
49.93,49.93,69.31,71.53,66.18
48.76,48.76,67.94,71.88,69.81
43.99,43.99,64.39,70.33,66.08
42.87,42.87,61.89,69.87,64.35
41.53,41.53,61.11,72.03,64.43
41.72,41.72,62.04,68.67,64.48
41.50,41.50,60.07,72.26,61.80
39.95,39.95,59.36,68.12,63.76
38.42,38.42,57.81,72.72,61.53
39.43,39.43,57.17,68.92,62.16
38.40,38.40,57.01,70.23,54.01
33.92,33.92,61.06,68.98,64.08
29.98,29.98,73.12,70.02,69.47
22.89,22.89,79.03,67.06,79.83
23.92,23.92,71.57,71.69,76.72
27.77,27.77,67.72,69.62,77.86
28.86,28.86,64.73,58.01,77.15
32.35,32.35,59.24,52.89,77.28
36.57,36.57,58.76,53.37,76.11
38.63,38.63,56.34,49.72,73.56
36.31,36.31,54.95,36.66,75.14
35.94,35.94,49.02,27.22,74.35
30.31,30.31,46.00,30.65,74.58
36.69,36.69,52.98,38.99,67.93
33.57,33.57,51.76,44.90,57.26
44.35,44.35,61.20,53.56,58.79
55.37,55.37,76.06,65.92,63.90
64.47,64.47,70.55,72.59,65.91
68.53,68.53,64.00,67.36,68.30
69.52,69.52,57.55,73.16,68.22
67.86,67.86,52.33,73.43,69.53
66.05,66.05,48.46,72.06,70.16
60.96,60.96,43.48,72.62,72.44
52.75,52.75,44.99,72.94,73.49
57.30,57.30,41.66,75.25,74.14
66.84,66.84,43.43,73.03,73.06
68.88,68.88,46.09,73.17,69.68
72.95,72.95,47.50,65.99,65.15
76.85,76.85,55.60,62.01,61.40
77.34,77.34,62.27,48.91,62.11
73.08,73.08,73.20,62.74,71.91
70.21,70.21,73.13,66.54,74.55
71.06,71.06,67.25,67.79,73.57
72.96,72.96,63.97,67.85,70.99
81.48,81.48,56.61,71.09,70.53
78.47,78.47,49.00,71.66,68.81
67.22,67.22,45.66,73.52,69.99
72.16,72.16,43.45,71.28,68.02
73.49,73.49,39.72,70.32,67.10
71.18,71.18,41.74,67.21,69.45
55.88,55.88,46.08,71.52,68.20
54.76,54.76,40.43,65.95,63.56
54.55,54.55,52.56,70.16,62.35
62.66,62.66,64.61,73.00,65.47
65.80,65.80,69.63,71.41,69.67
72.33,72.33,67.55,71.22,75.64
72.14,72.14,64.48,72.05,71.63
75.61,75.61,63.46,69.62,72.36
76.66,76.66,61.90,69.42,67.59
76.88,76.88,60.12,69.32,68.66
77.56,77.56,58.16,65.12,64.72
75.90,75.90,58.26,69.73,66.33
72.58,72.58,57.53,65.39,69.00
74.09,74.09,55.94,70.41,64.68
69.22,69.22,55.75,68.26,66.79
70.46,70.46,57.15,67.87,65.35
70.25,70.25,61.45,68.75,64.76
69.66,69.66,74.76,65.90,71.18
71.52,71.52,78.10,65.05,75.01
70.83,70.83,70.67,60.21,65.75
69.02,69.02,64.48,68.67,60.44
68.89,68.89,60.37,61.03,59.80
69.44,69.44,57.81,57.70,59.69
64.48,64.48,57.28,58.44,60.41
62.10,62.10,57.27,55.25,65.37
56.61,56.61,52.80,44.62,62.29
47.83,47.83,44.82,38.77,63.61
46.69,46.69,44.71,37.25,61.39
44.10,44.10,44.27,33.07,59.10
59.83,59.83,51.29,38.42,56.59
71.41,71.41,63.62,51.63,63.52
72.54,72.54,75.24,66.29,67.31
76.34,76.34,68.10,69.91,72.74
70.98,70.98,65.45,66.32,70.33
73.20,73.20,62.26,70.61,70.90
78.40,78.40,57.29,73.00,71.21
77.57,77.57,53.73,69.73,75.55
70.52,70.52,50.18,69.30,72.72
76.37,76.37,49.47,67.75,69.70
75.69,75.69,45.09,69.85,70.33
67.31,67.31,40.41,68.93,69.47
69.34,69.34,44.16,71.83,68.85
70.29,70.29,51.63,67.70,68.75
72.97,72.97,57.67,59.31,66.97
75.55,75.55,65.00,58.53,66.98
72.35,72.35,78.23,66.04,65.99
73.06,73.06,76.83,67.23,65.96
68.98,68.98,71.05,70.93,67.73
66.97,66.97,63.95,72.23,67.26
72.07,72.07,54.23,67.88,66.36
71.59,71.59,51.99,69.36,67.83
65.96,65.96,51.45,74.14,68.56
64.44,64.44,48.21,73.30,67.05
60.94,60.94,42.01,71.24,66.29
64.27,64.27,39.89,70.97,66.54
65.42,65.42,42.68,68.60,65.63
67.82,67.82,44.14,70.31,63.47
67.65,67.65,49.36,66.12,63.16
64.51,64.51,62.86,69.49,66.12
56.62,56.62,67.65,69.10,67.18
50.15,50.15,67.31,68.59,64.97
57.81,57.81,66.58,67.82,65.26
56.42,56.42,64.77,67.46,64.48
50.93,50.93,63.09,70.22,63.98
46.20,46.20,61.87,67.68,62.85
41.80,41.80,59.12,69.95,63.01
50.48,50.48,58.17,66.66,62.22
51.64,51.64,58.47,70.51,59.70
46.40,46.40,58.06,66.19,57.06
40.87,40.87,55.37,70.24,56.28
38.45,38.45,55.65,67.45,56.70
38.00,38.00,63.74,70.95,63.34
38.64,38.64,74.45,72.01,71.05
36.57,36.57,76.00,69.42,74.19
34.82,34.82,71.53,70.81,74.48
36.37,36.37,68.17,67.95,77.58
37.83,37.83,63.49,52.46,77.95
36.97,36.97,58.88,51.48,76.75
34.86,34.86,53.03,52.75,74.99
30.92,30.92,49.12,49.07,74.00
29.39,29.39,43.59,46.20,73.02
31.10,31.10,42.03,43.35,74.73
33.18,33.18,40.48,39.36,75.50
36.38,36.38,45.27,37.94,74.83
42.04,42.04,53.02,55.29,70.71
47.06,47.06,67.50,61.86,63.60
51.24,51.24,75.09,70.59,61.42
54.31,54.31,69.80,72.84,60.64
63.06,63.06,64.47,75.95,65.26
68.25,68.25,58.78,74.36,67.04
71.28,71.28,53.57,75.19,68.38
68.77,68.77,48.92,71.09,68.47
69.52,69.52,46.47,74.92,69.64
68.84,68.84,43.44,75.38,71.33
69.13,69.13,40.14,73.45,69.84
69.13,69.13,37.15,73.04,71.07
66.56,66.56,43.15,70.16,68.96
68.86,68.86,51.26,65.38,71.26
66.27,66.27,58.72,60.14,71.69
70.76,70.76,69.27,63.73,70.53
69.52,69.52,72.79,69.04,71.21
70.14,70.14,66.66,71.29,74.05
75.78,75.78,63.15,69.01,76.42
74.86,74.86,57.37,69.76,71.50
73.45,73.45,55.31,72.92,67.64
73.01,73.01,51.00,73.58,67.32
71.26,71.26,47.10,70.29,66.01
73.49,73.49,43.09,71.97,67.45
72.13,72.13,42.33,72.33,65.42
75.22,75.22,43.64,73.59,65.15
73.45,73.45,45.85,69.28,64.18
75.80,75.80,46.43,71.52,59.07
74.71,74.71,58.17,66.48,59.67
75.43,75.43,70.64,66.64,63.14
75.07,75.07,70.74,63.98,65.22
74.45,74.45,67.03,68.94,73.21
75.12,75.12,65.48,71.70,72.45
73.95,73.95,63.57,71.97,75.60
73.40,73.40,61.50,72.33,71.34
71.52,71.52,61.67,71.63,71.29
71.54,71.54,59.52,73.12,63.80
71.36,71.36,58.17,68.99,59.73
70.51,70.51,57.05,70.11,56.52
70.21,70.21,56.06,65.60,56.14
70.41,70.41,56.87,64.27,60.17
69.44,69.44,60.02,61.78,60.08
69.96,69.96,70.08,58.82,62.70
69.28,69.28,79.56,55.38,70.62
72.89,72.89,71.67,57.19,62.04
79.37,79.37,69.20,58.65,61.36
78.93,78.93,64.42,62.55,66.07
70.50,70.50,58.18,66.17,60.52
65.79,65.79,53.43,56.84,61.28
61.49,61.49,51.96,60.61,67.54
64.15,64.15,52.99,62.11,66.35
61.49,61.49,46.39,57.27,64.98
57.10,57.10,46.54,50.41,63.73
58.36,58.36,46.29,57.10,64.03
57.80,57.80,51.63,57.74,58.45
58.97,58.97,58.85,46.76,59.17
59.06,59.06,71.37,62.33,65.22
55.16,55.16,73.70,71.14,68.64
62.57,62.57,67.77,72.15,74.53
65.25,65.25,64.71,73.58,74.87
75.12,75.12,60.85,73.62,73.53
79.38,79.38,58.89,73.31,73.16
79.33,79.33,54.37,71.42,73.07
78.74,78.74,54.06,72.67,72.59
75.45,75.45,50.65,71.85,71.97
71.44,71.44,47.23,70.15,70.97
72.47,72.47,47.13,65.13,71.48
72.41,72.41,46.22,64.07,70.58
69.72,69.72,52.86,63.08,69.42
67.54,67.54,61.40,62.21,72.38
69.75,69.75,70.15,61.13,72.91
70.49,70.49,76.21,72.48,73.49
67.41,67.41,71.07,70.74,71.63
68.40,68.40,63.75,70.51,73.12
70.21,70.21,58.99,72.12,71.42
71.23,71.23,53.48,73.06,70.33
71.35,71.35,51.87,71.77,70.53
71.37,71.37,46.02,72.23,69.08
71.24,71.24,41.42,72.42,69.41
75.10,75.10,39.45,70.59,68.92
72.26,72.26,38.84,71.41,69.17
70.06,70.06,40.14,71.18,67.18
72.04,72.04,51.77,70.53,68.43
70.76,70.76,60.37,69.41,67.98
68.08,68.08,68.56,67.47,72.00
67.03,67.03,67.49,67.86,67.97
67.29,67.29,65.56,66.97,68.03
70.80,70.80,62.89,67.90,67.24
73.20,73.20,62.52,69.60,68.34
72.53,72.53,61.09,70.93,69.76
69.22,69.22,61.15,71.02,67.29
73.33,73.33,58.79,71.79,66.71
71.37,71.37,58.20,71.44,64.14
70.94,70.94,57.77,71.08,62.21
65.17,65.17,57.54,70.31,63.83
63.75,63.75,56.14,68.91,62.14
68.52,68.52,64.01,69.69,67.07
69.24,69.24,70.15,71.31,69.35
74.63,74.63,75.73,71.01,72.16
76.81,76.81,73.02,70.21,71.44
74.70,74.70,70.11,71.75,75.93
69.04,69.04,65.64,71.26,72.90
65.92,65.92,61.29,62.55,64.75
61.34,61.34,56.19,52.79,64.24
59.62,59.62,52.44,53.67,64.09
61.82,61.82,46.37,56.10,57.20
66.25,66.25,43.58,52.15,56.65
65.95,65.95,44.65,49.95,57.72
66.76,66.76,48.28,50.94,46.31
65.50,65.50,51.61,45.72,45.37
61.55,61.55,56.88,51.60,44.94
58.24,58.24,66.32,67.34,53.92
58.25,58.25,74.32,73.94,61.76
65.97,65.97,66.55,72.87,62.92
69.57,69.57,62.15,72.79,65.93
70.51,70.51,55.43,74.16,59.54
70.14,70.14,51.92,73.44,62.11
72.81,72.81,47.22,71.56,56.69
71.87,71.87,44.11,71.29,57.83
72.78,72.78,40.12,71.47,56.80
71.39,71.39,34.55,71.26,54.09
70.75,70.75,35.50,72.71,55.42
70.75,70.75,42.18,71.70,57.08
69.39,69.39,52.11,71.00,60.41
68.87,68.87,63.28,70.08,62.60
66.80,66.80,70.40,69.52,68.14
64.81,64.81,77.65,67.09,68.47
65.29,65.29,73.19,62.67,65.05
65.92,65.92,66.61,58.53,67.15
68.19,68.19,60.81,60.69,70.78
67.73,67.73,54.43,57.73,65.51
65.54,65.54,53.34,52.81,69.33
69.51,69.51,45.40,51.51,67.12
71.34,71.34,45.19,52.22,68.00
70.35,70.35,36.04,47.54,64.01
71.56,71.56,45.94,41.54,64.32
69.80,69.80,47.40,36.62,63.08
67.75,67.75,44.73,35.11,63.86
65.44,65.44,54.63,48.12,68.18
63.01,63.01,64.29,49.73,68.87
65.90,65.90,68.28,58.14,67.23
71.96,71.96,68.34,71.61,69.86
73.31,73.31,66.25,71.88,71.06
74.58,74.58,63.81,72.93,72.19
75.68,75.68,60.71,71.94,70.77
73.07,73.07,56.88,72.69,71.21
68.68,68.68,55.95,71.36,71.73
69.27,69.27,54.00,69.71,71.42
70.58,70.58,51.17,62.14,72.37
71.50,71.50,51.54,57.01,71.18
67.61,67.61,51.75,58.89,71.33
68.55,68.55,58.12,54.91,69.40
61.97,61.97,65.49,51.13,68.42
62.47,62.47,71.99,65.16,69.20
59.54,59.54,78.32,62.82,71.61
55.99,55.99,72.59,68.92,72.02
48.55,48.55,65.76,68.52,72.94
45.98,45.98,61.04,70.67,72.95
41.97,41.97,57.93,67.75,72.95
40.48,40.48,53.10,69.76,72.93
41.70,41.70,47.65,67.96,71.03
40.85,40.85,44.46,58.82,70.66
40.43,40.43,42.92,59.44,69.36
40.52,40.52,43.92,54.34,71.88
35.29,35.29,53.34,54.83,71.12
36.67,36.67,61.07,56.88,67.44
30.56,30.56,66.07,56.31,67.40
25.01,25.01,77.53,57.73,70.02
22.79,22.79,74.85,65.48,70.63
25.76,25.76,68.73,72.93,71.67
26.85,26.85,60.37,72.71,70.79
24.81,24.81,53.67,71.36,72.30
25.05,25.05,46.13,70.58,71.34
23.29,23.29,43.10,71.56,70.20
26.03,26.03,39.49,72.82,73.07
27.01,27.01,28.92,71.95,69.45
27.76,27.76,30.96,71.34,69.76
30.16,30.16,37.02,69.21,69.40
24.28,24.28,43.95,66.02,68.07
18.38,18.38,52.71,65.71,67.93
15.74,15.74,66.73,60.70,70.30
13.76,13.76,76.52,66.18,71.86
10.79,10.79,76.38,66.18,68.86
12.30,12.30,69.42,69.69,70.47
23.00,23.00,65.06,72.75,69.68
27.05,27.05,57.09,71.61,70.10
28.07,28.07,55.68,72.83,70.52
28.62,28.62,50.84,72.91,69.41
31.08,31.08,48.35,72.03,70.18
32.30,32.30,43.75,72.09,67.84
32.46,32.46,39.85,70.62,70.55
30.68,30.68,35.71,70.80,67.05
27.56,27.56,41.75,69.63,69.25
24.20,24.20,50.58,69.99,68.07
18.25,18.25,63.07,70.04,69.41
11.32,11.32,67.02,70.15,68.16
6.70,6.70,67.46,70.47,69.42
13.86,13.86,65.28,69.72,68.31
21.09,21.09,63.29,70.46,69.89
23.65,23.65,61.34,70.64,69.43
22.96,22.96,60.20,70.42,70.34
25.43,25.43,60.10,70.05,69.56
24.56,24.56,59.23,69.40,69.42
26.26,26.26,59.25,69.40,69.32
26.77,26.77,57.11,70.18,68.99
24.43,24.43,56.89,69.53,69.96
17.51,17.51,56.39,70.54,68.66
17.05,17.05,62.10,70.59,66.39
22.86,22.86,75.54,69.85,66.69
22.87,22.87,74.45,68.65,66.87
13.38,13.38,69.19,68.95,68.85
8.22,8.22,66.21,65.10,70.61
12.24,12.24,61.22,65.86,71.07
20.90,20.90,56.89,57.18,72.15
26.62,26.62,52.40,48.50,69.08
24.31,24.31,47.54,31.85,66.62
26.95,26.95,43.97,43.52,66.53
29.02,29.02,43.96,46.35,67.58
29.39,29.39,43.42,41.54,66.93
23.89,23.89,48.78,33.02,65.47
17.92,17.92,54.99,44.91,64.62
12.94,12.94,66.49,58.07,67.57
19.13,19.13,76.58,68.46,66.89
25.26,25.26,72.95,75.16,69.98
23.39,23.39,65.06,73.24,71.84
25.85,25.85,57.59,75.88,69.69
31.67,31.67,53.92,75.69,66.16
31.04,31.04,47.49,74.37,68.91
29.89,29.89,41.43,73.00,66.42
27.74,27.74,38.90,73.17,66.34
24.79,24.79,35.25,74.32,67.61
25.61,25.61,30.08,73.89,66.93
25.85,25.85,31.71,73.92,64.37
22.79,22.79,38.63,73.21,66.89
20.31,20.31,53.35,72.89,64.99
16.50,16.50,64.73,69.95,71.21
14.90,14.90,72.95,68.77,73.96
9.32,9.32,70.81,65.74,71.83
8.60,8.60,61.53,63.51,70.09
14.73,14.73,55.48,64.80,69.73
18.04,18.04,49.52,64.62,71.16
22.25,22.25,50.96,66.39,70.85
23.60,23.60,43.81,65.29,70.22
25.17,25.17,45.05,62.60,71.33
27.20,27.20,34.34,60.69,71.01
27.65,27.65,36.53,55.62,71.82
29.19,29.19,37.62,52.53,68.94
23.70,23.70,42.68,54.43,70.27
18.31,18.31,50.86,53.34,68.58
21.25,21.25,64.31,51.42,70.86
14.73,14.73,66.33,61.20,74.47
15.29,15.29,63.20,73.72,75.54
15.00,15.00,61.55,74.50,73.22
18.26,18.26,59.45,72.19,73.37
18.27,18.27,57.92,71.71,74.38
17.55,17.55,56.95,71.43,74.18
17.05,17.05,55.45,70.91,74.80
20.48,20.48,53.45,65.40,74.40
19.17,19.17,53.50,61.29,74.11
18.19,18.19,53.59,58.69,73.29
18.33,18.33,53.55,55.30,72.99
13.81,13.81,58.93,54.94,70.93
14.40,14.40,67.21,60.03,70.56
16.56,16.56,78.79,65.46,68.26
10.61,10.61,75.76,68.34,69.46
12.42,12.42,69.45,70.22,63.86
10.71,10.71,63.58,70.87,63.20
14.90,14.90,59.70,68.25,61.08
21.23,21.23,56.19,66.70,57.25
23.56,23.56,50.71,69.45,61.87
25.34,25.34,49.97,65.19,59.83
28.87,28.87,48.23,53.48,56.19
31.04,31.04,43.24,42.55,51.43
33.28,33.28,45.05,48.94,56.52
29.65,29.65,52.20,44.55,50.69
20.65,20.65,57.93,52.42,53.10
17.27,17.27,69.71,64.24,64.91
16.29,16.29,77.16,68.10,60.48
15.27,15.27,69.38,70.41,63.65
25.67,25.67,64.85,73.07,65.71
27.15,27.15,58.78,73.04,64.91
26.83,26.83,55.07,74.11,63.87
27.94,27.94,49.55,71.87,64.65
30.19,30.19,41.34,73.59,64.82
26.90,26.90,37.05,72.94,58.97
28.10,28.10,38.21,68.28,61.40
29.04,29.04,35.56,63.02,59.71
26.39,26.39,42.28,60.21,60.69
29.11,29.11,50.17,58.88,62.25
15.59,15.59,59.11,54.63,62.67
20.05,20.05,72.49,66.31,73.05
30.00,30.00,75.11,70.91,75.64
38.52,38.52,65.90,72.58,78.44
40.50,40.50,62.09,72.35,73.49
39.04,39.04,57.38,73.40,72.98
32.53,32.53,56.91,75.36,73.62
27.33,27.33,55.53,75.06,73.85
27.31,27.31,54.90,75.08,74.70
25.50,25.50,54.22,74.90,73.14
25.22,25.22,53.87,74.41,72.41
27.45,27.45,52.91,75.04,72.43
29.69,29.69,53.61,74.49,72.61
29.87,29.87,54.99,74.04,72.61
25.83,25.83,56.42,73.68,71.70
19.37,19.37,67.96,73.18,71.14
20.39,20.39,67.38,72.61,73.27
26.36,26.36,67.19,71.54,70.93
29.32,29.32,64.24,71.96,73.77
29.22,29.22,60.92,72.08,70.90
33.12,33.12,60.73,70.96,73.36
31.09,31.09,59.31,69.41,72.03
31.45,31.45,60.05,71.59,71.45
33.79,33.79,57.77,71.83,72.42
37.15,37.15,57.51,72.73,70.16
42.37,42.37,56.31,72.83,73.13
47.58,47.58,53.04,72.88,68.73
61.10,61.10,56.41,71.71,70.15
64.21,64.21,61.60,70.40,67.98
67.57,67.57,77.75,67.85,75.12
69.50,69.50,77.84,69.11,74.50
67.79,67.79,70.91,66.23,71.88
70.28,70.28,65.12,67.69,74.82
74.18,74.18,60.42,69.40,71.60
75.27,75.27,53.11,65.15,70.08
75.81,75.81,50.52,62.25,72.54
73.31,73.31,46.60,53.12,68.71
73.77,73.77,45.98,53.65,65.05
75.11,75.11,44.20,46.23,65.16
76.21,76.21,44.21,49.98,62.91
74.22,74.22,53.83,48.47,60.88
69.41,69.41,60.03,50.06,62.17
68.87,68.87,70.68,65.32,66.35
76.65,76.65,73.20,71.61,68.19
77.20,77.20,68.12,72.43,68.86
77.53,77.53,64.84,72.35,69.66
77.45,77.45,62.60,71.62,67.48
77.04,77.04,61.11,67.94,63.14
76.71,76.71,59.15,68.15,64.50
76.77,76.77,57.83,71.20,65.45
68.60,68.60,53.36,71.53,58.09
63.41,63.41,44.77,71.45,57.91
58.01,58.01,36.87,71.52,56.65
54.01,54.01,36.18,72.21,56.62
54.03,54.03,44.04,68.21,55.80
56.84,56.84,54.55,65.16,54.48
73.86,73.86,67.49,61.01,63.56
77.03,77.03,76.20,69.17,66.37
74.60,74.60,74.70,71.41,67.99
76.88,76.88,70.87,72.94,66.10
78.23,78.23,64.00,73.35,63.87
77.30,77.30,54.25,73.21,67.35
80.39,80.39,52.74,73.52,66.50
79.95,79.95,48.90,73.80,63.50
80.04,80.04,44.82,74.68,64.28
78.81,78.81,40.25,73.44,64.02
76.46,76.46,39.13,73.96,63.63
74.31,74.31,39.41,73.43,65.55
75.50,75.50,41.28,72.60,61.46
75.52,75.52,52.75,72.11,66.08
74.73,74.73,63.77,71.96,65.91
72.45,72.45,70.20,69.78,71.67
67.96,67.96,67.35,71.27,72.40
72.88,72.88,64.67,73.73,72.15
75.24,75.24,62.62,74.40,72.88
75.78,75.78,60.63,73.90,74.26
74.69,74.69,58.32,74.76,74.48
73.00,73.00,56.48,75.01,70.63
73.36,73.36,56.25,74.66,74.22
75.19,75.19,54.97,74.37,72.57
77.32,77.32,52.74,74.08,71.26
78.12,78.12,50.45,72.09,70.61
77.68,77.68,54.72,70.57,66.06
77.62,77.62,61.15,70.85,61.32
78.67,78.67,70.65,69.71,61.00
79.84,79.84,79.50,70.45,73.47
77.01,77.01,74.85,70.00,69.05
71.44,71.44,65.27,67.32,70.48
76.53,76.53,60.48,60.18,69.82
79.72,79.72,57.05,59.32,61.98
77.53,77.53,53.84,56.86,58.19
76.98,76.98,49.37,50.71,58.60
79.68,79.68,45.10,51.70,59.09
76.01,76.01,45.85,47.19,59.10
78.83,78.83,41.32,42.45,57.14
73.20,73.20,42.97,42.00,55.95
77.05,77.05,50.30,38.20,52.53
77.51,77.51,59.57,41.49,60.21
76.81,76.81,66.76,52.69,64.60
74.57,74.57,73.72,67.72,71.94
75.43,75.43,71.26,69.38,74.88
75.13,75.13,59.42,72.64,74.68
71.85,71.85,56.28,73.58,75.62
74.50,74.50,51.76,74.75,77.49
75.85,75.85,48.80,73.51,73.21
74.75,74.75,46.02,72.80,73.79
77.21,77.21,49.73,71.55,73.01
78.46,78.46,51.72,69.55,74.16
75.07,75.07,47.49,69.36,73.63
76.12,76.12,42.42,66.04,73.50
78.22,78.22,43.32,64.34,71.89
77.02,77.02,55.24,56.08,74.80
75.12,75.12,61.27,56.54,76.92
72.22,72.22,73.24,60.62,76.93
75.02,75.02,74.56,71.70,77.24
72.63,72.63,68.83,71.05,78.03
73.30,73.30,59.54,71.32,76.17
70.70,70.70,56.10,76.46,77.11
73.42,73.42,51.30,75.47,76.69
74.73,74.73,43.93,70.01,76.97
76.57,76.57,45.34,73.15,77.58
78.81,78.81,42.06,72.96,77.32
79.56,79.56,39.44,70.88,75.20
79.33,79.33,38.73,71.61,69.26
78.68,78.68,43.89,68.75,64.73
73.23,73.23,60.27,72.85,65.18
69.00,69.00,66.53,70.50,65.46
73.98,73.98,67.84,67.79,67.27
75.17,75.17,65.81,73.69,73.40
75.21,75.21,62.18,68.44,73.50
75.90,75.90,60.75,67.41,71.89
76.78,76.78,58.40,71.59,73.86
77.83,77.83,57.20,69.03,71.20
77.36,77.36,55.08,66.83,74.89
76.43,76.43,54.32,69.28,70.35
76.41,76.41,50.73,66.46,72.85
75.30,75.30,49.83,70.02,72.27
78.81,78.81,52.57,67.70,68.39
75.95,75.95,58.43,65.27,61.99
75.46,75.46,68.25,71.89,64.28
74.13,74.13,68.58,73.13,72.10
73.80,73.80,71.00,69.55,74.54
66.54,66.54,66.33,71.90,79.31
67.58,67.58,58.90,71.35,74.22
70.36,70.36,57.27,65.08,73.71
72.34,72.34,49.48,58.31,73.21
72.21,72.21,46.91,49.82,67.78
72.89,72.89,49.55,52.15,58.57
70.82,70.82,43.47,49.29,58.57
68.97,68.97,37.42,37.46,52.86
64.27,64.27,43.39,28.37,53.96
56.25,56.25,44.11,28.84,51.30
54.19,54.19,41.41,35.07,52.58
59.93,59.93,54.34,52.91,56.74
64.40,64.40,66.07,64.86,63.19
68.12,68.12,75.12,72.23,63.34
74.15,74.15,71.91,74.64,67.26
75.87,75.87,66.23,75.60,65.27
75.77,75.77,60.66,74.19,61.80
76.12,76.12,56.06,76.23,63.96
76.34,76.34,51.10,74.05,62.02
77.14,77.14,45.40,71.91,59.32
77.08,77.08,42.19,73.09,60.47
75.83,75.83,37.58,71.77,62.33
75.59,75.59,36.53,73.79,60.69
74.73,74.73,40.34,71.87,61.08
74.14,74.14,51.32,69.31,62.65
72.79,72.79,61.13,60.47,64.55
74.80,74.80,65.03,59.28,69.35
70.41,70.41,74.56,66.24,74.43
70.75,70.75,72.15,71.66,67.47
64.45,64.45,62.06,70.90,66.60
71.26,71.26,53.46,76.33,65.48
69.77,69.77,51.00,76.00,66.80
66.89,66.89,55.49,72.94,64.26
61.48,61.48,49.06,71.20,66.82
62.58,62.58,47.19,70.99,63.99
64.03,64.03,44.72,75.00,65.47
61.49,61.49,42.52,72.74,63.67
68.42,68.42,41.85,72.56,66.27
70.03,70.03,50.44,73.51,69.73
70.52,70.52,60.81,72.13,71.47
69.17,69.17,67.73,70.89,72.68
67.96,67.96,68.40,69.67,74.80
70.29,70.29,66.47,70.28,74.18
71.90,71.90,63.04,73.05,74.24
72.24,72.24,62.31,70.13,75.75
76.34,76.34,60.45,67.80,71.84
76.35,76.35,58.77,71.38,70.62
76.37,76.37,57.59,69.89,71.32
76.39,76.39,56.02,70.04,73.36
77.10,77.10,53.39,72.30,72.56
77.43,77.43,52.42,66.99,70.13
74.38,74.38,52.79,73.49,70.95
72.46,72.46,55.48,73.12,67.85
76.32,76.32,63.47,72.59,71.39
78.04,78.04,75.08,75.35,74.23
77.92,77.92,75.29,72.40,69.64
72.43,72.43,70.11,69.65,61.68
74.97,74.97,65.30,70.20,59.95
77.72,77.72,60.50,69.28,59.79
74.57,74.57,55.74,55.81,60.16
69.95,69.95,50.97,45.96,61.22
68.26,68.26,47.93,48.42,61.79
67.79,67.79,41.15,45.25,61.50
69.66,69.66,41.26,43.37,59.53
70.75,70.75,40.33,43.65,58.59
74.36,74.36,43.03,48.22,66.78
74.06,74.06,48.03,44.95,70.43
73.20,73.20,57.43,54.49,72.56
71.73,71.73,72.51,68.90,75.98
72.16,72.16,70.36,67.41,78.47
71.27,71.27,65.04,72.81,77.22
74.51,74.51,62.73,71.57,72.78
78.68,78.68,59.70,74.03,70.58
79.25,79.25,51.06,75.49,73.39
83.38,83.38,46.24,70.28,72.21
81.07,81.07,43.54,69.09,74.00
84.13,84.13,40.82,71.83,73.96
81.37,81.37,39.04,67.92,73.79
79.26,79.26,43.33,71.47,73.27
74.36,74.36,54.91,71.69,70.80
79.77,79.77,57.01,72.94,75.22
82.64,82.64,60.48,71.06,73.17
83.22,83.22,73.60,68.08,70.56
81.79,81.79,73.08,69.07,74.21
76.97,76.97,67.52,71.67,73.39
72.16,72.16,65.14,74.12,74.43
71.11,71.11,57.88,72.64,71.83
75.06,75.06,51.11,73.01,70.72
77.48,77.48,46.90,72.14,72.54
77.09,77.09,46.48,72.68,72.14
77.40,77.40,44.01,73.35,71.74
75.97,75.97,42.68,73.82,69.60
76.81,76.81,42.68,72.25,67.94
78.62,78.62,43.28,72.35,65.68
81.02,81.02,51.45,70.90,65.04
83.74,83.74,59.76,70.80,67.29
78.16,78.16,69.64,70.75,68.61
73.80,73.80,68.45,70.12,67.66
65.04,65.04,66.98,69.50,67.90
65.94,65.94,63.40,69.85,65.31
69.00,69.00,61.44,70.30,64.61
68.50,68.50,61.34,67.95,64.73
71.94,71.94,59.00,69.67,63.36
72.55,72.55,58.28,69.89,63.42
72.97,72.97,57.10,67.98,62.63
73.95,73.95,54.25,67.50,63.96
73.49,73.49,53.82,66.74,61.36
72.18,72.18,54.52,65.86,64.47
70.37,70.37,59.80,63.90,66.13
69.17,69.17,67.76,62.88,71.39
69.56,69.56,73.58,62.77,78.41
69.05,69.05,70.17,59.73,72.05
69.03,69.03,65.96,69.07,71.72
66.35,66.35,62.40,65.69,73.73
67.63,67.63,57.83,60.31,70.64
70.17,70.17,55.92,62.39,71.68
73.88,73.88,54.38,60.45,71.18
74.58,74.58,51.59,56.53,67.70
75.62,75.62,46.36,56.02,67.84
76.13,76.13,44.64,48.36,66.97
75.32,75.32,43.77,42.64,63.65
75.05,75.05,50.63,48.24,64.10
74.82,74.82,57.23,52.99,61.01
76.87,76.87,67.87,61.28,61.73
76.78,76.78,76.47,70.50,66.14
75.11,75.11,71.87,68.97,66.98
73.87,73.87,67.47,74.26,66.11
73.66,73.66,55.54,74.02,64.35
71.44,71.44,52.49,69.40,65.42
72.54,72.54,52.06,71.60,58.80
74.77,74.77,52.29,74.96,64.63
75.59,75.59,49.71,70.83,63.09
73.25,73.25,44.05,65.18,61.35
73.05,73.05,43.16,58.95,60.46
74.55,74.55,46.36,51.85,62.52
77.04,77.04,53.39,53.53,68.02
77.07,77.07,63.15,56.12,65.11
76.44,76.44,64.48,59.66,70.13
73.68,73.68,74.57,65.45,72.50
74.15,74.15,72.19,70.54,72.70
71.27,71.27,63.50,70.45,70.90
68.86,68.86,56.44,75.39,70.66
70.96,70.96,50.97,77.48,71.87
75.18,75.18,42.86,77.04,71.06
78.50,78.50,43.67,77.24,71.98
73.86,73.86,37.75,77.77,73.04
77.08,77.08,45.70,76.66,72.96
76.75,76.75,48.00,77.15,71.78
71.92,71.92,44.88,74.51,69.54
72.03,72.03,48.18,74.32,68.54
67.66,67.66,59.29,75.86,68.20
66.36,66.36,68.01,70.76,70.67
68.72,68.72,69.14,67.28,74.31
67.11,67.11,66.35,68.63,70.76
71.08,71.08,64.45,63.43,69.02
69.15,69.15,62.98,67.78,69.35
69.57,69.57,59.90,67.70,69.27
71.91,71.91,59.11,66.89,70.49
69.28,69.28,57.54,68.75,70.89
70.22,70.22,56.76,67.53,68.24
71.66,71.66,56.88,69.51,68.66
70.62,70.62,55.84,69.04,68.42
73.02,73.02,55.62,68.19,68.84
73.32,73.32,62.30,66.85,65.78
70.70,70.70,70.61,72.27,65.90
71.36,71.36,77.20,73.07,70.83
69.69,69.69,79.13,69.86,68.94
68.32,68.32,72.15,71.29,72.84
69.93,69.93,67.22,72.10,66.51
70.42,70.42,62.54,62.68,62.64
75.08,75.08,58.42,57.16,68.50
74.24,74.24,53.76,55.49,64.92
69.97,69.97,51.18,53.17,62.15
65.62,65.62,52.34,47.31,57.28
65.33,65.33,47.68,50.82,62.32
64.47,64.47,46.35,46.61,65.23
62.56,62.56,50.53,44.57,62.62
59.15,59.15,54.37,48.02,63.66
55.99,55.99,60.39,57.33,68.66
61.30,61.30,73.32,64.71,67.69
66.14,66.14,73.57,67.05,70.68
74.89,74.89,69.08,68.22,72.49
73.46,73.46,62.01,69.23,70.63
72.61,72.61,61.64,68.14,67.82
73.38,73.38,57.03,73.56,67.95
73.18,73.18,54.16,72.56,64.90
74.24,74.24,53.61,69.03,62.86
74.75,74.75,54.81,71.05,65.15
75.13,75.13,54.59,69.49,64.00
79.09,79.09,53.26,68.79,62.01
72.07,72.07,51.23,59.74,62.73
78.55,78.55,57.73,61.20,63.12
74.43,74.43,64.27,59.51,66.88
77.69,77.69,72.48,66.79,72.73
76.64,76.64,76.40,70.40,74.45
70.67,70.67,72.39,70.49,76.36
75.03,75.03,69.84,72.82,74.23
75.04,75.04,58.76,67.47,71.82
75.17,75.17,52.25,64.72,69.95
77.07,77.07,52.07,70.08,71.95
74.01,74.01,51.15,70.17,71.53
74.70,74.70,42.90,72.58,68.56
74.97,74.97,42.48,68.66,69.32
74.88,74.88,39.43,69.14,71.58
77.21,77.21,40.77,69.61,69.30
73.30,73.30,47.17,70.32,68.84
74.51,74.51,57.21,70.31,75.75
72.72,72.72,66.96,68.52,77.49
74.37,74.37,65.70,68.40,77.76
73.34,73.34,65.15,63.72,77.88
73.18,73.18,64.27,70.57,79.59
76.07,76.07,62.71,68.34,76.00
74.14,74.14,59.81,70.95,76.68
74.40,74.40,58.14,68.15,76.36
71.47,71.47,57.90,69.87,77.40
72.65,72.65,55.72,69.38,75.05
74.04,74.04,55.03,68.68,68.77
73.42,73.42,53.32,70.48,67.14
73.65,73.65,53.36,69.28,66.01
70.93,70.93,59.08,71.60,68.14
69.67,69.67,67.87,67.81,68.64
67.36,67.36,75.14,63.69,74.27
65.16,65.16,73.40,62.19,80.09
67.45,67.45,67.09,66.08,79.45
69.64,69.64,62.96,66.72,78.25
71.30,71.30,59.72,63.73,75.65
69.61,69.61,56.52,55.25,66.05
72.01,72.01,50.91,50.77,69.03
71.46,71.46,51.08,45.14,68.29
66.06,66.06,49.05,41.22,65.60
61.82,61.82,43.99,41.08,64.72
60.95,60.95,41.32,41.98,62.98
60.04,60.04,43.11,46.51,62.35
62.15,62.15,49.71,56.75,63.96
59.69,59.69,66.02,67.10,69.60
53.36,53.36,77.08,70.92,71.65
52.97,52.97,68.64,73.09,71.84
52.89,52.89,65.11,72.15,72.42
57.46,57.46,59.57,73.75,69.00
61.77,61.77,57.01,73.84,69.84
59.19,59.19,49.02,74.61,67.41
60.04,60.04,50.58,71.34,67.82
60.68,60.68,45.71,72.22,65.31
53.65,53.65,43.97,64.61,59.28
46.74,46.74,37.17,68.72,60.84
38.70,38.70,39.61,63.53,58.21
37.06,37.06,47.54,63.35,58.08
38.44,38.44,52.41,53.16,75.46
32.11,32.11,62.87,54.58,77.45
30.49,30.49,71.64,61.42,76.93
28.25,28.25,69.73,65.06,77.32
31.81,31.81,70.83,72.13,78.17
31.58,31.58,67.09,71.82,77.34
32.12,32.12,62.46,70.65,76.87
31.62,31.62,52.48,65.43,76.91
29.87,29.87,49.19,70.42,77.09
31.00,31.00,47.29,69.12,76.82
31.74,31.74,46.29,74.22,74.67
32.43,32.43,45.75,73.14,70.21
30.80,30.80,42.43,72.58,67.02
28.55,28.55,44.38,73.14,70.00
22.75,22.75,53.91,71.50,68.53
24.01,24.01,63.43,73.99,72.95
22.39,22.39,66.30,71.51,77.80
17.37,17.37,65.74,70.59,79.16
14.21,14.21,63.17,68.72,79.52
15.21,15.21,61.46,60.63,82.58
14.19,14.19,61.45,58.17,76.49
20.04,20.04,61.83,60.43,77.90
16.46,16.46,59.32,66.41,78.15
14.18,14.18,57.92,73.21,75.05
20.25,20.25,58.32,74.32,74.90
25.81,25.81,56.57,72.32,72.21
32.76,32.76,56.40,70.67,72.90
35.14,35.14,59.40,71.58,71.82
37.66,37.66,66.55,69.61,68.05
43.74,43.74,73.28,73.67,69.89
46.92,46.92,75.05,76.67,73.33
59.23,59.23,70.97,74.07,72.33
65.11,65.11,67.64,71.87,75.26
65.06,65.06,66.69,71.93,79.13
59.97,59.97,61.22,70.04,79.23
62.72,62.72,58.36,67.85,76.15
63.91,63.91,54.86,70.18,72.77
63.13,63.13,52.03,68.21,76.26
63.75,63.75,52.10,62.88,75.11
62.84,62.84,49.91,64.07,74.01
61.31,61.31,48.66,60.50,72.71
61.79,61.79,52.76,63.62,72.30
64.33,64.33,61.60,55.25,74.31
65.72,65.72,74.36,65.15,74.59
66.81,66.81,70.30,70.12,71.83
67.24,67.24,71.52,73.49,71.50
68.30,68.30,62.74,71.47,67.21
67.29,67.29,55.63,72.62,68.38
59.85,59.85,51.64,73.64,68.26
66.46,66.46,56.12,70.79,66.54
68.25,68.25,54.98,67.38,61.51
68.68,68.68,57.87,72.10,62.27
69.43,69.43,56.58,67.94,56.22
71.97,71.97,61.30,73.60,56.38
74.28,74.28,50.88,68.58,62.81
72.98,72.98,58.81,67.04,67.92
71.07,71.07,61.01,56.96,70.95
77.16,77.16,67.51,63.74,76.58
77.83,77.83,74.94,68.64,77.72
75.14,75.14,73.53,68.88,74.81
80.39,80.39,68.51,69.69,73.91
80.75,80.75,60.14,73.55,75.24
74.47,74.47,58.70,75.33,72.50
78.74,78.74,55.98,70.23,74.06
79.23,79.23,54.87,72.30,73.81
79.27,79.27,53.12,73.59,72.09
78.40,78.40,52.37,69.63,74.23
77.97,77.97,52.10,71.47,71.93
76.34,76.34,51.77,68.55,73.48
74.01,74.01,51.19,69.25,71.06
78.09,78.09,50.35,69.71,72.76
80.84,80.84,50.97,68.87,71.46
80.13,80.13,49.88,70.33,72.61
79.11,79.11,48.51,69.30,71.57
77.46,77.46,44.99,72.50,71.05
75.14,75.14,43.01,69.11,71.56
78.43,78.43,43.45,68.50,71.49
79.39,79.39,42.06,68.79,71.49
79.56,79.56,41.68,64.07,71.98
79.46,79.46,41.86,69.35,71.03
77.20,77.20,43.77,69.79,72.02
75.53,75.53,46.75,67.84,70.11
73.77,73.77,46.38,67.67,71.70
76.90,76.90,44.61,71.65,71.59
77.62,77.62,43.91,69.15,72.75
78.55,78.55,40.28,70.25,72.14
78.91,78.91,37.75,68.07,72.59
78.43,78.43,33.95,68.56,73.27
77.24,77.24,35.44,68.76,73.55
78.11,78.11,38.28,65.88,71.80
76.63,76.63,40.98,69.66,71.27
76.12,76.12,41.86,64.85,71.15
73.96,73.96,41.97,69.76,71.30
74.80,74.80,42.29,68.25,71.03
76.11,76.11,43.20,68.63,69.74
78.02,78.02,43.26,72.69,69.90
79.25,79.25,41.15,65.25,68.29
76.50,76.50,40.16,67.10,70.84
77.12,77.12,36.92,70.25,67.60
78.97,78.97,39.25,66.62,64.69
80.02,80.02,38.39,66.73,68.96
79.64,79.64,37.34,70.56,67.04
80.71,80.71,40.29,66.34,68.23
73.67,73.67,40.14,65.28,66.49
77.23,77.23,41.66,72.02,65.78
80.05,80.05,41.84,63.60,62.38
78.15,78.15,41.38,66.17,56.15
80.38,80.38,39.52,69.53,54.68
81.42,81.42,37.99,66.47,54.95
72.50,72.50,38.53,67.92,56.38
69.65,69.65,39.18,67.15,54.45
72.10,72.10,40.56,68.26,56.86
74.60,74.60,41.78,59.43,62.88
74.54,74.54,46.42,68.12,64.12
74.79,74.79,57.12,59.69,71.46
70.41,70.41,62.65,57.94,75.47
74.93,74.93,75.44,66.84,77.91
71.76,71.76,72.17,68.98,80.50
74.53,74.53,68.21,73.12,80.82
77.19,77.19,63.82,68.52,78.40
79.65,79.65,61.18,70.98,77.62
75.54,75.54,61.55,74.07,78.24
76.44,76.44,60.29,70.04,76.27
80.53,80.53,61.68,70.52,73.82
76.93,76.93,61.54,74.14,73.54
79.29,79.29,60.06,73.66,73.46
81.47,81.47,59.51,68.08,72.24
74.45,74.45,58.33,72.94,70.43
80.84,80.84,56.84,75.48,72.58
83.44,83.44,55.97,73.56,69.65
83.11,83.11,55.28,71.21,71.62
83.17,83.17,54.36,70.30,69.58
82.83,82.83,54.59,74.12,71.32
82.37,82.37,54.98,71.24,71.20
82.04,82.04,55.08,70.85,68.63
82.18,82.18,53.37,72.15,71.14
80.08,80.08,53.54,73.21,68.31
73.06,73.06,54.57,73.02,69.04
78.46,78.46,53.84,73.96,70.12
81.13,81.13,52.59,73.55,68.88
80.93,80.93,50.83,74.75,68.51
75.48,75.48,50.99,73.91,68.08
75.54,75.54,49.57,73.17,70.38
82.66,82.66,50.57,73.82,67.62
80.02,80.02,50.21,72.84,70.36
72.85,72.85,50.94,74.34,67.88
79.88,79.88,49.64,72.20,70.26
82.13,82.13,47.84,73.04,67.89
82.12,82.12,48.05,70.79,68.08
77.53,77.53,48.13,70.61,68.92
73.10,73.10,45.65,68.81,70.87
79.60,79.60,45.94,73.21,66.82
82.20,82.20,45.03,69.53,70.98
83.09,83.09,45.63,72.23,68.62
83.59,83.59,45.06,70.96,68.02
83.00,83.00,47.52,71.09,69.69
81.39,81.39,48.37,73.59,68.83
79.59,79.59,49.72,72.04,69.97
81.12,81.12,50.28,73.39,68.22
83.42,83.42,49.48,70.10,67.14
81.77,81.77,48.62,72.18,64.39
81.31,81.31,48.55,70.76,61.83
74.50,74.50,48.83,71.11,60.35
64.18,64.18,46.60,73.18,61.89
61.71,61.71,45.49,72.72,60.49
60.07,60.07,43.45,71.27,58.56
54.98,54.98,44.47,71.71,58.94
52.78,52.78,45.52,70.18,58.84
54.97,54.97,45.58,67.53,56.51
55.88,55.88,49.04,66.20,55.91
58.95,58.95,57.57,65.20,61.00
65.64,65.64,55.64,64.77,60.02
72.77,72.77,74.00,67.66,70.32
76.22,76.22,70.38,63.88,69.55
75.12,75.12,64.81,65.59,72.75
78.05,78.05,64.98,71.77,75.10
76.64,76.64,67.61,72.98,72.58
74.75,74.75,68.11,73.01,73.12
75.52,75.52,66.22,72.89,72.98
77.44,77.44,66.29,69.05,72.46
75.33,75.33,65.92,69.25,72.71
75.81,75.81,66.43,68.07,70.75
78.84,78.84,65.98,70.95,71.48
74.78,74.78,66.14,68.53,72.15
77.27,77.27,66.36,68.13,69.68
75.81,75.81,64.67,68.30,70.78
68.92,68.92,64.85,69.85,72.10
66.30,66.30,65.54,69.24,69.57
67.47,67.47,66.60,71.23,68.38
68.77,68.77,66.25,69.05,70.09
69.48,69.48,67.30,69.38,71.37
67.73,67.73,66.03,68.52,69.64
72.51,72.51,63.58,66.94,68.17
72.35,72.35,63.60,67.04,65.76
69.05,69.05,63.50,67.99,68.18
73.34,73.34,62.92,65.56,69.45
74.32,74.32,61.07,65.88,67.42
70.58,70.58,60.46,68.67,66.03
65.94,65.94,60.28,69.30,66.03
59.15,59.15,59.95,70.66,65.73
51.05,51.05,63.68,68.55,66.53
53.10,53.10,73.26,63.89,69.25
51.10,51.10,79.98,60.34,72.95
52.11,52.11,74.57,65.18,73.83
50.48,50.48,70.99,68.77,75.88
48.24,48.24,68.23,69.38,72.77
44.64,44.64,63.54,70.15,72.23
48.37,48.37,62.37,67.95,70.91
46.00,46.00,60.89,62.01,68.31
42.88,42.88,61.23,63.94,66.18
39.61,39.61,59.69,63.45,68.89
41.36,41.36,58.38,62.66,70.12
39.79,39.79,59.26,61.28,69.43
39.19,39.19,59.29,59.63,70.33
35.67,35.67,59.10,57.10,68.04
31.43,31.43,62.84,53.81,63.19
32.81,32.81,73.10,65.97,66.24
30.66,30.66,70.63,69.94,66.93
36.14,36.14,65.27,68.62,67.78
34.96,34.96,66.24,67.52,64.85
35.40,35.40,60.72,67.02,67.97
34.35,34.35,56.70,70.21,64.69
33.31,33.31,54.37,71.30,62.28
34.60,34.60,54.61,67.76,66.04
36.38,36.38,54.62,67.52,65.83
36.93,36.93,52.63,68.51,70.80
36.94,36.94,51.43,66.05,70.47
40.13,40.13,54.33,66.82,69.83
38.09,38.09,60.31,68.13,69.46
27.51,27.51,60.33,68.29,67.54
22.37,22.37,67.01,68.46,69.87
20.26,20.26,71.61,66.84,76.70
24.06,24.06,65.04,67.12,78.19
25.92,25.92,60.70,63.89,77.65
25.71,25.71,54.57,62.38,77.19
23.44,23.44,53.26,67.14,77.81
21.18,21.18,51.28,65.11,70.79
19.84,19.84,49.54,61.17,70.56
23.07,23.07,49.32,56.79,75.77
30.69,30.69,48.76,53.45,73.64
40.37,40.37,47.86,53.38,74.70
51.48,51.48,48.62,52.23,73.73
58.58,58.58,54.00,54.66,71.30
67.00,67.00,61.39,57.36,69.77
69.71,69.71,68.60,59.92,74.87
72.55,72.55,69.45,69.36,73.05
76.25,76.25,70.05,70.10,74.09
74.49,74.49,67.39,71.38,74.23
72.37,72.37,67.89,71.70,71.76
75.49,75.49,66.84,72.40,70.06
73.95,73.95,65.56,70.99,69.20
74.19,74.19,64.04,71.49,72.20
66.68,66.68,61.05,73.06,73.50
65.45,65.45,61.73,71.56,74.33
65.42,65.42,60.39,67.80,74.62
62.38,62.38,61.01,64.66,73.77
71.36,71.36,69.54,59.80,72.20
77.42,77.42,75.80,60.85,72.07
80.99,80.99,80.08,61.78,70.76
80.41,80.41,74.08,63.86,70.01
74.10,74.10,69.51,64.24,66.88
72.14,72.14,65.00,64.36,66.29
76.81,76.81,62.48,69.55,69.53
78.65,78.65,58.63,68.20,70.48
79.03,79.03,54.53,68.99,71.96
76.75,76.75,50.98,68.31,67.51
75.50,75.50,46.44,68.63,67.24
71.84,71.84,43.62,70.28,70.83
75.54,75.54,43.26,71.74,72.14
76.53,76.53,48.16,66.66,68.32
76.48,76.48,59.42,61.78,69.59
77.40,77.40,70.67,64.29,71.13
76.91,76.91,75.53,66.28,77.69
76.63,76.63,67.48,68.26,75.91
77.17,77.17,61.93,70.03,78.02
80.89,80.89,57.90,72.91,78.69
81.92,81.92,54.88,71.76,77.00
76.10,76.10,53.57,69.37,76.82
72.21,72.21,54.19,70.75,76.99
72.21,72.21,54.81,71.29,73.24
75.88,75.88,53.32,71.31,72.09
77.30,77.30,52.70,69.48,72.90
78.35,78.35,53.84,68.03,71.17
79.80,79.80,56.11,62.11,70.21
78.71,78.71,61.88,57.96,69.69
78.50,78.50,67.18,63.92,74.19
75.23,75.23,67.05,68.50,75.30
76.20,76.20,66.69,70.38,75.23
76.18,76.18,62.26,72.86,75.79
76.02,76.02,54.20,74.91,73.60
70.28,70.28,50.59,75.61,73.44
66.71,66.71,49.61,73.86,72.35
67.55,67.55,42.47,73.10,70.95
69.87,69.87,40.97,74.68,72.82
69.61,69.61,38.03,72.13,71.72
70.23,70.23,37.33,72.65,73.61
72.25,72.25,39.28,70.77,72.03
76.78,76.78,45.43,72.59,73.65
74.87,74.87,53.19,68.68,73.65
64.42,64.42,66.66,70.16,74.42
53.67,53.67,69.44,69.84,75.24
63.90,63.90,64.28,72.84,74.44
76.78,76.78,63.90,73.25,69.67
78.35,78.35,60.52,72.15,74.60
75.44,75.44,60.01,73.17,72.38
72.76,72.76,58.11,72.83,71.72
72.66,72.66,57.43,73.06,73.82
72.94,72.94,55.96,73.64,71.75
71.44,71.44,52.60,72.54,71.84
71.53,71.53,51.70,70.76,72.28
73.37,73.37,54.00,71.72,69.97
75.86,75.86,60.76,73.08,71.86
72.51,72.51,71.02,70.66,70.99
77.29,77.29,79.30,67.22,74.40
76.91,76.91,73.13,71.71,76.59
73.75,73.75,69.14,72.30,78.42
76.77,76.77,66.34,70.24,75.97
82.81,82.81,63.69,57.85,77.54
83.35,83.35,62.64,50.04,77.70
80.51,80.51,59.19,50.79,76.40
77.05,77.05,56.14,53.10,77.28
80.35,80.35,50.92,53.24,74.45
77.22,77.22,47.89,53.14,72.29
68.04,68.04,51.36,47.41,75.59
65.65,65.65,58.10,45.32,69.18
67.08,67.08,63.79,51.09,68.04
65.46,65.46,65.20,61.14,71.73
70.75,70.75,70.98,69.26,77.85
73.84,73.84,68.29,70.26,77.77
76.10,76.10,59.50,74.01,77.89
73.27,73.27,55.97,74.01,79.06
73.10,73.10,50.72,72.19,77.94
71.39,71.39,45.84,72.56,78.45
76.51,76.51,42.31,72.55,76.58
77.35,77.35,39.37,72.43,79.17
70.78,70.78,38.76,73.78,76.48
72.57,72.57,40.14,72.83,77.93
73.36,73.36,38.98,71.03,77.03
69.75,69.75,44.43,73.66,77.09
75.96,75.96,57.82,74.69,77.52
73.82,73.82,62.90,70.04,77.31
75.03,75.03,72.51,68.19,78.54
72.58,72.58,73.49,66.49,77.07
72.13,72.13,70.10,73.07,77.29
70.21,70.21,56.68,75.11,76.86
69.24,69.24,52.05,70.02,77.20
65.10,65.10,55.87,62.95,75.54
61.76,61.76,55.67,59.76,76.10
60.06,60.06,48.11,57.91,75.34
61.95,61.95,41.81,46.51,75.78
60.86,60.86,44.13,37.77,73.85
64.31,64.31,44.32,41.89,75.97
67.58,67.58,49.33,48.10,74.58
61.21,61.21,57.35,55.66,75.35
55.03,55.03,67.88,59.16,74.89
58.38,58.38,69.93,67.75,73.28
67.44,67.44,69.05,71.08,73.94
71.89,71.89,66.28,71.59,76.86
71.59,71.59,66.43,73.02,74.48
70.09,70.09,65.99,73.52,75.72
67.97,67.97,65.29,68.45,73.95
68.34,68.34,64.10,69.99,73.18
67.89,67.89,62.21,71.77,74.13
66.14,66.14,62.19,71.44,71.95
66.32,66.32,60.93,66.29,71.88
63.86,63.86,61.04,60.27,70.89
63.94,63.94,62.55,66.65,72.51
63.05,63.05,70.42,66.98,70.67
59.12,59.12,78.07,69.85,73.21
60.65,60.65,72.22,70.65,69.22
67.20,67.20,66.43,71.71,68.82
72.05,72.05,65.00,69.21,68.58
71.87,71.87,60.66,70.82,70.19
69.86,69.86,56.30,68.92,66.57
68.33,68.33,53.20,71.42,66.36
69.53,69.53,50.08,70.87,67.97
67.46,67.46,49.99,69.95,67.87
68.66,68.66,47.71,71.06,65.22
67.93,67.93,46.82,70.15,66.23
68.74,68.74,50.21,68.63,64.90
72.11,72.11,63.43,65.25,64.51
73.55,73.55,70.53,60.24,66.69
72.15,72.15,70.08,64.59,73.66
69.64,69.64,68.85,71.36,72.87
67.48,67.48,65.36,70.85,73.07
67.46,67.46,59.71,69.96,74.89
68.75,68.75,53.98,66.19,71.92
69.81,69.81,49.28,68.30,72.41
68.30,68.30,42.44,68.60,71.49
70.27,70.27,39.65,75.30,71.14
69.42,69.42,40.52,74.87,72.11
70.15,70.15,38.66,69.48,72.12
72.07,72.07,40.90,55.42,69.09
70.83,70.83,44.24,53.26,70.32
78.41,78.41,54.59,57.97,69.79
78.54,78.54,68.34,63.99,71.19
78.24,78.24,72.82,72.05,73.44
83.05,83.05,67.61,69.58,75.29
81.20,81.20,62.22,69.35,72.28
79.51,79.51,60.05,70.76,73.03
82.03,82.03,52.35,69.31,72.64
80.49,80.49,45.54,73.59,73.68
79.21,79.21,48.18,74.08,72.36
79.19,79.19,46.76,76.06,69.58
81.10,81.10,39.46,75.63,72.72
81.20,81.20,41.66,73.88,70.36
76.91,76.91,44.16,76.48,71.14
76.16,76.16,47.13,74.21,70.91
76.48,76.48,53.53,71.99,71.76
76.39,76.39,63.05,74.46,73.30
77.77,77.77,69.09,72.76,70.00
76.81,76.81,69.89,72.40,69.70
74.31,74.31,66.70,74.79,72.21
72.31,72.31,64.74,72.98,71.12
72.60,72.60,64.37,73.07,70.85
72.36,72.36,63.65,75.08,67.53
73.34,73.34,62.37,71.52,65.88
69.79,69.79,61.66,68.92,67.35
71.25,71.25,58.36,71.62,65.90
71.30,71.30,59.22,68.01,66.58
71.78,71.78,58.43,65.36,66.95
72.21,72.21,59.42,64.02,64.88
72.16,72.16,66.44,60.55,68.44
71.12,71.12,75.82,58.92,73.42
69.96,69.96,74.59,64.27,74.31
70.65,70.65,71.08,71.76,76.27
68.02,68.02,67.76,71.76,75.04
69.81,69.81,64.41,74.52,75.07
69.19,69.19,61.79,76.68,74.76
70.53,70.53,57.75,76.11,75.10
70.68,70.68,54.15,77.08,75.21
69.14,69.14,53.07,78.17,74.80
68.46,68.46,51.96,76.22,74.02
67.37,67.37,49.87,76.06,75.29
68.47,68.47,49.28,76.34,74.22
67.36,67.36,56.32,70.25,71.89
68.91,68.91,63.92,68.23,74.65
68.90,68.90,72.03,63.93,74.09
69.96,69.96,68.36,54.82,73.52
70.33,70.33,62.32,45.75,71.02
70.53,70.53,62.55,53.03,71.41
69.10,69.10,57.00,48.24,68.93
68.52,68.52,50.65,46.66,67.70
68.14,68.14,45.94,50.75,66.12
66.71,66.71,46.97,61.21,66.97
65.59,65.59,47.72,73.31,69.54
66.14,66.14,42.54,77.30,68.64
66.02,66.02,44.71,77.45,68.01
63.85,63.85,48.72,75.28,66.27
60.86,60.86,52.64,72.88,65.76
57.17,57.17,66.45,69.50,66.42
55.78,55.78,77.23,68.07,72.19
53.27,53.27,76.10,68.17,77.78
52.72,52.72,68.68,70.99,79.45
55.48,55.48,59.57,68.19,78.03
53.47,53.47,50.43,69.71,77.34
52.43,52.43,44.33,69.61,76.07
50.30,50.30,42.14,65.45,76.78
48.44,48.44,43.11,72.68,75.92
46.29,46.29,39.98,74.81,76.44
44.51,44.51,40.84,75.85,75.15
46.93,46.93,38.22,75.47,72.49
46.10,46.10,40.53,75.50,68.17
42.88,42.88,52.10,77.16,66.24
38.00,38.00,60.96,75.33,64.27
42.31,42.31,68.51,74.98,69.81
44.46,44.46,68.22,76.38,75.19
46.52,46.52,65.01,77.85,79.19
43.80,43.80,64.14,76.84,75.25
44.29,44.29,62.89,73.74,77.51
41.69,41.69,61.29,74.38,76.86
43.34,43.34,60.35,73.33,76.99
45.37,45.37,58.16,74.49,75.93
43.72,43.72,57.43,75.52,73.09
44.70,44.70,56.52,73.19,75.73
44.49,44.49,57.94,70.15,74.49
49.79,49.79,58.92,71.76,70.87
40.10,40.10,62.86,71.23,69.18
38.39,38.39,77.04,72.74,70.67
34.10,34.10,74.98,68.59,69.19
35.00,35.00,72.38,72.15,66.98
33.44,33.44,68.58,71.93,72.87
34.00,34.00,63.21,70.01,70.43
34.74,34.74,59.19,69.52,66.22
35.17,35.17,56.13,72.28,62.34
34.70,34.70,51.79,71.59,58.47
36.56,36.56,53.12,68.36,56.14
34.96,34.96,48.33,70.28,57.87
36.04,36.04,43.20,71.78,53.84
34.55,34.55,46.72,65.89,52.92
32.56,32.56,55.04,59.90,54.08
24.19,24.19,64.34,56.78,58.56
22.11,22.11,74.93,61.45,66.05
16.13,16.13,75.41,70.16,70.60
13.50,13.50,66.79,69.20,68.31
15.10,15.10,60.69,66.97,69.68
19.42,19.42,51.70,65.32,69.44
20.95,20.95,49.58,64.97,69.83
19.62,19.62,45.01,68.84,68.65
18.81,18.81,41.46,71.70,67.30
18.90,18.90,37.64,72.78,68.08
18.02,18.02,36.51,72.39,68.18
18.42,18.42,37.10,69.64,69.34
18.35,18.35,39.82,62.66,68.29
17.99,17.99,52.44,64.43,68.66
15.08,15.08,62.59,60.94,70.97
14.32,14.32,72.29,64.94,72.96
11.89,11.89,77.21,68.22,75.42
13.06,13.06,72.45,68.68,71.25
15.76,15.76,68.00,68.50,72.48
18.94,18.94,57.69,70.67,71.41
21.20,21.20,57.94,71.90,74.00
21.20,21.20,53.70,71.64,71.08
21.05,21.05,48.43,73.73,74.10
22.54,22.54,37.47,72.66,71.92
22.87,22.87,39.80,72.02,70.20
23.33,23.33,41.86,70.94,69.50
22.86,22.86,38.85,71.05,68.56
20.64,20.64,43.52,70.40,67.72
12.39,12.39,50.77,68.73,66.21
18.03,18.03,69.42,69.91,67.41
13.95,13.95,69.85,69.86,66.87
16.66,16.66,66.54,70.22,65.45
20.06,20.06,64.86,70.65,66.44
22.27,22.27,63.58,68.75,64.62
25.37,25.37,61.72,67.68,65.28
26.37,26.37,61.63,66.82,64.16
27.22,27.22,59.03,66.02,65.28
27.91,27.91,58.34,66.87,65.18
27.50,27.50,57.96,68.27,63.02
26.45,26.45,56.04,67.00,63.44
25.55,25.55,55.58,66.16,63.43
21.66,21.66,56.99,63.63,62.37
20.66,20.66,66.51,66.63,69.03
21.31,21.31,74.27,67.65,76.67
14.78,14.78,74.63,66.19,76.92
14.65,14.65,68.36,68.08,74.55
6.18,6.18,66.88,66.13,75.48
10.18,10.18,62.81,67.65,73.89
14.05,14.05,59.00,68.10,75.01
19.69,19.69,56.70,65.33,73.34
21.97,21.97,50.94,61.28,74.40
24.42,24.42,47.16,56.57,73.81
26.56,26.56,44.86,50.13,69.54
31.28,31.28,47.74,45.93,68.63
28.66,28.66,46.26,48.37,58.80
22.28,22.28,51.25,42.04,58.65
11.60,11.60,62.37,59.70,60.48
17.35,17.35,75.51,71.10,68.74
17.49,17.49,71.71,67.91,68.30
18.48,18.48,66.62,69.91,69.48
25.32,25.32,59.22,71.63,67.35
29.43,29.43,58.60,73.08,67.36
32.50,32.50,46.11,74.30,67.35
31.89,31.89,47.78,74.10,65.07
30.53,30.53,42.20,73.17,66.36
32.40,32.40,47.30,74.26,64.87
29.30,29.30,51.66,72.59,65.44
29.32,29.32,42.91,71.62,58.23
26.12,26.12,45.26,73.91,56.85
27.93,27.93,57.27,70.01,65.07
22.20,22.20,67.65,68.56,72.72
21.58,21.58,76.81,67.96,74.49
16.73,16.73,75.97,63.32,75.07
17.96,17.96,72.68,65.58,74.91
21.98,21.98,62.87,63.37,73.90
25.56,25.56,61.86,65.22,71.03
23.35,23.35,56.79,56.87,74.12
22.81,22.81,48.88,56.26,75.59
23.89,23.89,55.12,58.82,72.56
26.87,26.87,47.44,51.71,69.12
30.72,30.72,46.51,53.64,72.80
33.33,33.33,48.34,51.00,73.65
30.60,30.60,48.84,42.95,71.66
27.95,27.95,50.86,50.65,67.56
22.08,22.08,57.98,51.49,71.19
23.44,23.44,69.26,60.00,73.13
16.97,16.97,67.42,69.68,75.10
13.89,13.89,64.52,70.57,73.89
12.82,12.82,63.25,69.92,72.60
11.12,11.12,62.56,65.16,76.10
9.74,9.74,61.18,68.28,73.42
10.33,10.33,60.37,69.38,74.73
10.29,10.29,60.16,68.03,74.15
9.48,9.48,57.83,70.52,73.53
8.24,8.24,57.12,69.57,72.17
9.51,9.51,57.18,69.58,71.32
7.46,7.46,56.97,68.44,67.16
14.05,14.05,63.84,68.13,66.65
17.57,17.57,72.35,64.67,69.56
15.35,15.35,77.13,60.28,74.16
11.40,11.40,72.48,65.76,72.54
11.17,11.17,67.05,60.33,71.61
16.01,16.01,63.82,58.70,72.20
20.73,20.73,60.90,52.29,73.09
21.75,21.75,55.60,44.39,73.10
20.48,20.48,53.42,44.37,73.00
20.99,20.99,49.47,33.79,73.66
21.44,21.44,47.67,30.59,73.30
22.11,22.11,49.34,22.60,73.18
20.44,20.44,47.79,33.11,72.30
20.07,20.07,50.57,46.70,66.43
19.39,19.39,57.94,58.68,64.46
16.45,16.45,65.83,66.28,73.02
9.75,9.75,66.89,73.46,74.74
20.00,20.00,60.61,70.25,75.02
19.62,19.62,60.35,71.41,73.85
19.95,19.95,56.70,72.12,75.20
23.49,23.49,55.05,70.72,74.51
23.84,23.84,53.57,72.06,71.76
27.55,27.55,51.67,72.13,70.14
29.01,29.01,49.67,74.23,73.36
27.73,27.73,48.27,74.27,69.38
26.09,26.09,46.60,72.45,72.84
24.45,24.45,47.97,66.46,70.05
18.94,18.94,54.09,60.22,69.07
17.65,17.65,66.75,64.98,70.39
19.48,19.48,69.96,73.68,72.53
14.91,14.91,72.48,72.40,71.39
13.94,13.94,69.75,68.63,71.15
19.07,19.07,63.26,67.83,72.46
20.95,20.95,59.64,67.05,71.82
22.47,22.47,51.98,67.49,71.39
24.57,24.57,49.54,69.93,71.80
24.91,24.91,43.82,72.11,69.70
27.51,27.51,40.15,71.92,73.05
28.69,28.69,38.27,70.83,69.94
30.77,30.77,39.37,70.40,72.52
27.80,27.80,40.40,70.92,68.82
24.13,24.13,45.61,71.73,70.73
18.80,18.80,56.66,71.91,68.35
18.15,18.15,69.23,69.39,69.25
15.62,15.62,66.39,70.54,67.66
18.78,18.78,63.32,71.29,69.36
23.69,23.69,62.66,71.52,69.32
25.72,25.72,61.55,71.97,68.96
26.23,26.23,60.75,71.50,66.31
26.97,26.97,58.58,71.74,65.05
26.99,26.99,56.55,71.07,68.11
30.10,30.10,55.44,71.02,65.25
31.34,31.34,53.24,69.28,65.29
30.73,30.73,53.95,67.82,64.98
25.36,25.36,53.48,68.74,65.63
21.15,21.15,59.84,68.89,62.92
23.79,23.79,69.73,67.18,69.97
15.79,15.79,76.24,68.86,73.53
12.09,12.09,71.59,67.93,72.37
7.79,7.79,68.08,69.18,73.35
12.45,12.45,64.08,66.62,71.63
10.95,10.95,60.43,65.21,72.19
18.11,18.11,57.89,64.27,73.01
23.37,23.37,56.41,63.37,71.49
30.52,30.52,56.25,55.60,69.82
34.06,34.06,51.13,53.89,64.35
34.69,34.69,45.82,51.85,64.03
34.70,34.70,47.89,52.13,64.32
31.10,31.10,47.64,51.62,63.59
28.24,28.24,55.56,52.04,62.46
23.60,23.60,65.96,65.18,62.56
21.81,21.81,72.82,72.85,66.61
23.68,23.68,66.11,70.62,65.21
29.53,29.53,62.56,75.04,65.24
34.16,34.16,59.96,71.76,62.78
37.61,37.61,56.59,71.62,59.69
35.50,35.50,48.88,73.40,60.89
34.99,34.99,48.01,70.16,60.69
38.89,38.89,46.40,70.40,60.16
42.88,42.88,36.16,72.95,57.56
49.37,49.37,38.22,70.52,57.00
54.67,54.67,37.66,72.16,53.47
73.56,73.56,48.62,74.62,54.35
77.24,77.24,58.86,69.58,65.26
74.91,74.91,65.10,68.27,68.30
75.63,75.63,75.65,66.27,70.32
75.62,75.62,75.32,60.73,69.62
78.00,78.00,65.08,56.38,72.74
77.64,77.64,57.93,54.91,70.09
74.76,74.76,53.29,56.98,70.71
76.48,76.48,49.87,53.92,71.55
75.05,75.05,49.29,55.84,71.72
76.95,76.95,51.42,54.82,70.18
75.24,75.24,48.54,52.82,69.69
75.70,75.70,48.47,52.84,69.50
75.52,75.52,48.02,47.13,66.49
72.65,72.65,50.85,50.40,66.32
75.02,75.02,60.45,59.52,68.12
77.31,77.31,68.41,68.97,71.33
75.02,75.02,70.35,69.92,71.00
70.68,70.68,65.99,71.87,73.53
73.82,73.82,66.80,70.16,70.86
78.30,78.30,65.15,71.22,72.67
79.61,79.61,64.12,71.49,72.10
80.11,80.11,61.18,71.50,71.96
77.01,77.01,61.01,72.08,72.43
77.67,77.67,58.28,67.52,70.25
77.43,77.43,56.92,69.46,71.42
75.55,75.55,56.48,70.48,69.87
74.66,74.66,56.72,66.64,67.45
71.99,71.99,61.64,63.67,64.03
75.01,75.01,67.78,58.86,63.05
77.43,77.43,78.81,74.16,69.89
79.35,79.35,74.72,73.04,69.16
78.84,78.84,68.87,72.76,62.39
67.91,67.91,67.71,71.00,68.16
61.04,61.04,61.21,72.69,62.75
63.54,63.54,58.99,73.04,65.03
64.55,64.55,56.29,71.97,61.53
65.14,65.14,53.79,74.66,59.93
62.23,62.23,51.60,71.81,57.93
59.20,59.20,50.63,69.85,55.24
58.94,58.94,49.68,64.75,47.76
58.93,58.93,49.93,56.90,48.21
58.92,58.92,55.39,65.42,53.02
61.56,61.56,68.79,64.86,61.97
62.18,62.18,74.89,70.83,66.86
62.22,62.22,67.30,73.57,67.93
69.41,69.41,63.50,74.37,66.03
74.07,74.07,59.33,72.85,63.09
74.61,74.61,55.39,73.10,64.54
75.63,75.63,55.40,72.91,65.12
74.66,74.66,54.81,71.30,64.14
73.85,73.85,53.98,72.47,65.67
72.45,72.45,51.99,72.41,65.00
70.95,70.95,50.64,72.86,65.06
71.35,71.35,49.91,68.15,64.50
71.99,71.99,51.06,70.33,64.61
75.44,75.44,57.81,64.12,66.67
77.84,77.84,67.53,65.06,65.69
79.60,79.60,73.60,69.96,72.03
79.41,79.41,68.83,71.25,68.43
79.37,79.37,63.09,72.99,66.54
76.22,76.22,57.95,67.06,66.16
72.70,72.70,53.25,70.36,67.66
71.93,71.93,50.14,68.74,67.70
75.26,75.26,48.13,72.73,63.43
72.85,72.85,44.86,72.29,65.69
70.45,70.45,43.91,73.88,68.71
73.05,73.05,41.91,74.58,67.46
71.18,71.18,40.28,74.14,67.95
70.33,70.33,43.19,75.57,66.61
68.51,68.51,49.43,75.18,65.45
68.23,68.23,62.77,74.97,67.67
65.28,65.28,71.22,75.45,65.95
65.97,65.97,67.91,74.66,69.62
70.52,70.52,65.91,75.09,66.16
68.92,68.92,64.96,74.71,65.09
69.78,69.78,64.77,75.28,66.09
69.14,69.14,63.46,74.62,65.33
70.82,70.82,62.08,74.51,65.50
64.48,64.48,61.37,74.92,61.79
65.72,65.72,61.36,72.83,64.22
67.20,67.20,59.47,74.50,64.88
68.35,68.35,58.81,72.88,61.43
70.73,70.73,58.98,74.69,64.73
72.99,72.99,64.73,72.16,67.12
70.89,70.89,70.04,71.79,70.56
72.43,72.43,77.73,72.09,75.16
69.53,69.53,74.59,70.35,73.67
56.36,56.36,69.50,68.85,65.70
56.53,56.53,65.34,69.83,71.08
57.78,57.78,62.11,66.58,67.90
64.66,64.66,58.24,63.58,68.20
66.34,66.34,59.13,53.91,67.56
67.23,67.23,57.66,54.43,66.29
64.96,64.96,58.07,54.16,66.00
64.72,64.72,56.19,48.02,63.50
63.39,63.39,52.46,30.89,62.45
61.17,61.17,55.75,42.22,61.29
55.81,55.81,60.84,49.49,56.31
58.99,58.99,70.09,64.34,60.51
64.61,64.61,74.67,71.35,63.86
69.41,69.41,69.40,71.43,63.72
74.21,74.21,62.04,68.19,62.65
76.02,76.02,58.44,70.50,59.15
74.25,74.25,53.38,69.30,56.53
69.56,69.56,49.38,69.18,57.09
70.83,70.83,49.46,69.00,54.77
74.46,74.46,45.16,68.81,53.98
74.99,74.99,36.57,68.03,53.23
68.91,68.91,41.07,71.16,53.12
71.85,71.85,45.70,72.66,54.97
65.78,65.78,51.21,72.22,54.98
67.83,67.83,60.43,69.03,63.16
70.49,70.49,66.73,67.64,67.47
68.75,68.75,73.57,66.37,68.84
67.00,67.00,76.55,64.23,66.96
64.59,64.59,71.18,65.70,69.17
62.35,62.35,61.20,64.63,66.84
66.16,66.16,59.78,58.63,66.31
67.31,67.31,54.77,58.23,66.88
66.76,66.76,52.47,57.50,66.26
64.62,64.62,51.51,58.37,65.70
65.98,65.98,49.53,58.23,68.01
68.01,68.01,51.68,56.46,67.03
70.88,70.88,55.91,55.33,63.16
61.89,61.89,50.76,54.37,64.63
61.52,61.52,58.22,54.37,63.87
65.06,65.06,67.01,60.41,71.81
64.98,64.98,68.17,65.38,76.41
70.00,70.00,66.76,67.94,79.00
69.41,69.41,64.06,70.27,75.42
71.79,71.79,63.25,69.48,74.93
73.20,73.20,62.32,67.12,74.06
72.04,72.04,61.04,66.87,73.32
73.33,73.33,59.66,69.49,72.41
69.52,69.52,57.59,66.78,72.38
66.77,66.77,56.13,66.61,71.64
68.41,68.41,54.99,65.56,71.74
64.36,64.36,55.27,63.41,70.68
63.15,63.15,63.01,56.23,70.92
59.20,59.20,72.49,55.44,72.94
56.60,56.60,77.98,56.07,73.17
55.30,55.30,76.38,63.29,71.97
51.07,51.07,71.84,71.23,71.07
51.22,51.22,67.66,62.14,71.36
47.48,47.48,61.47,54.26,69.07
41.62,41.62,58.24,50.31,69.03
43.01,43.01,54.35,47.32,70.06
41.03,41.03,50.78,47.55,70.26
39.49,39.49,48.94,39.56,68.91
39.02,39.02,49.44,35.41,70.31
43.69,43.69,45.67,28.97,69.97
45.92,45.92,52.81,37.67,65.43
38.88,38.88,53.66,45.26,59.13
38.40,38.40,65.73,59.23,68.76
35.32,35.32,77.37,68.11,73.54
33.76,33.76,73.76,71.92,76.00
30.97,30.97,62.60,75.78,76.87
30.13,30.13,59.97,76.82,76.52
29.02,29.02,61.24,77.57,76.40
30.04,30.04,53.29,76.83,77.41
29.55,29.55,55.71,75.10,76.52
29.84,29.84,57.39,73.74,76.93
28.72,28.72,50.73,70.73,76.10
28.73,28.73,50.51,70.79,75.22
26.24,26.24,50.15,73.64,75.23
21.36,21.36,52.19,70.86,69.72
16.81,16.81,59.63,63.61,68.65
21.00,21.00,67.58,57.88,67.67
18.15,18.15,77.05,63.49,69.95
18.71,18.71,76.82,74.07,70.44
17.83,17.83,73.29,74.11,70.97
20.26,20.26,62.95,76.34,68.40
20.88,20.88,53.70,74.65,68.32
23.38,23.38,50.88,74.93,71.07
23.36,23.36,47.62,72.51,71.53
23.72,23.72,45.66,73.36,71.76
27.43,27.43,42.44,74.59,70.46
30.04,30.04,40.64,72.88,67.78
30.97,30.97,39.61,73.74,70.36
28.78,28.78,42.10,74.23,69.62
25.37,25.37,53.32,73.99,70.10
22.22,22.22,64.89,73.36,71.00
26.20,26.20,70.35,71.65,78.25
16.54,16.54,66.98,72.64,73.91
11.99,11.99,64.78,71.25,76.93
13.18,13.18,64.35,71.21,75.19
14.47,14.47,63.58,68.69,75.77
12.08,12.08,62.01,72.60,77.33
10.07,10.07,62.31,74.94,72.64
14.26,14.26,61.17,73.86,76.72
18.99,18.99,60.26,74.03,72.14
25.76,25.76,59.41,73.37,71.43
24.00,24.00,58.03,74.97,69.40
19.18,19.18,57.75,75.02,68.26
15.05,15.05,65.69,73.93,68.50
21.18,21.18,74.04,70.58,70.78
17.38,17.38,77.90,71.83,73.90
9.09,9.09,74.22,66.47,74.15
4.57,4.57,70.52,53.15,69.81
6.02,6.02,67.63,54.79,67.92
10.31,10.31,65.22,49.31,68.85
17.01,17.01,62.19,50.55,65.93
23.12,23.12,55.52,40.75,66.09
27.28,27.28,50.53,36.82,64.79
29.77,29.77,48.80,30.36,62.63
32.38,32.38,44.57,42.93,62.09
29.61,29.61,51.42,43.97,62.57
23.65,23.65,55.61,50.99,58.31
21.84,21.84,63.09,59.49,58.25
15.50,15.50,74.19,66.67,69.50
18.15,18.15,71.33,72.65,71.62
18.88,18.88,64.21,73.94,71.72
23.76,23.76,59.12,74.30,70.55
26.43,26.43,57.31,74.81,70.51
30.09,30.09,48.64,74.57,69.73
29.62,29.62,49.27,75.48,69.86
30.08,30.08,50.50,73.21,69.38
29.07,29.07,46.78,72.61,70.24
29.95,29.95,46.38,71.38,69.15
29.96,29.96,46.90,74.15,69.24
32.65,32.65,42.37,73.73,69.26
42.26,42.26,52.08,72.84,71.42
51.21,51.21,63.70,67.27,71.07
60.28,60.28,71.11,68.22,76.88
67.01,67.01,75.13,63.60,71.73
73.33,73.33,68.09,64.49,71.45
76.99,76.99,67.00,66.50,72.62
75.98,75.98,59.07,68.14,73.32
68.20,68.20,56.62,69.82,71.70
72.39,72.39,50.04,69.66,68.79
70.79,70.79,56.31,68.52,68.96
72.42,72.42,48.45,68.24,67.16
72.85,72.85,46.09,67.56,67.85
67.85,67.85,46.93,64.80,64.47
65.49,65.49,49.53,55.35,64.19
62.42,62.42,54.22,54.36,67.16
60.30,60.30,66.28,55.97,67.19
61.61,61.61,69.42,58.05,74.25
68.56,68.56,67.59,61.96,72.12
68.84,68.84,66.93,61.67,74.18
73.13,73.13,65.83,60.59,73.18
80.02,80.02,64.25,58.98,72.32
79.21,79.21,62.89,55.05,69.66
70.07,70.07,62.14,55.39,69.27
69.47,69.47,60.15,51.69,70.34
67.99,67.99,60.46,51.56,69.76
68.54,68.54,58.49,54.59,67.64
67.81,67.81,59.07,53.18,67.89
64.30,64.30,60.01,51.92,68.43
66.71,66.71,62.96,55.51,68.36
74.18,74.18,70.08,56.96,68.06
80.66,80.66,77.87,61.70,72.33
81.82,81.82,68.96,63.77,61.61
74.41,74.41,66.88,65.23,68.76
74.62,74.62,64.69,58.95,66.89
76.91,76.91,59.90,59.75,66.68
77.02,77.02,56.54,64.30,66.99
68.58,68.58,54.69,65.47,62.73
58.10,58.10,52.24,61.98,64.90
57.93,57.93,52.41,63.19,60.63
58.07,58.07,51.92,55.86,65.97
57.22,57.22,50.17,57.06,64.62
52.70,52.70,51.08,55.04,62.85
61.23,61.23,59.82,68.96,68.49
60.44,60.44,64.90,65.55,67.35
70.74,70.74,71.89,64.42,72.44
79.03,79.03,72.56,62.47,73.37
80.30,80.30,71.93,61.57,74.04
76.54,76.54,71.79,60.63,72.46
78.84,78.84,71.91,63.81,72.38
79.56,79.56,70.92,60.62,72.60
75.45,75.45,71.05,64.48,71.95
79.60,79.60,69.94,59.83,72.97
83.81,83.81,68.90,60.81,71.12
83.17,83.17,68.43,61.60,71.40
82.67,82.67,67.08,62.97,72.58
78.19,78.19,67.43,66.75,71.98
73.73,73.73,65.48,64.55,70.88
79.01,79.01,68.10,61.03,70.62
83.52,83.52,67.40,63.65,71.24
83.86,83.86,65.95,63.47,69.18
83.63,83.63,64.11,57.42,70.38
83.02,83.02,60.67,60.62,70.07
82.79,82.79,57.05,60.82,70.71
81.18,81.18,54.45,60.16,71.95
79.49,79.49,53.88,58.18,69.83
74.44,74.44,54.51,61.54,70.68
73.66,73.66,56.67,59.66,71.86
76.53,76.53,54.36,62.81,72.19
78.35,78.35,52.75,60.65,71.71
80.65,80.65,50.79,57.83,72.05
81.93,81.93,54.76,56.08,69.48
83.20,83.20,59.89,61.34,70.48
82.46,82.46,77.85,65.76,69.53
81.50,81.50,82.57,74.94,71.11
81.86,81.86,74.73,72.55,69.92
82.38,82.38,67.13,74.83,69.95
81.63,81.63,63.79,74.34,70.71
81.18,81.18,52.97,72.48,69.53
80.56,80.56,59.58,71.88,68.14
79.59,79.59,66.55,74.16,69.19
76.12,76.12,67.35,76.80,67.74
77.22,77.22,59.75,73.86,69.04
79.06,79.06,56.93,71.75,69.95
79.64,79.64,63.06,73.17,66.61
79.33,79.33,70.91,67.38,66.52
79.20,79.20,79.17,61.78,71.25
78.64,78.64,73.83,73.04,69.92
78.71,78.71,68.50,73.25,71.17
80.95,80.95,64.76,72.72,75.93
82.56,82.56,58.93,67.41,75.54
82.58,82.58,54.26,66.16,71.90
82.74,82.74,52.03,70.76,73.76
82.10,82.10,51.27,72.12,74.72
82.46,82.46,54.74,73.00,70.45
82.46,82.46,55.62,69.96,73.99
82.58,82.58,56.64,65.71,71.58
82.66,82.66,53.47,67.72,72.61
82.15,82.15,53.45,71.39,75.25
79.18,79.18,60.99,62.12,68.52
74.86,74.86,73.70,63.41,78.32
74.31,74.31,73.15,70.63,72.62
76.25,76.25,69.97,73.66,73.19
77.12,77.12,70.89,73.23,73.46
76.59,76.59,70.87,70.65,70.66
75.68,75.68,70.43,73.38,71.05
74.93,74.93,69.58,73.64,68.77
76.57,76.57,70.67,73.61,67.25
77.59,77.59,69.62,74.19,69.50
80.65,80.65,68.40,72.70,69.19
80.99,80.99,67.52,72.80,67.95
78.71,78.71,64.98,73.10,69.14
75.63,75.63,65.79,72.54,66.51
81.78,81.78,67.97,72.68,71.60
77.13,77.13,65.73,73.68,71.20
81.13,81.13,63.88,72.17,70.32
74.30,74.30,63.33,72.78,69.41
82.21,82.21,62.07,72.75,67.88
82.31,82.31,57.85,71.47,67.73
81.72,81.72,55.13,72.46,68.51
80.66,80.66,52.94,73.29,68.54
78.93,78.93,55.33,71.65,66.16
76.05,76.05,57.42,72.48,69.10
75.46,75.46,54.90,72.57,67.83
76.57,76.57,48.74,71.28,65.90
78.37,78.37,45.54,72.36,69.23
79.99,79.99,52.63,69.14,67.89
80.09,80.09,58.21,67.24,67.71
79.87,79.87,61.73,63.31,68.65
77.69,77.69,73.62,66.89,71.44
75.34,75.34,71.45,73.45,70.18
72.60,72.60,65.30,75.64,70.32
69.92,69.92,64.90,74.46,70.94
69.15,69.15,61.48,74.88,69.99
72.48,72.48,65.76,75.06,69.92
73.08,73.08,69.30,76.51,69.01
74.34,74.34,60.47,75.11,68.56
75.28,75.28,51.89,75.49,69.35
75.26,75.26,48.31,75.14,70.22
75.88,75.88,49.73,75.59,65.84
77.84,77.84,63.58,72.68,65.43
79.64,79.64,75.03,69.81,73.39
78.34,78.34,76.87,67.65,74.02
76.75,76.75,73.39,68.90,73.94
77.18,77.18,66.89,73.16,70.87
78.09,78.09,64.88,74.34,77.91
78.93,78.93,59.07,74.56,75.41
79.31,79.31,54.11,73.55,75.21
79.51,79.51,53.80,74.16,74.18
79.81,79.81,56.00,73.63,73.61
80.11,80.11,57.15,74.51,74.22
80.35,80.35,56.11,73.08,72.78
80.67,80.67,49.68,73.94,73.29
80.53,80.53,44.72,72.98,73.47
79.34,79.34,51.85,73.40,73.72
79.04,79.04,64.91,67.24,68.70
78.78,78.78,71.90,70.50,75.11
79.67,79.67,72.52,66.31,76.41
80.49,80.49,71.76,64.27,73.23
78.74,78.74,69.69,70.25,76.68
78.77,78.77,69.47,69.23,76.30
79.68,79.68,70.09,70.50,74.00
79.75,79.75,69.92,70.27,73.15
78.75,78.75,70.25,69.62,75.64
78.37,78.37,69.12,70.71,75.90
78.37,78.37,66.34,69.14,71.12
77.01,77.01,65.79,71.16,73.94
76.27,76.27,66.55,70.00,73.92
75.25,75.25,67.13,69.97,71.51
71.85,71.85,66.02,70.15,73.50
72.80,72.80,68.63,68.89,74.72
74.52,74.52,65.82,70.96,71.95
73.00,73.00,64.13,66.03,72.49
73.88,73.88,63.25,69.33,73.83
75.93,75.93,58.36,69.27,73.56
76.41,76.41,53.67,63.77,72.79
74.67,74.67,53.67,70.97,75.09
72.69,72.69,56.27,64.39,71.96
71.21,71.21,58.94,69.64,75.25
68.16,68.16,56.54,69.54,73.92
65.94,65.94,51.04,61.35,72.85
65.89,65.89,52.39,71.22,75.21
70.20,70.20,57.06,62.61,71.21
72.13,72.13,65.90,54.00,71.83
70.74,70.74,76.32,63.65,70.43
72.10,72.10,71.22,71.97,74.38
69.26,69.26,70.52,76.56,69.97
63.05,63.05,57.68,76.00,70.97
56.70,56.70,58.32,74.69,68.42
67.50,67.50,64.08,75.13,70.88
71.74,71.74,67.08,74.88,72.76
73.62,73.62,61.73,76.61,71.54
74.02,74.02,51.28,75.84,72.58
75.35,75.35,45.60,76.48,70.91
76.31,76.31,50.56,75.62,71.58
76.64,76.64,62.63,76.06,68.61
77.60,77.60,70.17,72.54,70.18
77.46,77.46,78.44,72.83,74.06
75.10,75.10,77.94,73.33,76.80
75.04,75.04,69.86,74.72,68.18
74.27,74.27,66.29,74.77,74.49
73.35,73.35,62.66,74.03,74.52
72.12,72.12,57.86,75.21,75.17
71.56,71.56,55.76,74.51,70.91
71.57,71.57,55.55,75.31,75.33
72.32,72.32,55.95,74.04,69.33
70.78,70.78,52.76,74.92,71.12
67.58,67.58,47.53,73.67,72.46
61.75,61.75,41.31,74.31,70.09
57.14,57.14,47.61,73.55,73.35
58.14,58.14,57.90,74.63,70.35
54.60,54.60,72.53,75.02,76.36
63.06,63.06,73.14,71.25,74.23
67.88,67.88,73.08,67.53,74.95
68.05,68.05,71.94,74.90,75.13
69.91,69.91,71.29,76.63,73.62
70.90,70.90,71.55,72.29,73.51
72.46,72.46,72.42,72.90,74.20
73.29,73.29,72.10,73.31,73.77
74.51,74.51,69.64,72.61,71.82
74.78,74.78,67.81,70.90,73.26
74.87,74.87,66.54,70.81,70.63
75.13,75.13,66.50,74.55,73.20
74.42,74.42,65.87,72.56,70.63
72.33,72.33,66.25,71.92,72.12
70.10,70.10,70.12,72.50,72.03
70.07,70.07,65.01,72.31,72.16
66.68,66.68,65.82,72.71,70.62
62.06,62.06,65.58,73.70,71.83
62.89,62.89,61.29,72.35,72.91
64.66,64.66,56.76,72.73,71.37
63.53,63.53,54.74,71.14,72.12
61.95,61.95,56.39,63.29,70.23
61.70,61.70,58.87,62.69,74.00
63.28,63.28,55.60,55.94,70.39
65.08,65.08,50.24,52.26,72.51
67.84,67.84,46.40,48.61,75.34
67.68,67.68,51.76,45.39,72.35
66.29,66.29,59.80,54.01,70.77
65.76,65.76,66.76,67.80,73.95
57.01,57.01,81.04,74.29,73.07
54.94,54.94,70.33,71.72,72.42
59.26,59.26,64.68,73.14,69.70
60.33,60.33,60.13,75.19,72.24
59.39,59.39,60.44,76.15,70.77
59.35,59.35,62.73,77.97,70.79
60.60,60.60,68.60,76.54,70.13
63.22,63.22,60.91,75.35,69.44
66.45,66.45,54.22,76.82,68.22
67.90,67.90,51.43,76.13,65.51
68.68,68.68,58.47,75.66,67.64
69.79,69.79,66.11,75.17,70.97
69.54,69.54,71.10,72.50,70.33
67.06,67.06,74.43,72.70,76.64
62.01,62.01,71.24,74.03,75.38
63.18,63.18,65.48,70.06,73.97
64.34,64.34,62.03,68.50,71.97
61.64,61.64,61.02,70.04,68.40
51.95,51.95,64.89,69.95,68.23
59.39,59.39,76.37,68.73,69.51
62.38,62.38,78.33,69.10,71.70
62.82,62.82,72.34,67.72,70.31
65.91,65.91,65.55,68.94,67.98
65.69,65.69,63.38,69.06,65.63
64.09,64.09,60.79,66.11,65.38
60.91,60.91,65.67,63.32,63.09
52.73,52.73,76.92,63.49,65.46
57.92,57.92,75.70,76.83,65.12
58.60,58.60,66.41,72.47,68.32
59.79,59.79,60.26,74.97,68.05
61.73,61.73,59.50,78.79,63.77
63.10,63.10,58.04,76.20,64.70
63.56,63.56,65.18,74.99,67.00
62.32,62.32,69.70,74.14,58.11
60.09,60.09,58.84,75.90,65.36
59.42,59.42,51.05,68.75,57.98
61.10,61.10,43.07,73.01,53.33
66.36,66.36,46.51,70.64,60.54
71.06,71.06,59.39,66.63,65.37
71.91,71.91,68.41,65.80,70.29
72.73,72.73,75.11,66.48,72.99
74.14,74.14,77.72,64.95,75.80
70.44,70.44,74.36,74.80,75.59
71.89,71.89,70.10,78.84,75.64
70.63,70.63,64.20,77.97,74.76
71.07,71.07,65.87,78.35,75.09
72.21,72.21,65.47,76.34,75.02
75.47,75.47,66.73,76.05,75.13
76.98,76.98,66.20,77.75,72.79
77.43,77.43,67.32,76.54,69.95
77.67,77.67,67.34,77.25,67.83
75.92,75.92,67.44,77.65,68.72
75.17,75.17,66.65,76.45,68.75
74.87,74.87,67.68,75.66,63.45
74.34,74.34,67.21,67.75,69.45
75.59,75.59,66.02,72.46,69.33
76.08,76.08,64.74,76.40,69.89
78.01,78.01,65.92,74.94,66.90
78.01,78.01,63.47,75.56,61.78
77.44,77.44,63.32,74.11,56.89
78.80,78.80,61.68,75.34,58.49
78.26,78.26,61.96,76.08,65.16
77.03,77.03,61.69,74.61,67.69
72.06,72.06,60.95,75.70,68.91
71.09,71.09,61.01,74.09,67.49
72.24,72.24,61.46,75.30,68.20
66.84,66.84,68.77,73.69,67.27
64.00,64.00,67.85,73.29,68.07
60.71,60.71,72.13,74.18,73.15
60.59,60.59,73.89,74.47,75.07
57.62,57.62,72.11,73.40,78.62
60.36,60.36,70.03,71.43,79.98
55.77,55.77,65.41,67.20,78.25
54.62,54.62,63.15,66.95,80.12
58.47,58.47,62.49,66.86,75.72
61.31,61.31,61.28,65.85,75.81
57.26,57.26,60.25,64.32,75.42
56.17,56.17,59.15,60.54,74.42
56.04,56.04,58.37,62.75,72.46
58.59,58.59,58.66,60.19,74.19
59.01,59.01,61.48,61.58,72.16
53.46,53.46,66.58,61.39,69.64
57.26,57.26,67.58,62.12,75.35
50.24,50.24,70.12,74.74,76.79
48.11,48.11,73.87,74.73,75.43
56.60,56.60,62.07,73.81,76.06
52.34,52.34,61.41,72.99,69.36
45.38,45.38,57.45,74.65,67.61
50.57,50.57,57.55,73.10,65.15
54.90,54.90,52.86,74.24,71.06
48.70,48.70,53.69,72.98,75.48
43.57,43.57,52.20,73.51,76.11
44.09,44.09,51.70,72.60,76.22
50.42,50.42,53.90,70.10,77.58
43.31,43.31,55.07,69.16,75.99
43.90,43.90,61.18,63.68,74.77
43.13,43.13,67.66,66.81,76.94
41.53,41.53,75.81,72.70,75.45
37.98,37.98,70.87,73.08,76.93
38.66,38.66,67.07,74.26,76.73
46.69,46.69,56.28,73.73,76.05
43.67,43.67,59.06,73.45,76.92
44.22,44.22,50.07,73.17,76.47
33.33,33.33,48.34,69.57,76.56
35.59,35.59,49.06,67.96,77.92
39.89,39.89,47.48,65.19,75.36
38.57,38.57,48.29,65.16,73.55
40.00,40.00,47.26,60.35,73.80
40.11,40.11,48.35,55.49,72.54
40.47,40.47,59.95,60.80,74.50
39.69,39.69,66.06,58.98,78.47
39.90,39.90,69.16,72.37,78.26
36.14,36.14,70.27,72.64,77.52
36.05,36.05,68.05,70.51,77.50
35.78,35.78,67.55,68.05,76.77
32.95,32.95,67.35,69.97,77.90
30.12,30.12,67.28,69.32,76.47
32.13,32.13,66.42,69.75,74.61
29.84,29.84,67.38,71.09,72.01
30.10,30.10,66.61,70.50,69.43
31.04,31.04,66.10,72.39,70.38
27.33,27.33,64.78,71.50,67.50
23.30,23.30,63.83,72.23,66.71
15.98,15.98,69.48,71.96,68.90
12.93,12.93,79.47,71.56,70.36
16.29,16.29,77.54,70.97,70.37
12.68,12.68,72.25,70.57,69.40
11.86,11.86,68.34,66.63,69.10
14.60,14.60,64.24,59.84,57.74
20.38,20.38,59.43,56.95,65.93
24.75,24.75,55.14,52.72,67.07
24.52,24.52,51.48,51.34,62.23
25.70,25.70,52.54,44.29,58.39
28.25,28.25,49.36,43.85,59.23
30.67,30.67,46.91,39.02,63.59
32.25,32.25,49.72,37.96,64.38
20.49,20.49,56.41,54.72,67.36
13.64,13.64,65.37,61.95,70.57
14.15,14.15,76.99,68.74,70.53
13.79,13.79,75.95,74.77,71.28
10.05,10.05,66.44,75.34,77.01
12.80,12.80,58.36,77.29,74.58
16.73,16.73,53.96,74.47,74.23
18.94,18.94,49.85,75.11,75.48
19.51,19.51,50.96,72.12,72.69
18.70,18.70,48.10,73.31,71.57
18.71,18.71,47.09,70.41,68.91
20.71,20.71,46.98,71.73,69.03
19.21,19.21,46.25,72.49,70.15
17.86,17.86,52.44,69.68,69.06
15.21,15.21,58.09,67.41,70.52
15.26,15.26,66.65,69.04,69.92
11.05,11.05,74.82,70.17,74.26
9.98,9.98,74.95,70.12,70.01
13.53,13.53,68.83,70.27,67.11
18.12,18.12,61.02,73.29,67.71
20.45,20.45,58.57,75.49,71.63
23.87,23.87,52.57,73.42,68.67
25.83,25.83,50.18,73.85,71.93
31.94,31.94,44.59,75.29,66.86
34.71,34.71,41.51,73.90,67.14
35.35,35.35,38.02,74.91,66.15
31.92,31.92,39.06,72.07,67.60
28.42,28.42,43.90,73.72,65.34
18.02,18.02,52.01,70.52,68.00
16.48,16.48,65.96,73.84,74.09
17.52,17.52,70.43,74.09,80.65
15.25,15.25,71.12,73.80,80.19
9.53,9.53,70.05,75.01,77.35
9.93,9.93,67.16,71.04,79.55
13.92,13.92,65.01,74.40,77.47
13.45,13.45,62.26,73.47,79.54
13.86,13.86,60.46,75.27,78.19
15.21,15.21,60.71,74.66,79.50
17.65,17.65,58.03,73.76,76.47
17.70,17.70,55.61,75.44,69.81
15.20,15.20,55.12,74.72,64.12
9.45,9.45,56.92,76.18,62.07
7.46,7.46,67.37,73.90,62.93
23.07,23.07,77.80,71.38,69.90
22.53,22.53,77.45,60.46,72.15
16.58,16.58,74.43,67.51,78.04
10.96,10.96,70.04,61.58,76.47
11.95,11.95,65.26,60.26,77.90
12.74,12.74,61.38,59.71,77.14
18.86,18.86,58.34,63.62,76.48
18.90,18.90,54.97,58.57,73.45
16.60,16.60,49.04,63.69,72.40
14.85,14.85,48.06,62.83,68.41
14.78,14.78,54.47,61.73,76.47
13.31,13.31,51.18,60.44,81.87
13.65,13.65,53.19,59.54,81.80
13.78,13.78,61.13,56.66,81.96
16.70,16.70,75.13,63.45,79.47
14.79,14.79,73.97,65.85,73.41
15.03,15.03,67.18,69.93,67.23
16.86,16.86,61.39,65.27,67.40
20.73,20.73,59.71,67.63,66.85
24.83,24.83,53.72,64.42,66.68
26.31,26.31,56.82,65.57,66.97
25.21,25.21,56.36,64.00,64.33
24.62,24.62,53.19,64.55,63.90
25.27,25.27,49.74,63.41,63.68
23.51,23.51,44.56,62.72,62.78
24.77,24.77,50.19,61.29,63.75
27.44,27.44,59.13,60.76,65.94
17.11,17.11,63.45,63.90,67.17
16.64,16.64,74.56,63.91,72.19
14.06,14.06,70.48,64.72,75.93
13.90,13.90,64.89,63.43,76.23
16.78,16.78,60.27,63.49,75.99
19.30,19.30,57.43,61.76,75.95
19.70,19.70,52.80,61.55,75.44
20.87,20.87,49.27,62.89,74.95
19.71,19.71,49.79,60.41,69.45
19.00,19.00,44.39,62.04,68.41
21.72,21.72,46.81,62.14,65.36
21.86,21.86,45.84,64.49,65.34
21.38,21.38,43.24,64.42,66.05
22.48,22.48,50.70,61.33,67.28
18.65,18.65,65.42,72.77,70.89
21.55,21.55,70.08,67.80,69.91
24.61,24.61,69.25,68.29,73.57
15.42,15.42,67.76,66.54,73.97
12.76,12.76,66.17,65.32,74.41
12.63,12.63,64.18,65.62,78.00
11.44,11.44,62.36,61.64,81.93
13.66,13.66,60.66,64.88,81.33
15.44,15.44,60.81,64.74,82.21
14.59,14.59,59.42,65.68,81.02
12.62,12.62,57.17,65.64,81.40
7.38,7.38,58.73,60.65,80.43
7.79,7.79,60.54,61.65,77.58
4.78,4.78,63.43,58.61,69.43
13.46,13.46,72.36,54.76,70.02
22.73,22.73,80.93,53.27,69.57
10.92,10.92,73.77,56.01,65.40
7.08,7.08,69.61,64.71,68.25
11.48,11.48,66.79,65.01,69.88
15.37,15.37,62.66,72.19,67.48
19.09,19.09,55.96,68.90,63.69
19.07,19.07,51.47,64.27,64.02
20.40,20.40,48.23,62.49,68.40
18.21,18.21,43.36,59.21,71.47
14.87,14.87,39.86,59.68,68.37
13.19,13.19,46.53,56.42,74.60
13.96,13.96,50.93,51.98,82.24
15.23,15.23,58.63,57.87,80.87
16.84,16.84,66.14,68.45,81.82
15.72,15.72,67.64,70.31,81.87
11.69,11.69,65.74,73.49,81.26
15.06,15.06,61.34,75.20,74.32
14.73,14.73,57.54,74.75,71.21
18.17,18.17,54.08,74.44,69.33
20.46,20.46,51.01,74.13,71.52
22.90,22.90,48.46,75.29,73.54
26.04,26.04,46.14,73.74,71.71
29.91,29.91,44.73,73.16,72.07
30.06,30.06,43.54,72.42,73.08
27.14,27.14,43.14,72.00,74.38
21.52,21.52,54.89,65.69,73.62
18.07,18.07,61.57,55.20,73.58
18.03,18.03,68.31,61.86,79.65
19.49,19.49,68.38,70.83,81.52
11.87,11.87,65.48,73.40,83.02
14.05,14.05,59.75,70.15,81.04
17.70,17.70,57.43,73.16,80.66
20.61,20.61,50.17,74.54,81.14
21.25,21.25,44.12,72.35,79.96
19.78,19.78,44.89,71.77,80.59
19.91,19.91,36.79,73.95,80.09
19.79,19.79,33.59,72.31,79.76
21.45,21.45,33.90,72.97,81.04
17.02,17.02,38.74,73.08,80.98
14.35,14.35,45.44,73.26,78.52
13.76,13.76,55.21,71.86,80.01
16.83,16.83,67.10,70.62,78.09
17.59,17.59,70.59,69.62,77.17
19.32,19.32,68.74,71.55,76.72
19.40,19.40,66.19,70.94,79.24
15.83,15.83,64.78,68.51,77.02
14.98,14.98,64.40,68.52,78.44
14.19,14.19,64.60,69.72,74.30
12.99,12.99,62.70,69.94,73.28
8.92,8.92,61.96,71.17,74.26
9.60,9.60,60.62,71.38,74.39
7.12,7.12,61.28,71.05,74.90
6.25,6.25,59.75,71.97,74.08
9.82,9.82,61.30,69.68,72.58
10.10,10.10,68.59,69.23,72.42
22.31,22.31,78.03,65.30,74.19
15.49,15.49,75.69,65.12,73.44
12.76,12.76,69.69,74.52,74.87
8.63,8.63,64.38,70.68,81.66
5.53,5.53,64.22,68.84,81.51
9.70,9.70,57.50,53.15,81.27
13.81,13.81,57.64,43.04,79.51
16.88,16.88,53.03,46.41,79.37
20.67,20.67,48.58,43.87,77.08
17.75,17.75,46.32,41.18,76.93
15.20,15.20,44.38,34.81,78.01
16.33,16.33,50.52,47.92,75.67
14.69,14.69,56.42,50.43,65.99
13.11,13.11,66.40,60.62,64.59
22.48,22.48,73.85,69.93,63.75
16.84,16.84,72.91,72.87,59.00
16.37,16.37,65.85,75.95,57.88
24.02,24.02,57.19,73.76,60.36
30.31,30.31,53.16,72.98,55.50
30.00,30.00,43.69,71.85,52.64
30.58,30.58,41.07,72.97,54.05
31.87,31.87,36.67,74.41,52.67
32.46,32.46,37.23,74.65,60.99
28.49,28.49,33.37,73.98,60.94
26.74,26.74,35.18,73.00,56.39
24.50,24.50,47.58,72.08,55.67
21.42,21.42,61.61,71.88,61.95
22.84,22.84,68.10,70.40,71.94
13.28,13.28,78.35,69.84,71.96
14.69,14.69,73.73,67.06,73.69
12.57,12.57,67.80,63.82,73.94
17.93,17.93,56.89,65.33,73.16
20.51,20.51,57.18,66.88,71.80
22.52,22.52,54.66,65.88,71.22
23.54,23.54,51.02,66.94,70.40
26.04,26.04,49.16,64.37,70.31
27.23,27.23,40.22,60.82,72.44
29.63,29.63,42.59,63.37,73.48
29.17,29.17,42.65,65.52,70.80
21.41,21.41,43.48,67.70,67.56
18.93,18.93,58.59,68.67,69.25
18.32,18.32,70.18,76.83,73.61
18.59,18.59,72.01,75.07,72.59
16.09,16.09,69.06,73.10,70.12
16.97,16.97,67.18,71.63,72.14
12.17,12.17,65.05,71.78,70.90
13.15,13.15,64.01,71.99,68.83
10.31,10.31,65.02,73.11,69.29
17.04,17.04,63.24,72.65,70.83
21.26,21.26,62.67,71.41,72.11
21.76,21.76,61.66,69.21,71.89
25.22,25.22,60.09,68.11,72.65
24.30,24.30,60.15,66.09,70.12
17.63,17.63,60.74,67.97,67.14
15.26,15.26,69.02,64.31,70.65
19.77,19.77,75.42,58.13,67.85
16.54,16.54,78.87,62.60,66.65
13.15,13.15,75.49,65.52,72.41
7.00,7.00,69.10,69.89,73.53
8.15,8.15,63.10,73.30,70.08
12.76,12.76,58.99,70.17,62.18
18.18,18.18,56.81,66.73,73.61
20.57,20.57,50.53,72.93,77.46
21.23,21.23,46.80,72.02,77.19
21.70,21.70,43.91,71.07,76.87
22.44,22.44,48.33,72.70,73.56
16.42,16.42,45.35,69.73,62.02
11.35,11.35,53.70,66.32,62.77
13.73,13.73,65.13,63.39,76.50
26.64,26.64,72.53,67.51,78.82
14.09,14.09,70.52,67.99,78.70
18.14,18.14,68.00,72.71,73.75
14.34,14.34,61.85,65.63,73.66
16.51,16.51,55.69,74.19,71.57
21.52,21.52,51.95,73.52,75.76
23.57,23.57,47.25,74.17,78.24
24.58,24.58,45.00,71.60,77.14
24.30,24.30,42.23,69.27,76.32
21.97,21.97,40.62,69.60,76.45
17.64,17.64,41.38,73.66,73.67
11.75,11.75,49.77,73.74,73.15
13.86,13.86,58.91,68.53,74.80
14.72,14.72,65.94,69.13,74.67
19.62,19.62,72.55,72.89,76.30
12.15,12.15,66.51,75.37,74.54
9.15,9.15,61.85,75.78,74.21
11.81,11.81,58.12,75.38,73.25
16.44,16.44,53.95,75.39,73.66
16.21,16.21,48.09,74.99,71.52
16.35,16.35,47.12,74.84,71.75
19.89,19.89,45.74,73.17,71.58
22.01,22.01,42.60,74.03,71.54
25.45,25.45,36.54,75.77,71.17
28.41,28.41,37.65,74.82,70.42
24.48,24.48,38.16,73.63,70.51
16.90,16.90,41.89,73.47,72.06
17.75,17.75,56.92,74.40,74.10
19.19,19.19,72.22,73.37,73.17
21.13,21.13,71.48,73.65,73.18
20.41,20.41,70.15,74.46,72.16
21.51,21.51,67.34,73.96,73.65
22.06,22.06,67.59,72.61,72.81
25.28,25.28,66.65,72.61,70.38
24.64,24.64,65.98,74.07,68.53
20.55,20.55,63.28,73.61,66.10
19.71,19.71,62.90,72.15,65.17
20.73,20.73,62.00,73.15,66.78
18.77,18.77,61.09,72.72,65.32
17.31,17.31,60.78,71.73,60.73
13.60,13.60,66.77,70.38,70.31
19.29,19.29,72.63,71.44,69.25
12.02,12.02,76.63,73.96,71.75
10.49,10.49,77.08,72.64,76.09
9.52,9.52,70.39,69.34,73.69
8.78,8.78,66.89,64.81,71.62
11.05,11.05,66.44,55.31,69.92
13.15,13.15,61.88,56.16,71.37
18.87,18.87,57.67,47.89,74.20
22.36,22.36,51.36,40.71,73.50
24.77,24.77,47.44,43.27,73.57
27.03,27.03,46.12,38.75,75.51
26.14,26.14,49.47,38.95,67.88
22.62,22.62,50.32,48.54,68.74
17.24,17.24,54.56,48.17,75.57
15.95,15.95,71.72,63.29,76.03
23.07,23.07,78.64,75.25,73.54
18.31,18.31,69.36,74.61,73.03
19.38,19.38,60.76,73.01,65.31
20.83,20.83,54.60,73.81,57.14
23.36,23.36,55.23,75.12,61.36
28.31,28.31,49.84,75.51,72.66
30.29,30.29,42.67,73.47,76.87
31.92,31.92,39.83,72.33,77.73
29.24,29.24,37.47,72.87,77.98
25.15,25.15,36.71,74.36,77.09
16.89,16.89,43.02,72.81,76.31
16.61,16.61,56.09,70.52,77.61
20.41,20.41,60.15,69.78,81.54
15.64,15.64,67.37,71.10,80.68
17.10,17.10,78.86,72.50,77.26
11.79,11.79,73.23,70.70,79.11
12.81,12.81,65.19,66.95,80.52
17.97,17.97,56.29,67.30,79.82
19.51,19.51,60.11,70.82,77.95
22.21,22.21,56.22,69.53,76.94
22.66,22.66,43.61,68.61,78.31
22.04,22.04,44.68,70.33,77.18
23.20,23.20,47.81,71.10,77.92
23.31,23.31,43.33,72.97,77.45
19.13,19.13,43.66,70.84,78.59
18.67,18.67,48.30,64.46,73.39
23.15,23.15,63.21,58.64,70.41
24.01,24.01,70.81,63.73,75.01
17.84,17.84,69.99,64.58,72.99
18.54,18.54,69.18,67.54,73.55
19.78,19.78,67.26,73.09,76.54
13.95,13.95,65.35,72.61,74.78
21.26,21.26,62.95,70.63,71.95
12.06,12.06,62.43,69.35,73.40
12.14,12.14,61.87,70.50,75.07
16.79,16.79,60.66,72.42,72.17
20.03,20.03,59.88,71.23,71.43
23.75,23.75,58.74,71.03,70.86
21.13,21.13,60.00,72.75,71.58
14.97,14.97,65.12,66.16,67.54
19.13,19.13,73.07,58.77,64.12
16.92,16.92,80.50,58.25,66.60
11.91,11.91,77.27,66.56,65.85
17.37,17.37,71.95,72.00,64.96
12.61,12.61,65.64,71.98,62.05
13.99,13.99,61.58,69.96,64.56
17.84,17.84,57.66,72.08,58.57
21.04,21.04,53.91,71.32,60.63
22.44,22.44,48.19,70.62,60.56
24.13,24.13,45.92,72.20,59.04
25.65,25.65,42.56,71.73,54.19
26.08,26.08,42.62,72.03,53.64
22.87,22.87,49.14,71.10,55.60
19.18,19.18,58.41,70.16,59.19
17.75,17.75,70.40,67.98,69.90
20.60,20.60,74.88,70.05,71.15
16.09,16.09,69.76,69.20,70.68
17.80,17.80,62.83,69.75,70.73
23.03,23.03,56.74,69.96,72.70
24.93,24.93,51.44,71.43,69.95
24.72,24.72,49.00,73.57,69.79
24.63,24.63,44.66,69.74,68.69
26.19,26.19,42.01,71.71,68.25
28.80,28.80,39.81,72.29,68.78
26.93,26.93,39.55,70.80,70.70
24.54,24.54,41.31,72.96,68.75
19.19,19.19,45.81,71.91,70.22
20.10,20.10,61.92,72.22,69.52
19.28,19.28,70.76,71.03,74.57
14.88,14.88,71.35,69.53,76.52
14.56,14.56,71.60,69.42,70.87
16.30,16.30,68.24,76.30,71.00
21.18,21.18,62.61,76.58,71.00
27.31,27.31,51.33,73.17,70.59
28.89,28.89,49.37,73.85,70.23
32.28,32.28,45.93,75.13,71.04
32.30,32.30,45.58,74.01,69.15
34.37,34.37,41.02,74.67,70.08
36.17,36.17,42.87,74.00,69.24
35.53,35.53,41.36,74.26,66.88
30.36,30.36,41.61,73.08,69.20
28.11,28.11,49.99,73.80,66.69
23.53,23.53,67.57,72.52,68.99
21.49,21.49,69.43,70.45,81.92
21.50,21.50,68.22,69.78,83.89
17.28,17.28,68.13,72.64,83.81
19.97,19.97,67.11,72.38,82.27
13.45,13.45,65.46,71.99,81.63
13.33,13.33,63.88,74.60,80.22
10.30,10.30,64.00,73.90,77.06
11.44,11.44,62.49,72.95,67.03
14.67,14.67,61.08,73.72,66.86
19.40,19.40,61.82,76.86,67.91
22.01,22.01,62.24,72.89,63.01
14.98,14.98,61.50,72.14,68.90
20.29,20.29,64.24,72.49,66.45
22.72,22.72,74.74,72.56,73.35
20.44,20.44,77.98,73.82,77.36
12.97,12.97,71.84,72.73,76.00
12.06,12.06,67.66,70.50,73.64
13.42,13.42,63.50,68.52,73.21
16.64,16.64,60.25,56.37,73.51
22.04,22.04,59.53,51.48,74.17
21.70,21.70,55.17,47.12,74.49
20.28,20.28,50.17,42.80,72.54
20.59,20.59,49.36,44.42,66.03
18.74,18.74,42.57,47.89,64.86
18.76,18.76,51.61,55.58,66.14
19.59,19.59,50.08,58.16,59.49
19.85,19.85,58.77,45.84,60.60
20.60,20.60,75.11,60.51,67.83
19.32,19.32,72.93,68.85,69.47
19.31,19.31,70.64,74.54,70.48
17.84,17.84,62.58,77.28,70.49
19.85,19.85,53.97,69.82,69.53
24.05,24.05,52.60,73.49,70.03
29.34,29.34,53.71,72.16,69.32
30.65,30.65,48.36,70.26,59.00
30.02,30.02,42.02,73.13,58.92
34.50,34.50,42.65,70.84,51.03
34.15,34.15,39.45,71.44,56.73
29.26,29.26,42.78,71.18,59.62
20.17,20.17,49.40,65.93,61.82
14.01,14.01,68.56,66.47,70.04
12.09,12.09,74.65,64.58,72.44
12.93,12.93,71.86,61.33,72.85
15.01,15.01,70.80,68.75,76.46
17.99,17.99,66.45,66.43,74.37
20.60,20.60,57.64,58.35,73.71
23.63,23.63,55.62,54.37,73.96
24.47,24.47,50.65,44.88,71.51
24.66,24.66,53.24,44.62,73.72
23.26,23.26,48.89,42.39,72.98
24.32,24.32,42.72,32.38,71.07
23.35,23.35,43.56,34.75,70.73
19.32,19.32,48.78,48.56,69.33
14.04,14.04,48.63,47.08,68.46
19.70,19.70,61.80,61.08,72.10
25.49,25.49,72.17,69.57,77.39
21.49,21.49,70.54,75.95,80.18
17.37,17.37,67.72,70.77,78.27
14.06,14.06,66.66,74.02,78.91
15.73,15.73,66.25,73.71,76.59
15.76,15.76,65.28,71.00,71.96
15.56,15.56,64.29,72.75,73.98
13.57,13.57,62.21,69.20,74.35
13.14,13.14,61.48,70.36,70.79
12.22,12.22,61.46,67.41,71.47
10.74,10.74,61.72,53.86,67.91
11.64,11.64,60.86,50.71,65.45
12.50,12.50,66.08,60.66,61.91
13.27,13.27,71.29,61.94,65.12
13.30,13.30,81.41,69.50,67.89
14.67,14.67,78.29,73.57,66.70
10.80,10.80,72.89,72.68,59.33
12.00,12.00,66.98,73.50,63.70
13.37,13.37,62.99,72.96,64.94
17.26,17.26,57.64,73.40,61.04
21.67,21.67,54.45,72.60,61.01
25.61,25.61,54.71,71.81,63.73
27.66,27.66,48.61,74.81,60.42
30.39,30.39,48.29,70.91,63.25
35.85,35.85,48.41,62.34,64.69
32.07,32.07,52.37,59.97,59.86
26.20,26.20,60.14,53.98,60.99
19.41,19.41,68.64,63.36,69.16
15.01,15.01,69.40,69.74,70.16
16.30,16.30,62.03,69.49,70.29
17.77,17.77,58.50,71.10,71.19
18.86,18.86,54.18,67.89,70.53
22.22,22.22,53.56,72.12,69.64
23.27,23.27,45.72,72.52,65.99
24.15,24.15,43.60,72.50,67.94
24.01,24.01,42.21,72.33,69.58
22.22,22.22,39.60,71.54,69.52
24.72,24.72,42.27,72.27,70.20
23.31,23.31,43.20,67.26,70.48
19.42,19.42,50.35,58.97,66.91
18.20,18.20,58.68,57.48,69.18
16.51,16.51,73.81,61.28,68.24
14.44,14.44,78.21,70.66,68.28
16.24,16.24,72.95,74.73,70.22
19.23,19.23,69.74,70.51,66.89
21.88,21.88,64.32,72.15,68.62
23.44,23.44,55.85,71.79,67.43
22.67,22.67,52.30,71.77,64.78
23.71,23.71,46.69,69.75,66.64
25.96,25.96,43.16,71.70,72.05
30.36,30.36,41.22,70.37,69.60
30.80,30.80,38.25,72.56,72.86
29.32,29.32,39.28,69.24,66.74
27.17,27.17,47.54,70.96,65.60
23.04,23.04,61.74,70.45,67.89
22.91,22.91,70.81,72.89,74.42
17.15,17.15,71.38,74.94,72.74
20.67,20.67,71.10,73.32,74.70
23.77,23.77,69.67,74.63,72.10
24.08,24.08,68.30,75.20,69.67
21.77,21.77,67.90,74.63,69.64
21.13,21.13,67.09,75.52,68.96
23.66,23.66,65.79,74.77,77.15
27.12,27.12,65.13,74.93,76.77
26.09,26.09,64.65,73.77,76.48
26.85,26.85,63.46,74.17,77.12
24.16,24.16,62.85,73.54,74.42
17.31,17.31,65.68,74.50,69.45
19.15,19.15,70.41,75.63,81.74
19.82,19.82,79.06,73.60,83.01
9.19,9.19,74.19,72.53,81.22
6.95,6.95,68.23,69.74,82.42
6.75,6.75,66.13,68.18,80.96
9.17,9.17,62.48,64.98,77.06
13.00,13.00,56.51,57.78,67.08
17.54,17.54,57.93,58.04,81.92
18.74,18.74,52.45,43.92,83.14
20.10,20.10,49.90,42.35,83.21
19.11,19.11,44.98,40.37,82.74
18.94,18.94,50.16,41.70,80.50
17.98,17.98,49.33,39.35,75.38
16.30,16.30,52.67,41.82,65.95
20.79,20.79,66.01,57.49,78.67
24.00,24.00,74.93,68.46,79.58
16.76,16.76,69.19,77.69,79.60
18.13,18.13,64.55,77.16,79.34
21.09,21.09,54.40,76.30,74.94
21.29,21.29,47.84,74.38,63.21
24.24,24.24,44.64,75.31,79.41
24.32,24.32,38.22,73.74,80.52
22.39,22.39,35.68,68.93,80.60
20.21,20.21,36.84,70.41,80.53
21.03,21.03,36.57,72.69,71.14
10.66,10.66,37.39,73.13,60.52
10.84,10.84,47.30,72.28,69.58
19.88,19.88,59.37,71.84,81.20
20.67,20.67,64.61,69.36,82.39
15.72,15.72,74.06,72.06,81.00
10.86,10.86,71.52,74.37,81.62
14.79,14.79,69.49,74.52,77.98
19.51,19.51,59.98,67.70,77.56
22.31,22.31,46.70,60.00,76.86
21.81,21.81,54.64,49.08,76.48
21.87,21.87,54.44,48.35,78.57
23.38,23.38,51.53,48.46,69.91
22.72,22.72,41.51,44.02,73.95
22.00,22.00,44.78,36.40,72.48
18.29,18.29,47.39,42.53,72.22
16.32,16.32,48.00,46.76,66.93
20.90,20.90,64.36,57.18,67.74
22.27,22.27,71.71,65.10,71.99
21.76,21.76,69.64,74.27,74.77
22.53,22.53,69.87,75.08,75.70
16.01,16.01,68.01,72.80,74.45
15.72,15.72,67.26,72.47,73.22
17.93,17.93,64.63,70.29,72.41
14.35,14.35,64.98,73.04,73.45
13.14,13.14,64.05,74.88,72.33
12.95,12.95,63.59,72.81,73.05
14.95,14.95,64.90,73.18,70.48
16.64,16.64,64.32,74.15,70.73
16.78,16.78,62.68,70.01,67.59
12.97,12.97,64.28,61.48,67.35
14.98,14.98,69.63,66.16,66.52
10.41,10.41,77.08,62.79,71.31
10.57,10.57,77.13,65.99,75.52
11.01,11.01,71.99,66.83,76.99
8.44,8.44,66.70,68.34,76.36
12.44,12.44,62.57,69.31,78.12
17.69,17.69,56.85,66.83,78.88
22.21,22.21,51.05,66.95,78.27
22.40,22.40,46.44,70.94,78.23
23.68,23.68,41.58,68.89,78.30
25.30,25.30,38.52,68.77,77.37
25.93,25.93,36.99,65.33,77.92
28.76,28.76,50.44,61.69,77.21
26.79,26.79,56.02,50.03,66.69
16.42,16.42,67.59,55.41,67.94
6.18,6.18,76.06,63.23,71.78
14.28,14.28,70.44,65.77,75.04
13.55,13.55,63.25,71.99,75.61
15.52,15.52,57.22,72.88,75.23
22.59,22.59,53.83,75.46,74.66
24.78,24.78,47.18,74.45,73.65
23.53,23.53,41.65,74.07,75.34
21.48,21.48,36.93,75.15,75.35
21.38,21.38,31.64,68.20,73.08
19.48,19.48,27.85,63.15,74.52
19.09,19.09,36.08,58.45,76.43
22.04,22.04,48.91,55.06,74.55
15.03,15.03,57.81,55.68,68.48
21.41,21.41,66.36,59.40,77.50
24.49,24.49,75.49,64.40,82.54
14.95,14.95,69.53,66.30,79.53
16.53,16.53,60.61,72.02,79.78
18.12,18.12,57.13,71.33,82.56
22.51,22.51,52.67,72.26,80.40
23.83,23.83,42.86,71.94,82.38
21.18,21.18,47.50,72.41,81.64
22.67,22.67,48.71,71.94,80.75
23.68,23.68,43.79,70.60,82.78
25.40,25.40,42.34,71.03,80.60
26.00,26.00,41.96,71.87,81.66
22.87,22.87,40.85,73.09,79.60
14.42,14.42,40.56,72.09,74.16
18.16,18.16,56.79,70.66,75.60
13.28,13.28,68.96,69.87,79.78
14.64,14.64,70.90,71.35,79.46
12.32,12.32,69.04,71.38,81.19
12.63,12.63,66.65,72.17,78.93
10.94,10.94,66.47,72.47,79.60
10.06,10.06,66.63,70.00,78.72
10.61,10.61,64.52,72.02,78.96
12.01,12.01,63.85,72.07,78.24
13.69,13.69,62.36,73.05,78.01
14.91,14.91,60.68,71.84,77.60
16.71,16.71,61.06,69.64,76.76
16.55,16.55,60.70,71.00,68.12
15.29,15.29,64.16,69.60,69.29
19.22,19.22,71.17,63.71,77.26
13.67,13.67,75.53,62.80,82.70
9.99,9.99,74.01,66.64,81.59
9.39,9.39,69.63,59.29,79.84
6.96,6.96,65.47,48.91,83.32
11.42,11.42,61.36,44.66,80.38
14.95,14.95,55.10,47.19,82.57
16.01,16.01,49.05,42.51,82.69
16.17,16.17,46.35,46.79,82.08
18.29,18.29,43.84,41.54,80.11
17.07,17.07,42.50,33.05,78.22
15.78,15.78,43.92,19.40,78.64
18.16,18.16,54.02,37.45,75.08
17.05,17.05,63.56,50.87,64.93
17.85,17.85,76.22,63.87,64.87
21.22,21.22,73.43,71.68,76.54
17.48,17.48,69.68,74.77,79.65
12.66,12.66,61.08,74.10,81.05
18.27,18.27,54.99,74.01,80.54
19.55,19.55,48.63,72.32,80.39
17.71,17.71,45.01,71.05,80.49
16.94,16.94,42.35,70.69,79.83
17.85,17.85,37.74,70.06,79.70
20.75,20.75,35.91,70.30,79.05
20.72,20.72,31.66,70.27,78.77
21.00,21.00,33.21,69.44,78.33
18.57,18.57,43.42,69.14,60.34
15.68,15.68,58.40,68.15,64.25
24.21,24.21,68.35,65.88,73.22
18.60,18.60,75.30,65.63,75.28
11.42,11.42,70.19,65.53,75.27
11.12,11.12,63.79,67.45,74.88
15.17,15.17,56.27,69.98,73.82
22.06,22.06,51.73,65.30,73.67
21.32,21.32,49.41,58.11,74.12
21.46,21.46,48.86,48.09,74.13
18.73,18.73,48.25,45.88,72.67
18.10,18.10,41.41,40.71,73.49
14.72,14.72,44.93,35.77,74.46
11.99,11.99,42.38,36.94,72.79
21.21,21.21,49.86,47.86,69.64
24.49,24.49,63.86,55.16,73.59
23.26,23.26,70.01,56.63,76.29
15.86,15.86,70.27,70.17,78.78
16.47,16.47,68.03,72.08,78.36
13.91,13.91,67.85,72.36,78.94
11.39,11.39,65.84,73.02,77.50
16.82,16.82,66.67,71.91,76.67
18.40,18.40,65.33,73.27,76.87
18.53,18.53,64.77,72.81,77.01
16.66,16.66,62.72,74.51,75.06
15.22,15.22,63.88,74.61,74.93
15.53,15.53,62.35,74.87,75.49
14.34,14.34,62.84,70.05,73.63
13.28,13.28,65.47,63.19,66.97
18.63,18.63,70.98,61.47,67.76
12.36,12.36,78.83,69.46,76.01
15.54,15.54,77.10,72.17,78.59
14.29,14.29,70.82,75.69,78.39
18.47,18.47,65.18,73.48,78.72
18.53,18.53,60.65,71.95,77.18
19.57,19.57,57.04,73.04,76.91
20.39,20.39,52.38,72.69,76.03
20.42,20.42,48.52,72.69,75.79
20.66,20.66,44.86,72.25,75.75
20.78,20.78,40.99,71.88,74.99
21.13,21.13,40.58,72.03,74.41
21.78,21.78,51.70,66.76,69.50
16.76,16.76,54.60,66.72,58.37
15.64,15.64,65.35,65.42,66.10
15.44,15.44,75.20,68.90,74.52
14.12,14.12,66.75,66.60,78.40
15.92,15.92,59.99,72.00,77.63
18.36,18.36,48.19,70.42,78.55
19.90,19.90,57.54,73.56,77.00
16.17,16.17,52.35,72.52,76.85
23.33,23.33,49.40,74.92,76.42
15.83,15.83,41.48,71.36,78.01
20.00,20.00,42.74,67.22,77.92
18.78,18.78,39.66,67.39,77.58
19.55,19.55,40.35,68.52,76.91
23.37,23.37,52.91,62.56,76.14
8.85,8.85,53.98,65.40,74.18
11.66,11.66,75.76,65.89,74.80
17.28,17.28,76.85,68.85,78.38
18.86,18.86,70.59,72.16,77.33
15.70,15.70,63.25,67.97,76.42
16.06,16.06,60.09,69.67,74.64
16.70,16.70,58.60,67.94,75.28
17.16,17.16,56.97,69.27,76.20
13.70,13.70,54.59,70.18,75.04
17.07,17.07,53.95,70.96,74.11
18.21,18.21,52.61,72.76,76.18
16.58,16.58,52.37,72.39,74.44
17.86,17.86,50.64,72.48,73.87
18.88,18.88,50.47,72.54,75.49
16.44,16.44,52.22,72.55,74.13
15.72,15.72,51.99,72.55,73.73
17.28,17.28,51.14,72.27,74.01
19.75,19.75,49.89,72.73,71.74
22.06,22.06,48.79,72.38,72.31
22.67,22.67,47.41,72.69,73.51
23.20,23.20,47.40,72.59,71.22
22.28,22.28,46.65,73.54,72.51
21.87,21.87,45.08,73.06,70.01
21.59,21.59,44.00,71.14,71.00
22.74,22.74,43.65,71.37,70.14
23.60,23.60,43.02,71.71,69.51
24.17,24.17,42.69,71.20,70.87
24.78,24.78,42.63,70.23,70.09
25.88,25.88,41.20,71.78,69.45
27.92,27.92,41.13,71.88,68.75
28.66,28.66,40.49,71.95,68.94
30.98,30.98,40.31,72.52,70.67
31.41,31.41,41.21,72.67,68.74
28.12,28.12,41.64,72.38,67.48
28.56,28.56,42.26,72.22,67.09
29.51,29.51,39.38,71.26,67.08
30.15,30.15,40.40,72.02,66.71
30.96,30.96,41.37,72.01,65.97
32.90,32.90,40.35,70.07,65.28
33.35,33.35,40.01,71.43,65.27
35.05,35.05,39.91,72.34,65.18
33.85,33.85,39.24,71.49,64.92
34.61,34.61,37.32,72.25,66.12
42.06,42.06,36.23,72.53,65.85
52.90,52.90,36.12,72.10,63.90
62.98,62.98,38.12,73.60,62.72
73.74,73.74,42.22,72.03,64.39
76.46,76.46,42.80,71.28,63.55
75.74,75.74,40.51,71.40,64.20
75.09,75.09,37.34,71.29,63.67
73.98,73.98,33.89,72.16,63.87
73.12,73.12,33.44,71.79,65.19
73.86,73.86,32.06,71.93,66.51
71.88,71.88,30.50,71.39,67.11
69.71,69.71,26.92,71.02,66.66
70.76,70.76,28.09,70.95,64.79
71.13,71.13,33.77,70.99,63.61
71.73,71.73,37.37,69.33,66.85
72.81,72.81,36.71,68.40,66.59
70.57,70.57,36.22,69.71,66.79
70.66,70.66,35.02,69.43,66.93
73.39,73.39,35.51,68.57,66.69
75.04,75.04,33.96,69.34,66.74
76.09,76.09,34.53,67.14,66.63
75.89,75.89,34.50,65.26,65.87
75.62,75.62,32.68,66.93,65.89
75.44,75.44,32.08,67.79,65.76
76.57,76.57,30.89,69.02,65.36
77.05,77.05,26.13,69.61,65.11
77.35,77.35,24.96,67.74,65.11
77.64,77.64,30.54,69.29,64.14
75.49,75.49,44.68,70.18,63.40
78.77,78.77,51.15,71.14,62.74
75.97,75.97,66.50,71.16,64.10
67.36,67.36,69.91,70.99,66.08
70.40,70.40,61.27,69.70,64.82
72.65,72.65,55.62,70.69,60.85
74.17,74.17,49.85,71.09,58.82
75.73,75.73,48.18,71.02,57.62
72.71,72.71,44.64,71.18,57.61
72.97,72.97,42.16,70.90,56.98
72.69,72.69,38.58,69.52,57.75
65.53,65.53,32.78,70.50,57.51
65.39,65.39,33.34,70.76,54.33
69.95,69.95,43.39,70.83,53.20
69.23,69.23,53.67,70.55,52.91
71.39,71.39,59.67,69.32,52.43
74.35,74.35,78.95,68.21,54.99
77.56,77.56,78.64,69.44,54.61
81.39,81.39,72.87,69.34,50.43
83.98,83.98,66.25,69.06,47.23
81.50,81.50,60.59,68.98,46.29
81.67,81.67,57.70,68.45,47.91
78.00,78.00,52.27,69.76,44.09
77.68,77.68,49.04,65.40,45.11
77.79,77.79,48.25,55.07,47.75
68.25,68.25,50.30,47.81,46.94
67.16,67.16,49.36,43.93,48.51
68.09,68.09,50.73,39.99,47.07
67.13,67.13,55.91,41.95,41.80
64.73,64.73,60.91,44.45,43.98
63.61,63.61,79.52,39.15,48.59
69.53,69.53,78.97,29.31,52.41
78.53,78.53,73.36,6.29,54.14
81.74,81.74,69.63,9.62,51.06
76.29,76.29,65.59,8.43,50.26
74.08,74.08,58.90,3.49,46.06
76.25,76.25,56.16,6.21,41.75
78.36,78.36,51.82,5.64,36.66
78.28,78.28,49.78,6.65,34.30
77.13,77.13,49.50,6.17,35.94
75.54,75.54,48.36,5.29,40.06
73.94,73.94,49.92,13.02,43.78
72.37,72.37,53.97,33.60,50.76
70.29,70.29,69.44,49.97,66.18
71.84,71.84,78.32,61.07,69.64
72.24,72.24,72.59,69.92,73.00
74.14,74.14,66.92,75.61,73.27
72.53,72.53,61.20,73.89,71.70
74.51,74.51,60.64,72.44,71.97
75.61,75.61,60.97,75.03,70.09
74.36,74.36,61.38,73.84,69.59
73.45,73.45,60.50,74.10,68.97
71.63,71.63,62.45,72.27,70.33
69.84,69.84,63.03,70.14,67.04
70.03,70.03,62.90,72.84,69.26
71.57,71.57,63.17,69.15,68.24
70.09,70.09,62.94,72.13,67.12
72.12,72.12,65.91,69.04,65.99
74.00,74.00,67.98,71.34,65.66
74.38,74.38,65.48,72.22,65.52
74.52,74.52,63.01,71.73,65.31
75.30,75.30,63.41,69.56,64.28
76.74,76.74,62.65,71.21,64.07
76.80,76.80,61.71,74.86,63.82
74.91,74.91,61.14,73.71,66.01
69.50,69.50,61.92,74.91,65.75
69.62,69.62,60.11,74.07,67.53
67.33,67.33,58.70,74.38,65.47
65.39,65.39,58.67,75.43,67.79
65.86,65.86,59.19,74.08,64.71
62.75,62.75,63.72,75.23,60.53
57.99,57.99,72.79,71.86,67.48
53.30,53.30,80.24,73.21,71.18
49.83,49.83,74.01,74.04,72.76
59.07,59.07,70.17,67.68,75.30
60.14,60.14,67.07,60.59,75.00
58.25,58.25,63.86,54.42,74.88
55.83,55.83,61.34,49.56,72.02
53.34,53.34,57.50,47.16,72.11
58.21,58.21,55.98,49.84,71.90
60.81,60.81,54.95,35.66,71.95
55.29,55.29,54.79,31.29,70.98
54.61,54.61,57.04,33.21,69.21
49.86,49.86,55.83,46.72,59.38
43.55,43.55,56.95,55.28,53.95
46.65,46.65,69.00,65.18,60.99
42.37,42.37,74.20,74.04,60.81
46.09,46.09,66.49,77.84,66.83
41.62,41.62,60.26,76.30,74.40
44.60,44.60,56.70,74.75,74.10
38.23,38.23,55.49,73.10,70.96
37.54,37.54,54.31,74.72,70.26
33.67,33.67,52.70,73.66,70.98
30.77,30.77,51.56,73.97,70.04
31.78,31.78,52.02,72.08,68.75
28.78,28.78,50.62,74.77,68.57
29.35,29.35,50.78,71.98,69.83
23.32,23.32,52.12,72.42,69.21
20.08,20.08,58.78,70.69,70.13
18.32,18.32,66.11,73.29,73.81
12.37,12.37,74.96,75.23,73.90
13.27,13.27,68.68,69.23,70.91
15.43,15.43,63.23,65.46,72.88
16.93,16.93,57.21,63.69,72.44
17.43,17.43,60.67,60.91,74.16
20.00,20.00,56.63,53.87,70.21
19.84,19.84,53.46,48.94,72.06
19.08,19.08,50.30,42.25,72.26
19.61,19.61,50.20,26.04,72.20
19.87,19.87,49.69,11.46,71.92
18.66,18.66,50.56,31.86,72.72
17.38,17.38,50.71,45.68,72.53
14.02,14.02,56.33,59.48,71.40
21.07,21.07,70.15,68.67,71.50
23.44,23.44,71.14,75.04,74.23
22.83,22.83,69.79,74.08,72.35
22.97,22.97,67.37,76.47,71.52
20.83,20.83,66.95,72.91,71.47
22.11,22.11,65.62,72.86,71.93
24.16,24.16,64.31,70.47,70.50
22.96,22.96,63.56,72.13,73.45
15.45,15.45,61.89,73.11,71.18
13.20,13.20,60.64,69.56,73.18
13.84,13.84,60.83,62.55,68.47
13.35,13.35,60.77,57.08,72.97
17.72,17.72,62.22,55.05,68.04
18.22,18.22,66.57,60.96,67.75
19.52,19.52,77.21,71.95,69.30
15.96,15.96,78.63,74.46,70.62
10.72,10.72,71.25,73.91,69.04
9.60,9.60,66.98,73.07,69.08
12.02,12.02,64.44,72.45,68.23
17.16,17.16,59.55,72.92,68.67
20.08,20.08,55.99,73.47,68.72
25.05,25.05,51.70,72.67,68.01
28.27,28.27,49.82,65.44,68.38
30.39,30.39,46.81,56.09,68.71
29.48,29.48,46.25,48.97,67.94
26.50,26.50,47.42,53.95,68.08
23.94,23.94,53.69,50.22,68.21
17.05,17.05,65.75,55.89,72.52
20.23,20.23,77.39,67.53,70.56
18.75,18.75,68.75,70.16,72.25
18.45,18.45,61.71,70.53,71.70
20.09,20.09,55.50,71.87,69.95
20.89,20.89,53.82,73.62,70.13
20.20,20.20,51.02,73.86,70.77
20.80,20.80,47.63,71.81,68.53
19.66,19.66,44.94,72.01,70.70
23.77,23.77,41.18,73.05,68.89
25.81,25.81,38.15,73.13,69.93
24.54,24.54,37.47,72.01,69.01
21.78,21.78,48.72,69.53,69.56
18.00,18.00,56.05,68.01,65.41
13.04,13.04,67.82,69.81,71.48
12.06,12.06,77.36,74.61,66.16
15.85,15.85,73.11,75.18,69.42
19.35,19.35,69.24,75.83,65.57
21.77,21.77,62.02,75.33,67.31
23.81,23.81,56.97,72.89,67.87
24.43,24.43,56.16,74.99,68.68
29.51,29.51,55.16,71.20,67.09
31.80,31.80,52.72,73.20,66.80
29.16,29.16,50.55,71.89,65.16
30.62,30.62,46.59,71.22,67.13
33.90,33.90,42.59,71.13,65.24
30.80,30.80,43.40,71.41,67.96
24.29,24.29,50.30,74.25,64.93
13.03,13.03,62.57,73.50,68.68
17.01,17.01,69.22,75.56,64.03
16.29,16.29,67.30,74.34,65.14
16.94,16.94,65.67,75.77,65.92
21.79,21.79,65.47,74.70,64.98
23.65,23.65,63.50,75.24,66.14
24.60,24.60,61.96,75.40,65.85
24.16,24.16,62.15,74.58,67.06
25.93,25.93,60.79,75.86,64.07
28.70,28.70,61.26,74.18,68.91
25.40,25.40,59.81,75.52,62.73
23.75,23.75,60.09,74.93,69.14
12.96,12.96,60.78,75.01,59.98
9.72,9.72,66.96,75.42,66.61
22.93,22.93,79.52,72.09,68.39
13.83,13.83,76.83,75.08,69.84
7.54,7.54,70.79,73.70,68.38
3.48,3.48,69.62,68.00,70.73
8.67,8.67,65.58,60.41,66.66
15.07,15.07,60.47,54.58,65.78
21.65,21.65,55.30,54.99,65.23
23.02,23.02,52.18,54.34,64.43
26.89,26.89,50.72,46.85,64.77
28.87,28.87,47.61,44.12,64.48
28.45,28.45,46.18,35.91,64.67
29.26,29.26,51.77,37.15,64.35
25.67,25.67,53.70,49.34,64.43
21.38,21.38,64.09,63.02,64.50
11.99,11.99,76.48,73.61,62.46
22.04,22.04,68.94,76.48,60.87
26.78,26.78,64.65,77.69,60.03
27.51,27.51,58.28,74.43,57.66
28.03,28.03,52.91,74.71,60.36
26.25,26.25,50.50,70.38,59.29
25.82,25.82,49.24,71.64,59.10
28.33,28.33,46.70,69.46,60.00
37.14,37.14,48.97,70.10,55.85
48.35,48.35,46.59,73.54,60.70
63.42,63.42,46.50,73.06,59.40
70.05,70.05,51.10,74.73,60.66
75.48,75.48,56.19,71.58,62.73
76.77,76.77,67.36,72.34,68.17
75.92,75.92,77.10,71.79,65.39
78.03,78.03,72.97,72.71,65.88
73.34,73.34,70.52,75.43,67.80
76.89,76.89,64.27,72.46,66.57
79.97,79.97,55.89,65.50,66.58
79.70,79.70,57.49,60.60,68.13
80.16,80.16,54.71,54.80,68.55
78.68,78.68,54.28,49.73,67.38
76.10,76.10,46.59,30.55,66.42
66.00,66.00,49.54,37.09,66.04
57.75,57.75,45.96,42.37,67.28
52.41,52.41,46.50,49.42,66.96
53.38,53.38,49.26,51.67,64.16
63.09,63.09,62.18,60.01,66.70
69.02,69.02,67.65,71.69,70.34
71.56,71.56,68.37,75.95,72.18
70.09,70.09,66.92,72.76,71.39
70.62,70.62,64.71,74.06,71.05
73.69,73.69,63.59,71.11,71.01
69.78,69.78,63.39,73.21,72.16
74.43,74.43,61.41,72.51,71.89
77.18,77.18,60.28,67.17,73.27
78.72,78.72,59.78,63.61,71.84
78.21,78.21,59.83,49.27,72.32
78.16,78.16,59.24,53.66,72.95
73.45,73.45,60.72,57.70,68.62
58.60,58.60,64.59,56.15,63.76
74.81,74.81,74.81,55.29,67.33
83.35,83.35,76.45,66.85,66.19
78.94,78.94,73.52,71.50,62.90
79.67,79.67,69.25,74.12,65.77
78.41,78.41,63.12,69.86,56.51
77.74,77.74,60.70,69.67,55.78
76.83,76.83,55.60,70.58,55.03
77.93,77.93,52.83,70.00,51.85
80.58,80.58,47.31,63.53,52.62
81.84,81.84,45.10,60.06,53.44
81.79,81.79,42.04,58.03,52.09
81.72,81.72,46.42,48.42,49.02
76.36,76.36,55.41,49.83,53.93
73.81,73.81,63.88,59.55,62.50
79.26,79.26,75.07,67.64,67.21
63.57,63.57,68.92,71.25,70.26
75.18,75.18,63.78,73.76,68.31
76.19,76.19,57.51,74.24,64.13
79.61,79.61,53.80,72.85,66.46
82.45,82.45,49.92,70.40,64.73
76.06,76.06,44.57,73.67,64.44
69.90,69.90,44.19,68.54,65.32
71.94,71.94,43.89,66.87,64.69
70.70,70.70,43.46,64.45,64.16
69.62,69.62,43.52,54.38,65.72
70.77,70.77,47.86,58.48,63.38
69.65,69.65,62.43,60.29,62.30
74.20,74.20,68.85,57.63,65.93
75.42,75.42,74.96,68.92,66.60
78.27,78.27,67.35,71.15,74.30
77.47,77.47,59.23,70.54,72.97
80.53,80.53,53.58,72.80,69.70
80.20,80.20,57.56,73.45,67.89
81.01,81.01,50.01,73.84,65.99
79.73,79.73,45.83,70.43,68.46
81.54,81.54,41.60,71.30,66.27
81.38,81.38,38.26,71.39,65.66
76.69,76.69,38.85,72.76,68.52
81.41,81.41,38.34,73.28,64.37
83.09,83.09,42.55,73.76,65.13
82.25,82.25,48.64,73.72,67.35
82.44,82.44,56.90,72.26,67.35
79.43,79.43,68.60,73.30,66.19
75.96,75.96,68.61,73.62,65.03
75.03,75.03,65.58,71.32,66.06
76.51,76.51,65.61,70.05,65.43
75.84,75.84,65.17,71.88,65.00
74.47,74.47,64.17,71.88,66.56
75.73,75.73,62.63,71.09,66.15
75.53,75.53,62.79,71.54,63.02
75.46,75.46,61.11,72.30,63.74
79.65,79.65,58.63,70.51,62.28
81.66,81.66,58.53,69.75,62.40
81.78,81.78,58.62,69.08,61.65
78.71,78.71,64.05,70.47,61.32
75.22,75.22,72.94,71.10,65.72
74.06,74.06,78.29,72.15,71.69
76.27,76.27,74.02,73.30,70.31
72.71,72.71,70.83,72.03,69.80
74.36,74.36,65.71,70.21,69.33
78.79,78.79,61.04,67.13,68.99
80.67,80.67,58.19,61.21,70.26
81.16,81.16,54.74,49.80,67.75
81.24,81.24,52.41,48.23,68.34
80.13,80.13,49.23,29.69,67.01
78.77,78.77,48.34,34.33,66.15
74.98,74.98,54.13,42.00,62.45
74.56,74.56,56.05,45.99,60.33
74.92,74.92,61.19,48.33,56.60
74.61,74.61,73.17,65.65,58.58
81.08,81.08,68.74,66.71,58.17
80.86,80.86,64.00,72.53,60.67
77.27,77.27,59.72,70.43,57.28
78.74,78.74,58.19,72.98,58.16
77.73,77.73,55.35,75.47,53.13
71.79,71.79,45.48,72.31,48.90
72.45,72.45,45.55,70.68,45.41
68.06,68.06,38.88,70.45,45.05
67.67,67.67,35.25,71.97,44.77
65.90,65.90,36.03,70.82,41.95
67.22,67.22,40.68,71.09,43.78
61.75,61.75,50.17,71.86,49.76
68.62,68.62,64.41,70.33,57.88
71.34,71.34,74.24,65.68,64.53
76.39,76.39,79.50,66.78,66.95
75.78,75.78,75.14,71.38,67.82
80.34,80.34,67.71,75.63,69.95
78.08,78.08,57.18,73.20,70.72
82.49,82.49,53.06,65.36,69.18
83.01,83.01,48.53,71.85,69.86
83.25,83.25,45.40,74.87,66.99
83.28,83.28,44.59,72.45,68.87
83.28,83.28,38.84,68.36,67.69
83.14,83.14,40.65,69.86,66.18
83.01,83.01,43.25,70.15,68.47
83.11,83.11,48.92,68.11,66.56
82.81,82.81,56.69,68.64,70.43
82.83,82.83,69.07,69.09,68.73
81.93,81.93,68.43,67.30,71.06
81.55,81.55,67.38,68.66,70.02
79.03,79.03,64.96,71.59,71.61
74.96,74.96,65.61,69.31,71.72
73.72,73.72,63.42,69.71,69.45
76.57,76.57,63.60,70.21,70.27
81.65,81.65,62.48,70.02,68.07
83.89,83.89,61.34,67.48,69.50
84.98,84.98,61.01,71.93,67.93
85.22,85.22,59.46,70.01,66.88
85.01,85.01,58.40,67.71,65.38
84.60,84.60,62.03,67.92,64.27
84.29,84.29,68.86,69.73,63.60
82.88,82.88,79.43,70.48,73.65
83.82,83.82,73.21,70.01,70.17
81.27,81.27,68.20,65.35,67.66
76.36,76.36,64.36,64.41,66.00
77.40,77.40,61.95,61.67,68.15
83.68,83.68,56.80,51.68,66.54
85.23,85.23,53.37,38.62,65.12
85.33,85.33,49.93,39.81,64.49
84.57,84.57,45.38,34.85,63.37
84.08,84.08,43.35,37.49,63.62
82.12,82.12,46.36,47.16,63.41
77.69,77.69,51.08,55.62,62.94
72.68,72.68,54.43,54.92,67.00
73.32,73.32,64.86,63.29,68.63
78.53,78.53,69.89,72.88,71.17
82.42,82.42,65.96,72.82,72.71
83.22,83.22,63.43,72.98,70.01
82.43,82.43,56.55,72.90,69.51
82.37,82.37,51.73,72.46,67.91
81.76,81.76,48.18,72.84,67.88
79.18,79.18,39.07,71.88,68.63
76.29,76.29,42.21,70.84,68.40
76.21,76.21,38.97,70.97,69.47
79.46,79.46,39.49,72.53,68.10
76.35,76.35,46.75,70.09,68.19
78.10,78.10,53.76,69.34,67.86
78.47,78.47,60.90,63.66,66.34
75.45,75.45,70.87,61.91,69.94
70.25,70.25,71.67,66.17,72.23
75.69,75.69,68.74,70.01,70.37
70.90,70.90,61.71,72.46,71.75
71.52,71.52,59.29,71.76,72.94
73.83,73.83,54.84,68.39,72.80
73.77,73.77,50.69,71.85,69.70
69.63,69.63,49.20,69.72,70.87
69.70,69.70,46.94,72.52,70.21
73.36,73.36,43.97,71.11,69.09
71.57,71.57,43.14,72.01,68.60
74.11,74.11,42.30,71.23,68.89
72.63,72.63,47.40,70.98,67.53
72.43,72.43,52.10,73.79,65.59
71.74,71.74,68.60,71.61,66.82
69.94,69.94,70.14,70.87,67.42
67.36,67.36,69.61,70.28,67.96
65.74,65.74,68.72,70.83,67.98
72.39,72.39,67.67,73.57,66.06
73.61,73.61,64.63,73.19,68.18
73.50,73.50,63.70,70.84,67.51
74.66,74.66,62.45,68.48,66.92
73.46,73.46,61.69,70.34,64.33
73.17,73.17,60.07,70.74,66.60
72.08,72.08,59.81,72.45,67.46
73.41,73.41,60.59,72.80,63.94
71.35,71.35,63.33,68.73,62.70
70.51,70.51,69.74,70.58,66.31
70.76,70.76,79.74,66.19,75.64
73.69,73.69,76.53,69.04,74.46
70.84,70.84,70.04,70.01,71.40
68.74,68.74,64.45,66.42,71.34
72.11,72.11,61.62,65.08,72.71
72.59,72.59,59.46,59.35,71.81
70.93,70.93,56.78,59.19,69.09
69.63,69.63,53.72,57.02,62.94
72.42,72.42,50.30,58.13,59.26
73.64,73.64,49.19,47.18,55.63
72.44,72.44,49.63,48.18,52.78
74.45,74.45,50.38,46.39,50.67
74.57,74.57,57.82,54.17,46.96
74.05,74.05,71.83,57.95,57.21
72.70,72.70,75.85,71.72,57.09
71.94,71.94,70.57,75.75,55.38
73.25,73.25,67.07,71.89,52.14
72.74,72.74,62.37,75.55,52.24
71.37,71.37,57.39,76.64,47.72
72.70,72.70,50.82,76.02,50.95
72.66,72.66,46.76,76.49,48.75
68.32,68.32,42.98,73.87,49.88
70.69,70.69,40.14,74.86,50.56
72.72,72.72,38.81,73.25,47.98
73.00,73.00,41.58,73.18,49.31
70.39,70.39,56.87,72.54,57.22
70.19,70.19,64.50,67.49,65.85
68.29,68.29,69.40,60.56,70.20
71.17,71.17,73.91,69.37,69.61
72.43,72.43,68.95,69.49,73.21
71.68,71.68,61.18,71.91,72.85
71.63,71.63,60.45,74.28,71.66
72.39,72.39,55.99,73.18,72.52
74.43,74.43,52.87,73.02,75.41
75.14,75.14,45.44,74.72,75.52
74.82,74.82,43.43,72.68,73.42
73.16,73.16,43.62,70.95,73.50
71.06,71.06,42.30,73.23,71.86
71.68,71.68,45.78,71.94,73.45
70.79,70.79,51.94,73.65,71.65
70.13,70.13,63.70,69.66,73.26
69.88,69.88,70.24,69.22,76.52
67.27,67.27,71.41,68.57,75.81
65.61,65.61,68.10,64.84,78.09
63.71,63.71,65.12,65.66,76.82
65.14,65.14,62.87,62.58,76.34
65.94,65.94,61.58,67.39,74.76
63.80,63.80,59.03,68.26,75.89
63.75,63.75,57.66,71.30,76.58
69.31,69.31,56.62,71.55,76.44
72.02,72.02,56.08,69.42,75.18
71.63,71.63,55.54,69.79,73.60
70.04,70.04,57.41,69.10,73.83
70.94,70.94,64.89,71.87,72.37
67.31,67.31,75.09,71.55,69.75
65.02,65.02,81.56,62.96,66.81
65.79,65.79,80.47,64.02,65.86
64.90,64.90,71.94,61.50,63.43
70.36,70.36,66.72,50.33,63.71
72.26,72.26,63.35,51.47,60.28
72.76,72.76,58.58,42.92,59.24
73.98,73.98,55.57,32.62,60.21
74.29,74.29,50.18,35.37,59.26
71.05,71.05,49.73,30.34,58.64
69.80,69.80,48.17,27.32,61.99
65.85,65.85,49.10,36.51,62.58
67.81,67.81,52.59,42.97,62.81
70.97,70.97,58.61,48.13,65.09
68.17,68.17,70.55,59.19,66.84
63.94,63.94,77.62,69.38,70.00
57.23,57.23,71.80,72.72,70.31
51.51,51.51,64.58,75.23,72.84
57.51,57.51,56.08,75.14,71.67
63.42,63.42,55.43,73.88,72.69
67.26,67.26,54.41,73.14,72.05
61.97,61.97,52.25,72.31,70.53
59.18,59.18,51.61,72.68,68.53
55.63,55.63,51.21,74.17,67.33
55.92,55.92,51.75,73.16,67.08
61.28,61.28,55.33,73.72,66.29
60.69,60.69,57.11,65.63,69.18
66.34,66.34,63.39,60.78,70.30
69.45,69.45,66.98,60.19,76.58
73.82,73.82,72.79,66.53,75.07
73.42,73.42,65.73,67.43,75.09
74.49,74.49,60.32,69.30,74.78
75.61,75.61,58.93,75.63,71.75
75.08,75.08,53.22,74.84,72.43
75.14,75.14,48.14,74.54,68.56
72.56,72.56,42.55,75.75,71.88
70.08,70.08,38.58,73.11,71.06
73.66,73.66,36.24,73.55,70.49
76.17,76.17,37.96,74.76,68.96
73.81,73.81,41.21,70.22,69.38
71.94,71.94,46.93,70.66,68.30
68.23,68.23,51.41,72.11,66.13
64.69,64.69,67.16,72.92,69.51
55.57,55.57,70.23,70.24,67.18
51.80,51.80,69.36,69.74,65.81
46.16,46.16,67.65,74.47,64.14
44.59,44.59,66.67,74.35,65.04
43.50,43.50,67.74,74.49,65.15
47.01,47.01,65.69,73.60,66.91
42.12,42.12,62.76,73.79,66.51
41.32,41.32,61.51,72.86,65.80
39.19,39.19,62.95,72.84,64.54
36.41,36.41,60.46,70.78,67.02
34.57,34.57,59.30,71.07,65.27
35.09,35.09,60.28,73.16,63.15
41.06,41.06,66.36,70.07,65.26
53.49,53.49,76.13,68.98,74.86
57.50,57.50,75.84,64.95,74.63
60.56,60.56,72.88,66.72,74.48
59.38,59.38,68.66,63.16,75.60
56.00,56.00,62.57,59.74,75.36
58.05,58.05,58.15,61.97,78.81
60.59,60.59,54.35,61.87,74.55
55.86,55.86,49.60,51.88,74.29
47.25,47.25,49.57,54.82,74.34
36.14,36.14,46.43,52.08,74.90
35.69,35.69,44.36,47.90,75.36
39.83,39.83,46.96,47.49,71.43
46.22,46.22,55.79,43.60,63.41
63.10,63.10,64.92,49.98,64.89
63.33,63.33,72.86,65.40,61.60
64.50,64.50,69.45,68.25,63.24
61.38,61.38,64.05,70.08,70.97
57.53,57.53,59.29,75.43,72.83
56.76,56.76,55.72,76.78,73.25
54.46,54.46,47.61,74.41,70.78
46.18,46.18,43.26,73.31,70.03
44.52,44.52,41.01,71.94,71.75
51.75,51.75,39.46,73.51,71.13
63.28,63.28,38.57,71.21,69.24
68.12,68.12,45.32,71.56,67.16
70.89,70.89,51.18,71.35,63.34
75.59,75.59,55.96,68.05,59.17
79.56,79.56,61.73,61.50,63.12
78.84,78.84,77.27,67.08,65.26
79.75,79.75,75.34,70.50,68.87
81.31,81.31,71.02,75.17,68.20
75.61,75.61,62.15,74.98,65.45
79.63,79.63,53.03,69.77,65.13
79.61,79.61,51.35,70.78,65.11
72.78,72.78,46.19,68.81,64.95
68.96,68.96,43.35,72.60,64.83
71.37,71.37,42.57,70.41,65.15
70.61,70.61,43.86,70.70,64.71
65.41,65.41,44.08,73.04,63.33
49.32,49.32,39.41,72.31,64.21
52.52,52.52,47.27,70.02,64.09
59.84,59.84,62.86,68.94,64.56
60.85,60.85,68.61,69.35,67.15
65.30,65.30,70.26,68.15,73.71
78.51,78.51,66.97,69.86,75.55
80.59,80.59,65.76,68.17,70.93
76.27,76.27,66.24,69.13,71.14
74.92,74.92,65.50,71.64,67.81
74.39,74.39,63.04,68.31,66.02
75.40,75.40,62.31,69.09,68.78
74.78,74.78,62.04,68.84,62.66
74.15,74.15,60.67,71.76,64.69
74.35,74.35,59.78,70.88,61.69
64.96,64.96,59.73,65.72,60.70
71.07,71.07,64.07,67.10,60.52
76.64,76.64,74.54,69.45,63.01
79.22,79.22,81.89,67.91,66.53
81.19,81.19,73.42,63.67,64.73
79.74,79.74,66.91,68.82,58.56
78.78,78.78,64.95,63.12,64.30
78.91,78.91,59.34,64.57,61.60
77.34,77.34,54.51,61.48,55.32
75.36,75.36,50.95,59.97,60.92
68.19,68.19,47.31,60.10,59.78
65.81,65.81,44.41,57.81,58.97
60.07,60.07,42.43,49.52,56.48
51.67,51.67,42.41,47.73,53.21
52.04,52.04,46.44,51.94,54.80
62.92,62.92,56.97,59.23,64.54
75.35,75.35,73.26,67.38,66.11
75.88,75.88,73.76,72.98,70.85
78.73,78.73,67.95,71.67,73.55
79.06,79.06,61.22,74.09,74.63
80.57,80.57,56.57,73.59,74.34
78.47,78.47,53.96,72.37,74.13
77.99,77.99,51.91,69.53,74.65
78.28,78.28,48.99,72.86,72.33
78.39,78.39,47.34,74.89,72.10
76.37,76.37,46.42,69.80,69.28
72.18,72.18,43.85,72.14,70.10
69.54,69.54,51.52,71.37,69.68
68.12,68.12,57.92,65.81,71.20
68.36,68.36,64.15,60.88,70.80
68.36,68.36,72.83,63.29,72.17
69.97,69.97,72.48,65.23,72.75
73.72,73.72,70.41,72.09,71.02
73.78,73.78,62.40,74.18,68.34
70.57,70.57,58.54,69.30,68.25
68.60,68.60,50.35,68.91,66.78
66.58,66.58,50.49,72.89,65.36
64.71,64.71,45.30,75.28,65.77
69.72,69.72,44.42,74.48,65.23
72.58,72.58,42.09,72.50,66.45
73.98,73.98,43.13,72.49,67.22
71.95,71.95,51.84,72.44,68.00
66.63,66.63,61.27,69.98,69.07
54.03,54.03,71.28,74.36,68.99
55.23,55.23,70.46,73.66,70.84
56.77,56.77,70.62,66.49,71.36
61.86,61.86,69.18,70.10,70.82
60.24,60.24,68.95,73.88,68.91
59.50,59.50,67.96,73.30,68.14
53.66,53.66,65.59,73.07,66.73
50.89,50.89,64.13,71.68,67.31
47.63,47.63,63.31,72.45,65.52
44.36,44.36,62.52,70.98,64.35
55.96,55.96,62.01,72.30,65.87
52.15,52.15,61.39,74.53,68.01
38.32,38.32,61.34,73.98,64.08
34.08,34.08,67.21,71.99,64.74
39.62,39.62,75.79,68.23,70.37
32.08,32.08,78.19,67.72,74.48
35.85,35.85,74.10,69.05,75.32
36.14,36.14,70.14,62.09,74.64
34.46,34.46,65.04,57.34,73.00
32.82,32.82,61.61,58.61,72.05
30.75,30.75,57.81,49.08,70.15
29.82,29.82,54.40,55.04,71.61
27.58,27.58,53.68,52.26,69.97
25.97,25.97,51.04,54.46,69.85
28.72,28.72,53.61,48.11,69.63
33.04,33.04,53.89,46.66,67.27
40.15,40.15,58.73,48.57,62.15
46.00,46.00,66.51,58.81,57.80
56.11,56.11,77.88,72.57,61.17
61.84,61.84,74.47,73.83,72.29
70.28,70.28,66.61,69.44,72.85
69.88,69.88,60.26,68.58,75.22
68.42,68.42,58.20,74.81,73.23
69.15,69.15,54.15,74.29,72.17
67.03,67.03,48.99,74.51,73.17
71.01,71.01,48.55,73.70,72.49
68.62,68.62,47.38,72.69,70.70
67.48,67.48,45.83,70.85,67.62
66.32,66.32,44.06,71.87,66.63
69.47,69.47,45.24,72.61,64.22
70.77,70.77,57.54,72.70,61.70
70.47,70.47,66.60,67.75,62.84
71.99,71.99,69.16,64.39,67.70
72.76,72.76,71.98,58.41,66.85
76.19,76.19,69.15,59.72,66.23
78.21,78.21,63.13,55.50,69.30
74.18,74.18,60.51,54.41,63.30
76.98,76.98,52.55,55.93,63.46
73.47,73.47,47.49,61.40,60.77
74.41,74.41,47.13,73.36,63.81
76.08,76.08,45.00,74.09,60.65
74.46,74.46,44.10,73.36,61.25
76.30,76.30,43.91,68.04,58.65
75.55,75.55,46.37,65.83,60.69
71.83,71.83,57.94,66.56,60.83
76.75,76.75,69.78,65.30,64.88
76.70,76.70,70.28,59.25,68.65
72.80,72.80,71.31,61.10,72.96
73.32,73.32,69.83,65.67,74.28
72.85,72.85,67.47,69.92,74.30
74.91,74.91,67.27,64.34,73.71
72.72,72.72,64.52,69.48,72.46
74.64,74.64,62.56,68.01,71.01
77.15,77.15,62.11,65.00,71.48
78.17,78.17,60.25,70.37,69.49
74.97,74.97,58.22,66.45,67.88
71.55,71.55,59.76,70.25,63.57
65.32,65.32,63.15,68.51,59.11
68.38,68.38,69.27,59.37,63.29
71.19,71.19,76.18,58.71,67.84
76.63,76.63,76.47,67.79,70.92
76.04,76.04,73.02,70.63,64.66
79.32,79.32,67.73,71.19,65.05
77.71,77.71,63.16,68.94,60.85
73.55,73.55,58.09,72.84,60.70
61.65,61.65,54.61,71.52,63.06
63.58,63.58,56.73,71.17,55.96
66.10,66.10,51.76,72.70,56.21
63.74,63.74,49.02,69.98,48.60
64.39,64.39,49.45,65.94,45.34
61.61,61.61,48.35,65.79,46.18
56.15,56.15,50.83,63.84,47.66
56.98,56.98,61.71,65.79,62.41
56.42,56.42,71.66,66.72,67.66
56.28,56.28,70.40,69.92,70.50
68.33,68.33,66.46,71.03,71.57
72.51,72.51,61.38,70.77,70.12
70.80,70.80,56.05,70.45,69.90
69.57,69.57,50.91,70.91,68.34
69.45,69.45,45.13,72.25,70.94
75.11,75.11,42.41,72.86,68.02
77.71,77.71,41.92,71.92,68.28
75.65,75.65,40.75,71.49,68.43
75.64,75.64,47.27,70.50,68.03
76.40,76.40,51.92,65.05,68.78
76.93,76.93,57.19,64.54,69.39
76.68,76.68,65.65,63.52,68.02
78.08,78.08,73.49,71.01,71.01
76.81,76.81,74.30,72.97,71.58
76.03,76.03,68.72,74.60,71.81
72.33,72.33,62.03,73.98,69.02
68.38,68.38,55.96,73.75,68.58
72.14,72.14,51.99,74.16,68.91
78.27,78.27,45.44,73.42,68.59
77.66,77.66,45.30,72.34,69.69
72.22,72.22,43.50,70.88,68.32
72.16,72.16,40.81,72.01,68.47
65.18,65.18,40.71,72.53,66.59
64.04,64.04,45.86,71.72,67.54
65.42,65.42,57.69,70.25,67.42
65.63,65.63,69.20,69.87,67.05
67.26,67.26,73.06,70.38,69.48
68.03,68.03,71.96,68.57,68.62
67.62,67.62,69.50,70.13,67.50
71.72,71.72,67.67,70.68,68.55
73.73,73.73,67.44,70.49,69.58
72.08,72.08,66.39,70.06,67.50
65.93,65.93,63.51,70.94,66.75
63.12,63.12,63.91,69.13,65.33
66.42,66.42,63.10,70.92,65.10
69.47,69.47,63.05,69.61,64.03
66.68,66.68,62.29,69.35,61.54
69.18,69.18,61.94,68.65,60.61
73.65,73.65,66.50,70.99,62.69
77.45,77.45,73.17,69.65,67.26
70.98,70.98,78.64,67.25,67.66
71.99,71.99,76.05,63.10,72.96
70.03,70.03,71.18,49.19,72.96
59.60,59.60,69.30,40.86,72.31
57.89,57.89,63.78,40.85,66.40
57.77,57.77,60.50,47.61,65.16
60.73,60.73,55.45,45.21,64.91
66.93,66.93,50.86,49.56,64.00
67.71,67.71,50.30,44.39,63.47
69.58,69.58,50.65,46.63,60.43
67.73,67.73,49.62,43.81,53.87
66.96,66.96,55.45,40.92,52.37
64.30,64.30,59.63,42.06,49.26
62.16,62.16,66.48,57.19,56.23
61.00,61.00,76.97,68.41,59.84
65.85,65.85,70.99,73.93,67.30
66.00,66.00,66.39,76.25,69.20
70.79,70.79,59.90,76.17,67.08
75.07,75.07,56.33,74.69,64.52
75.03,75.03,49.95,74.19,61.25
74.35,74.35,47.33,73.81,58.26
73.82,73.82,44.25,73.43,54.05
71.33,71.33,40.32,72.61,53.09
70.81,70.81,37.10,72.02,51.94
74.02,74.02,41.14,70.84,48.31
70.27,70.27,50.49,66.31,53.08
69.25,69.25,62.44,56.75,54.49
68.34,68.34,66.18,62.41,65.05
69.92,69.92,76.34,71.23,67.44
69.48,69.48,72.57,72.83,66.91
70.63,70.63,67.02,69.30,62.96
69.98,69.98,55.38,70.32,61.65
66.34,66.34,54.59,70.23,61.87
69.94,69.94,52.81,68.44,62.59
68.98,68.98,51.58,67.84,60.58
70.86,70.86,46.44,68.05,60.27
72.77,72.77,42.42,66.36,59.56
73.99,73.99,41.39,67.33,59.21
73.65,73.65,41.75,65.80,56.32
73.32,73.32,44.70,67.45,60.29
68.12,68.12,60.38,69.80,65.80
67.48,67.48,67.16,69.29,68.89
61.58,61.58,70.05,69.66,72.31
69.11,69.11,69.89,68.98,72.63
73.71,73.71,69.40,70.32,71.80
71.77,71.77,67.29,71.02,73.65
76.54,76.54,66.22,70.22,75.07
76.36,76.36,64.15,71.10,73.62
77.62,77.62,63.32,71.78,71.28
75.22,75.22,63.52,71.33,71.52
73.81,73.81,64.24,68.26,72.31
71.57,71.57,59.30,68.87,72.19
69.23,69.23,58.82,69.94,71.99
66.05,66.05,61.41,65.79,68.56
63.59,63.59,66.09,64.29,63.50
58.81,58.81,72.90,59.67,65.14
59.16,59.16,82.15,64.58,69.31
51.53,51.53,72.10,70.06,68.87
50.95,50.95,68.60,70.30,75.10
46.90,46.90,65.24,71.83,77.55
42.40,42.40,60.11,71.64,76.04
41.22,41.22,54.25,73.33,76.85
40.95,40.95,50.66,70.09,76.82
37.92,37.92,44.29,71.06,75.13
35.30,35.30,41.36,69.04,75.66
37.35,37.35,40.00,64.08,75.34
40.49,40.49,47.82,60.17,70.45
36.38,36.38,57.06,52.01,59.40
32.91,32.91,65.66,57.38,66.73
30.78,30.78,75.37,61.40,72.06
30.50,30.50,73.51,68.88,73.87
29.37,29.37,65.82,70.07,74.08
26.78,26.78,56.96,70.05,76.21
25.97,25.97,53.74,73.38,77.35
25.23,25.23,47.29,70.68,77.94
25.18,25.18,43.25,71.05,77.49
24.35,24.35,37.68,72.02,77.03
22.82,22.82,34.76,71.02,75.19
27.37,27.37,35.30,70.98,74.23
30.55,30.55,40.84,70.28,73.89
26.98,26.98,51.31,66.90,72.66
19.74,19.74,57.71,65.73,71.60
19.26,19.26,66.42,63.97,70.50
15.20,15.20,76.36,62.76,72.11
14.80,14.80,73.95,66.47,71.78
19.18,19.18,69.91,66.72,71.42
23.07,23.07,62.76,69.90,72.28
25.45,25.45,54.88,68.48,72.64
28.90,28.90,53.32,67.60,71.97
29.83,29.83,49.18,69.72,70.35
30.88,30.88,49.16,69.08,71.73
29.33,29.33,45.14,66.53,69.25
28.20,28.20,43.34,66.29,69.31
28.88,28.88,40.83,67.22,70.06
25.24,25.24,41.78,67.43,68.44
17.98,17.98,43.75,67.81,68.30
12.81,12.81,49.38,65.02,72.03
17.39,17.39,70.03,69.40,73.36
22.66,22.66,70.99,68.95,72.89
14.82,14.82,67.95,67.28,74.74
14.12,14.12,67.53,68.96,72.01
16.99,16.99,65.96,69.86,74.74
17.82,17.82,64.94,69.78,72.93
18.55,18.55,62.35,69.92,72.17
18.66,18.66,60.66,69.17,71.90
20.70,20.70,60.55,69.57,71.79
25.82,25.82,58.84,69.49,68.34
25.15,25.15,56.99,70.28,62.83
23.46,23.46,57.62,70.50,60.23
20.35,20.35,62.61,70.16,58.94
22.00,22.00,73.91,67.50,64.94
22.38,22.38,80.63,68.96,77.11
16.51,16.51,74.70,69.41,74.73
16.69,16.69,69.72,65.50,70.05
15.57,15.57,67.93,60.07,74.32
17.56,17.56,63.96,54.50,69.46
22.94,22.94,59.63,45.92,61.81
26.23,26.23,55.02,30.44,62.75
30.47,30.47,50.16,31.60,59.96
30.96,30.96,47.65,43.48,60.73
33.31,33.31,48.05,47.14,56.63
30.54,30.54,47.11,35.94,55.80
26.65,26.65,55.30,35.00,55.15
21.66,21.66,61.02,55.13,65.09
13.65,13.65,76.08,66.75,72.66
21.80,21.80,74.43,73.93,74.36
24.86,24.86,68.41,75.28,73.36
27.89,27.89,61.94,75.05,73.69
29.43,29.43,56.74,74.43,72.02
29.38,29.38,51.98,75.08,72.87
28.67,28.67,45.76,74.13,73.82
28.56,28.56,43.65,74.60,74.72
27.36,27.36,42.32,73.80,74.59
32.74,32.74,38.74,73.01,74.30
40.78,40.78,33.35,73.90,74.50
46.75,46.75,38.14,74.03,73.87
65.25,65.25,49.60,73.53,74.14
78.65,78.65,66.20,70.92,72.95
78.02,78.02,74.06,67.27,74.41
78.69,78.69,77.34,65.59,74.65
78.44,78.44,70.21,60.18,74.47
74.94,74.94,67.30,59.94,73.11
72.71,72.71,57.49,57.16,77.33
72.62,72.62,59.04,52.93,73.88
72.96,72.96,53.59,39.54,75.55
73.89,73.89,56.26,43.36,73.59
74.06,74.06,51.11,41.88,74.50
74.82,74.82,47.23,40.50,73.68
72.52,72.52,49.99,41.64,73.58
74.10,74.10,46.20,45.07,72.58
74.52,74.52,51.03,54.74,73.11
74.41,74.41,62.20,63.93,72.03
71.99,71.99,71.31,71.36,71.86
71.44,71.44,71.19,73.83,74.48
73.93,73.93,69.93,72.79,75.74
76.82,76.82,66.56,73.34,73.16
77.30,77.30,65.74,71.52,76.66
78.69,78.69,64.42,71.06,74.15
80.76,80.76,62.94,71.28,73.15
81.91,81.91,62.02,70.44,70.31
81.37,81.37,61.83,69.35,70.49
80.23,80.23,58.53,67.47,68.68
77.10,77.10,58.80,64.00,70.86
74.01,74.01,60.23,66.01,69.48
72.38,72.38,63.71,63.34,66.18
71.10,71.10,70.16,64.92,63.88
71.40,71.40,80.14,72.82,69.09
70.02,70.02,76.61,70.85,67.62
69.67,69.67,68.02,69.40,63.42
72.92,72.92,66.45,70.22,67.44
68.09,68.09,61.66,69.08,57.95
66.03,66.03,59.77,66.84,59.79
67.24,67.24,56.82,68.85,56.05
65.42,65.42,55.99,67.55,54.59
63.68,63.68,52.53,65.99,54.06
67.45,67.45,60.94,60.12,53.10
66.92,66.92,56.72,60.47,48.26
65.76,65.76,53.75,52.75,46.85
63.97,63.97,58.98,51.76,54.97
66.68,66.68,72.95,63.14,64.48
74.74,74.74,74.90,63.94,70.44
73.49,73.49,67.50,70.98,71.09
78.47,78.47,61.97,72.61,70.96
80.13,80.13,52.99,69.88,72.46
77.90,77.90,51.15,71.86,69.07
72.70,72.70,47.53,72.88,71.13
74.69,74.69,43.88,71.93,68.95
74.18,74.18,39.43,71.58,71.70
75.49,75.49,38.63,71.85,70.44
78.68,78.68,37.49,69.79,68.78
80.20,80.20,44.22,68.72,69.42
79.75,79.75,56.59,67.08,69.02
79.95,79.95,62.74,59.15,67.56
80.24,80.24,74.17,65.59,72.22
80.51,80.51,74.58,67.53,71.73
77.49,77.49,71.88,72.90,65.77
72.13,72.13,63.69,72.94,67.02
68.12,68.12,53.70,76.69,65.38
70.11,70.11,50.36,74.42,70.08
73.01,73.01,47.75,73.08,70.01
71.68,71.68,50.01,73.04,69.97
71.03,71.03,46.79,71.03,66.44
71.62,71.62,42.74,73.52,68.76
70.24,70.24,38.10,73.34,66.82
71.63,71.63,41.10,73.09,66.56
72.17,72.17,47.01,72.80,66.21
72.03,72.03,53.05,72.71,67.76
73.73,73.73,69.53,73.40,65.08
74.79,74.79,72.74,71.21,67.89
74.45,74.45,71.02,72.12,65.62
76.37,76.37,69.90,73.38,65.44
74.40,74.40,68.99,73.82,67.49
73.95,73.95,68.29,73.77,68.95
70.04,70.04,66.79,73.02,67.64
73.12,73.12,65.39,73.42,67.59
70.97,70.97,66.27,72.98,65.65
65.07,65.07,65.22,73.52,65.46
68.89,68.89,62.55,72.54,63.76
65.31,65.31,61.95,73.34,64.58
63.22,63.22,62.72,73.82,60.60
71.61,71.61,70.00,72.78,65.65
78.48,78.48,77.73,74.93,69.44
81.00,81.00,76.56,70.21,69.60
81.18,81.18,72.20,66.09,67.29
70.20,70.20,66.62,67.00,62.43
62.36,62.36,63.84,57.55,64.44
57.54,57.54,58.83,44.76,59.55
58.64,58.64,54.48,52.22,64.09
63.63,63.63,50.61,51.79,59.20
67.52,67.52,47.70,45.21,62.39
68.79,68.79,48.02,41.59,61.26
69.40,69.40,48.07,38.59,59.79
67.72,67.72,47.55,47.55,57.11
66.28,66.28,53.92,53.40,52.99
62.58,62.58,68.19,60.17,53.74
62.47,62.47,75.73,67.81,55.27
60.62,60.62,67.28,69.26,62.58
65.77,65.77,65.08,73.00,59.78
67.77,67.77,60.33,73.33,58.85
72.10,72.10,56.51,73.88,54.99
67.40,67.40,49.85,73.34,50.03
74.13,74.13,50.22,73.42,50.00
72.25,72.25,44.12,72.05,49.89
72.92,72.92,41.63,72.13,48.31
76.80,76.80,41.29,73.13,47.33
68.86,68.86,44.28,73.71,51.85
71.35,71.35,53.97,69.96,54.62
70.32,70.32,61.89,65.04,62.86
69.11,69.11,68.72,62.45,66.99
72.86,72.86,73.68,66.39,68.88
69.40,69.40,71.08,68.02,68.90
69.52,69.52,64.60,66.51,68.25
69.61,69.61,56.54,67.19,65.76
69.48,69.48,53.18,71.57,65.97
70.64,70.64,48.22,73.67,67.69
69.90,69.90,50.08,70.76,65.81
67.39,67.39,46.86,69.75,65.84
70.79,70.79,42.74,70.30,63.08
71.29,71.29,40.62,71.19,62.20
75.82,75.82,42.16,72.55,63.66
70.45,70.45,45.05,72.07,62.14
68.71,68.71,55.12,68.87,61.76
61.56,61.56,69.99,66.82,70.47
62.30,62.30,71.36,68.02,76.89
66.03,66.03,71.51,68.36,76.01
74.40,74.40,69.29,71.49,76.65
74.50,74.50,68.42,69.63,74.86
73.33,73.33,66.99,69.22,75.94
75.64,75.64,66.43,68.59,74.30
77.49,77.49,65.35,72.88,75.32
73.09,73.09,63.10,72.00,73.76
74.12,74.12,62.86,70.67,72.12
69.71,69.71,62.89,72.42,68.94
69.61,69.61,61.61,72.94,65.68
66.99,66.99,63.69,71.10,66.14
60.47,60.47,68.22,70.29,67.45
58.85,58.85,75.66,68.31,73.64
57.24,57.24,76.31,66.92,74.68
52.17,52.17,71.91,68.88,74.42
51.75,51.75,68.26,68.53,75.16
46.97,46.97,64.23,66.59,74.20
46.70,46.70,59.62,65.72,73.74
42.25,42.25,54.61,62.48,73.84
41.92,41.92,50.29,58.71,73.35
40.26,40.26,49.71,56.45,72.90
43.50,43.50,44.81,52.31,72.08
47.22,47.22,47.58,51.92,69.01
41.96,41.96,49.30,49.81,52.20
39.93,39.93,56.56,45.28,56.35
39.41,39.41,68.79,53.32,63.80
40.55,40.55,75.70,69.64,72.02
35.43,35.43,69.94,73.14,75.48
35.70,35.70,65.19,76.02,76.40
34.79,34.79,56.43,73.46,76.78
37.23,37.23,51.11,73.45,76.43
36.24,36.24,46.26,72.63,76.62
33.61,33.61,44.12,72.16,75.77
32.44,32.44,41.49,66.95,77.01
28.97,28.97,37.18,69.53,75.48
28.18,28.18,33.62,70.04,76.70
26.00,26.00,34.12,71.80,72.72
28.21,28.21,47.74,71.12,70.30
21.60,21.60,60.37,70.69,68.17
19.07,19.07,66.52,73.21,68.42
14.46,14.46,75.29,69.78,68.12
11.60,11.60,73.03,71.16,69.35
15.75,15.75,69.59,70.26,65.64
19.25,19.25,62.55,69.42,67.90
19.48,19.48,54.18,69.68,65.57
20.22,20.22,51.88,67.79,67.16
20.48,20.48,50.59,68.30,66.25
23.33,23.33,50.25,67.75,67.94
24.43,24.43,45.17,67.72,67.37
26.26,26.26,39.49,67.29,65.77
25.28,25.28,35.57,71.21,68.96
23.45,23.45,38.45,67.70,67.11
19.67,19.67,51.52,67.94,68.31
16.94,16.94,68.31,66.90,68.83
19.45,19.45,72.33,67.11,74.24
16.74,16.74,71.39,68.39,74.70
14.75,14.75,69.63,66.35,75.07
19.24,19.24,68.25,69.01,74.02
19.72,19.72,69.23,70.10,73.22
20.09,20.09,66.87,70.92,74.40
20.79,20.79,64.63,70.43,73.94
22.00,22.00,66.00,70.17,71.10
23.17,23.17,64.69,72.07,70.30
21.97,21.97,63.89,72.07,68.52
19.98,19.98,64.21,72.93,61.81
17.56,17.56,63.69,70.90,62.63
16.67,16.67,66.12,70.97,63.19
15.63,15.63,77.96,67.63,68.45
15.53,15.53,78.33,69.88,68.94
14.46,14.46,72.45,76.87,66.46
11.00,11.00,68.75,76.10,66.10
13.91,13.91,64.68,74.02,63.70
13.76,13.76,59.88,66.46,63.59
16.43,16.43,54.59,60.88,59.42
20.75,20.75,51.51,55.47,56.18
25.85,25.85,50.10,50.82,57.39
27.92,27.92,47.28,50.01,52.10
30.34,30.34,46.42,49.77,51.08
28.07,28.07,50.32,52.73,52.06
24.29,24.29,53.42,53.86,50.14
22.59,22.59,63.08,55.61,56.44
20.84,20.84,77.95,71.10,67.79
22.25,22.25,72.27,71.83,69.32
25.41,25.41,62.45,72.39,69.99
27.81,27.81,58.42,72.81,70.13
28.72,28.72,54.78,75.47,69.87
30.09,30.09,48.89,74.14,69.29
28.92,28.92,44.74,72.59,70.01
29.48,29.48,47.62,72.81,70.38
33.48,33.48,38.76,71.86,70.20
44.60,44.60,36.76,71.77,68.92
51.35,51.35,44.76,70.54,69.21
64.65,64.65,53.87,70.51,68.53
75.62,75.62,63.10,68.89,71.57
79.11,79.11,69.20,68.89,67.34
75.60,75.60,76.30,70.02,68.58
77.98,77.98,68.69,69.35,70.18
75.65,75.65,62.36,70.05,72.07
77.16,77.16,60.75,74.20,70.98
75.54,75.54,52.31,76.04,70.60
78.09,78.09,46.62,73.63,70.74
76.75,76.75,48.72,72.57,70.57
78.04,78.04,46.33,71.77,71.55
75.13,75.13,40.48,75.10,67.29
76.78,76.78,41.25,71.59,69.32
78.08,78.08,41.80,72.66,68.09
75.54,75.54,45.88,71.17,68.77
75.90,75.90,55.81,71.60,66.50
79.69,79.69,66.85,69.97,69.15
72.32,72.32,72.32,70.66,71.52
71.80,71.80,70.73,66.18,71.78
73.99,73.99,69.22,70.25,71.59
76.26,76.26,69.91,71.72,72.59
74.89,74.89,66.89,71.99,70.25
75.34,75.34,67.45,70.45,69.79
76.10,76.10,65.14,71.93,70.88
75.67,75.67,66.18,69.98,70.62
73.43,73.43,65.56,71.52,69.43
73.43,73.43,65.11,74.21,67.44
75.78,75.78,62.78,73.70,67.50
74.22,74.22,64.45,73.66,66.71
77.39,77.39,66.86,74.57,65.65
75.34,75.34,74.54,73.63,65.51
80.09,80.09,76.42,70.65,63.34
79.92,79.92,70.88,70.55,61.58
75.94,75.94,69.08,72.81,60.41
73.92,73.92,64.10,71.11,60.43
66.51,66.51,61.27,69.94,55.51
66.33,66.33,58.34,64.59,55.35
67.87,67.87,57.80,61.78,48.64
65.36,65.36,54.51,60.91,50.78
65.34,65.34,54.84,50.66,47.63
65.91,65.91,53.52,53.76,49.68
66.66,66.66,57.01,58.46,50.70
62.36,62.36,54.73,52.28,50.08
60.19,60.19,61.54,51.62,60.54
56.97,56.97,76.46,63.94,69.14
62.41,62.41,70.61,70.89,65.86
70.56,70.56,62.70,73.55,71.10
76.67,76.67,55.68,77.26,67.13
77.31,77.31,54.60,75.99,67.22
80.87,80.87,49.09,74.57,65.87
81.18,81.18,45.30,74.10,63.27
82.62,82.62,42.54,73.48,65.16
81.20,81.20,41.82,74.10,63.36
79.01,79.01,41.28,71.57,65.53
79.75,79.75,41.77,72.11,65.09
79.95,79.95,48.25,72.61,64.62
79.89,79.89,55.32,73.42,62.78
77.64,77.64,63.70,69.57,65.63
75.74,75.74,73.45,67.11,70.97
75.89,75.89,73.93,68.89,72.15
77.29,77.29,68.97,75.93,73.35
77.29,77.29,62.43,68.87,72.40
75.87,75.87,54.20,74.21,71.85
75.62,75.62,49.81,73.14,70.28
73.37,73.37,50.64,72.92,70.24
68.93,68.93,47.92,73.91,67.49
70.54,70.54,44.68,75.95,62.65
71.79,71.79,44.12,76.16,64.36
70.75,70.75,42.57,74.78,62.97
71.60,71.60,44.17,75.00,65.36
72.06,72.06,48.47,75.14,64.23
73.94,73.94,62.02,74.72,65.26
71.75,71.75,72.65,72.71,64.55
71.26,71.26,71.56,72.46,62.97
76.08,76.08,69.80,73.77,64.02
74.67,74.67,69.83,73.47,61.68
72.20,72.20,67.52,74.43,60.51
74.29,74.29,66.73,73.70,60.28
74.93,74.93,65.46,74.89,59.67
72.32,72.32,65.05,74.96,59.88
71.43,71.43,64.01,75.66,58.11
72.73,72.73,62.43,75.79,57.57
71.65,71.65,63.08,76.33,57.84
62.51,62.51,62.28,76.74,56.84
65.74,65.74,65.22,74.19,64.79
69.78,69.78,73.06,74.39,67.22
77.03,77.03,79.14,73.52,70.98
77.27,77.27,77.59,73.95,74.08
76.04,76.04,71.82,74.30,75.73
65.28,65.28,66.14,75.83,74.94
56.67,56.67,60.74,76.66,72.52
59.06,59.06,56.88,73.76,66.71
63.17,63.17,53.35,73.21,64.91
64.67,64.67,50.48,68.43,59.70
66.97,66.97,46.51,49.49,54.10
68.08,68.08,46.63,53.37,53.61
68.51,68.51,48.19,45.85,51.99
66.45,66.45,51.37,44.77,50.01
62.72,62.72,59.21,54.73,51.00
58.17,58.17,73.75,65.53,61.43
58.42,58.42,71.06,70.49,60.50
67.32,67.32,66.50,72.88,61.95
71.53,71.53,60.97,71.40,59.88
71.26,71.26,56.57,70.97,59.25
70.76,70.76,50.39,69.57,56.87
70.28,70.28,51.74,68.64,56.17
72.26,72.26,44.70,72.97,53.87
69.38,69.38,45.01,72.54,54.39
72.18,72.18,40.08,73.64,52.88
72.03,72.03,40.97,73.05,54.89
70.01,70.01,46.27,73.74,54.62
69.86,69.86,53.22,74.01,56.39
67.04,67.04,61.75,66.65,58.90
70.98,70.98,73.07,65.79,65.00
64.42,64.42,74.90,66.51,67.42
67.05,67.05,70.70,70.36,68.75
68.61,68.61,63.57,68.45,68.07
71.19,71.19,53.45,67.87,70.96
69.28,69.28,50.45,69.74,69.16
65.07,65.07,45.09,69.65,66.55
63.95,63.95,50.97,71.56,64.27
66.03,66.03,40.75,68.87,63.35
70.57,70.57,42.27,69.41,61.11
66.88,66.88,40.65,71.93,59.28
68.86,68.86,42.31,71.02,59.30
72.03,72.03,47.34,70.52,63.14
71.95,71.95,54.78,67.71,66.78
69.24,69.24,70.17,65.55,71.27
72.69,72.69,70.81,67.28,73.72
76.20,76.20,69.90,67.67,72.53
77.64,77.64,67.51,68.12,76.30
78.14,78.14,65.76,68.82,74.37
79.48,79.48,63.92,70.41,72.13
75.51,75.51,64.33,72.67,72.39
71.71,71.71,64.05,72.65,72.19
72.99,72.99,60.67,72.95,73.11
72.09,72.09,60.76,68.99,69.33
67.34,67.34,59.90,66.29,66.35
65.91,65.91,59.43,64.56,65.17
57.53,57.53,59.77,62.56,66.25
54.16,54.16,66.15,62.81,73.60
55.57,55.57,80.78,68.15,78.61
49.09,49.09,77.24,71.74,79.03
48.11,48.11,70.09,69.33,77.23
46.95,46.95,66.74,72.05,76.51
47.32,47.32,62.89,70.82,75.07
45.78,45.78,56.79,69.05,74.63
44.22,44.22,51.86,68.08,74.50
44.95,44.95,49.33,63.57,74.77
45.52,45.52,49.02,54.69,73.52
52.38,52.38,48.67,52.14,65.17
44.52,44.52,45.33,42.87,51.60
38.94,38.94,47.21,45.12,47.73
35.92,35.92,55.01,50.55,51.47
39.31,39.31,73.17,65.31,68.74
37.16,37.16,73.49,73.55,68.30
40.44,40.44,64.72,76.16,74.95
38.00,38.00,59.73,74.08,76.78
34.94,34.94,55.68,77.73,77.78
34.15,34.15,48.48,76.47,78.57
28.45,28.45,42.74,76.21,77.53
29.79,29.79,43.48,76.05,77.55
29.29,29.29,39.22,74.82,76.55
28.73,28.73,39.22,73.60,75.26
28.98,28.98,37.94,73.49,71.39
24.23,24.23,42.66,75.50,71.27
23.98,23.98,49.58,73.41,65.14
19.53,19.53,62.06,71.34,64.23
15.27,15.27,73.09,63.60,68.77
12.88,12.88,76.89,69.36,69.33
12.79,12.79,70.74,72.53,71.13
14.28,14.28,67.14,72.92,72.33
18.32,18.32,56.32,73.73,69.28
18.27,18.27,54.50,74.16,69.76
19.48,19.48,51.65,73.05,67.12
21.99,21.99,50.93,72.65,62.74
22.47,22.47,49.39,71.71,64.73
23.01,23.01,47.51,75.14,63.16
23.87,23.87,46.57,72.45,61.84
23.87,23.87,48.34,73.43,62.34
21.33,21.33,48.71,73.00,62.83
15.12,15.12,55.17,74.95,62.40
18.92,18.92,72.35,73.27,68.61
17.42,17.42,74.42,73.59,71.48
14.15,14.15,71.66,74.27,73.19
15.74,15.74,70.22,73.78,69.46
14.15,14.15,69.65,74.69,70.37
13.83,13.83,68.99,72.29,68.98
15.83,15.83,66.05,74.29,66.68
19.72,19.72,66.09,72.36,63.89
18.92,18.92,64.59,72.87,59.80
24.93,24.93,63.83,73.47,60.45
23.86,23.86,63.52,74.33,58.29
20.56,20.56,62.74,72.59,55.22
14.37,14.37,63.99,72.93,51.96
18.37,18.37,69.96,71.53,57.54
25.99,25.99,79.96,67.49,67.13
14.49,14.49,77.79,67.32,73.09
9.62,9.62,70.33,71.31,70.86
5.45,5.45,67.74,77.95,73.27
7.58,7.58,62.47,72.19,71.24
8.94,8.94,58.44,58.96,61.70
12.74,12.74,55.03,57.58,64.88
14.45,14.45,50.78,53.57,64.80
19.10,19.10,47.91,48.89,57.58
22.07,22.07,47.52,48.27,57.98
21.50,21.50,47.67,50.14,53.06
19.15,19.15,51.95,43.03,52.32
15.97,15.97,59.16,42.93,48.72
16.50,16.50,69.23,59.49,58.15
11.32,11.32,76.22,71.52,66.01
12.01,12.01,69.34,76.15,69.29
7.24,7.24,65.20,77.22,72.69
7.56,7.56,58.89,73.30,72.81
10.91,10.91,60.82,70.13,71.24
12.40,12.40,59.82,74.23,70.49
14.06,14.06,59.36,74.34,73.67
13.62,13.62,59.14,74.13,70.52
12.77,12.77,59.12,72.61,66.08
14.66,14.66,53.74,72.06,66.10
14.97,14.97,52.89,73.85,57.91
10.84,10.84,54.95,72.99,58.88
11.62,11.62,61.06,70.62,64.02
15.12,15.12,72.71,65.66,67.45
11.85,11.85,79.27,66.78,72.06
8.47,8.47,72.35,73.30,72.37
6.31,6.31,63.80,75.05,75.10
12.64,12.64,58.44,74.29,76.82
14.95,14.95,56.31,74.97,74.30
17.12,17.12,53.62,74.16,70.10
17.94,17.94,54.16,73.13,71.02
17.92,17.92,54.14,73.94,65.32
17.37,17.37,52.37,74.31,67.18
17.40,17.40,52.17,74.72,64.68
15.48,15.48,53.85,74.44,66.91
15.00,15.00,55.13,73.90,66.39
13.45,13.45,61.85,73.58,67.09
15.49,15.49,74.26,73.21,71.28
19.34,19.34,74.34,73.65,73.40
14.25,14.25,71.45,74.50,73.57
11.33,11.33,70.79,73.62,74.60
12.12,12.12,70.83,73.29,73.06
9.20,9.20,70.96,74.04,72.19
7.39,7.39,68.60,73.60,70.33
7.66,7.66,68.78,74.25,71.89
6.47,6.47,67.78,74.31,69.27
4.86,4.86,67.10,73.81,67.00
5.94,5.94,66.84,74.57,66.00
6.10,6.10,65.35,73.60,64.65
5.39,5.39,64.87,73.76,61.69
12.37,12.37,70.04,74.15,63.23
17.60,17.60,79.16,73.14,62.80
18.66,18.66,78.56,73.02,62.64
9.40,9.40,72.64,69.42,62.66
9.34,9.34,68.70,60.20,60.72
9.69,9.69,64.98,53.61,58.13
7.04,7.04,59.81,54.68,56.79
10.37,10.37,59.38,56.06,50.75
14.86,14.86,54.62,53.10,51.47
19.39,19.39,51.25,48.79,51.21
23.25,23.25,51.71,50.11,45.19
26.28,26.28,53.41,52.05,51.37
24.88,24.88,55.87,40.01,49.20
20.65,20.65,63.65,57.61,54.09
20.58,20.58,67.76,65.25,59.70
19.40,19.40,75.85,78.25,63.52
14.79,14.79,72.33,73.97,59.68
17.28,17.28,62.91,75.54,68.72
12.67,12.67,55.33,69.83,67.44
14.13,14.13,54.27,73.52,66.59
15.15,15.15,54.77,73.57,69.07
16.46,16.46,53.02,74.65,72.20
17.14,17.14,53.36,68.57,77.47
19.20,19.20,52.90,65.81,73.94
21.64,21.64,54.07,52.18,74.60
20.05,20.05,53.05,58.28,75.14
22.71,22.71,56.57,57.45,76.45
15.85,15.85,61.31,64.19,77.20
19.87,19.87,66.40,72.04,73.64
19.07,19.07,73.36,72.17,76.20
16.04,16.04,77.60,79.38,77.75
12.23,12.23,71.62,77.09,77.34
5.42,5.42,66.72,74.15,78.62
3.81,3.81,65.93,73.15,76.50
2.55,2.55,65.35,72.37,74.70
2.78,2.78,65.80,73.38,77.37
3.77,3.77,67.08,72.05,75.45
4.50,4.50,67.84,70.94,76.54
2.34,2.34,67.80,68.55,74.02
2.69,2.69,67.31,72.39,76.33
3.25,3.25,67.96,70.55,74.59
3.21,3.21,68.13,71.00,78.07
4.67,4.67,68.28,70.90,75.50
4.54,4.54,67.07,71.85,77.21
4.86,4.86,67.15,71.73,76.89
4.70,4.70,66.31,70.04,78.51
2.30,2.30,65.67,69.44,76.55
1.34,1.34,65.59,69.46,75.75
4.16,4.16,65.64,68.44,77.12
6.47,6.47,62.84,68.55,78.42
3.68,3.68,63.41,66.27,76.21
2.87,2.87,62.36,65.04,77.32
2.55,2.55,61.19,62.99,75.21
2.51,2.51,60.73,61.38,74.79
3.92,3.92,61.35,62.18,77.06
3.89,3.89,60.92,61.04,76.28
3.79,3.79,59.27,58.89,75.98
5.02,5.02,59.07,56.44,75.78
4.35,4.35,59.73,58.05,77.36
6.28,6.28,59.12,58.22,77.66
5.67,5.67,57.63,55.26,75.35
4.96,4.96,57.41,54.64,77.37
4.39,4.39,59.89,51.63,77.09
2.28,2.28,57.98,55.07,77.66
2.16,2.16,59.51,54.13,76.99
0.98,0.98,58.54,56.80,76.66
1.85,1.85,58.30,57.77,76.62
5.41,5.41,58.19,56.22,74.98
6.34,6.34,58.03,54.30,77.48
6.14,6.14,57.83,55.18,71.72
5.73,5.73,58.68,55.80,74.46
6.35,6.35,58.09,48.93,75.28
7.28,7.28,57.59,50.27,75.48
6.86,6.86,57.51,52.09,74.97
6.85,6.85,58.65,49.86,72.91
6.32,6.32,57.80,51.68,75.20
6.51,6.51,58.30,52.59,69.78
8.03,8.03,56.60,50.80,73.89
8.52,8.52,56.43,49.72,73.44
9.69,9.69,55.00,49.97,74.87
10.21,10.21,55.05,50.97,73.27
10.07,10.07,54.23,50.27,72.59
8.17,8.17,53.94,56.71,75.80
8.18,8.18,53.75,65.37,71.69
9.65,9.65,53.19,66.30,74.75
11.54,11.54,53.30,66.02,69.95
11.24,11.24,53.48,66.92,72.06
12.95,12.95,53.17,66.39,72.14
11.30,11.30,52.06,65.47,71.54
9.49,9.49,51.95,66.03,71.71
10.00,10.00,50.25,65.57,70.86
9.93,9.93,51.27,66.26,73.64
9.87,9.87,52.05,63.77,70.45
9.65,9.65,50.51,63.79,73.19
12.63,12.63,51.09,62.57,73.59
14.15,14.15,50.64,62.97,71.43
14.28,14.28,51.40,63.43,72.34
14.36,14.36,51.46,64.43,69.39
27.17,27.17,52.29,66.29,72.35
40.51,40.51,50.61,62.68,69.35
54.27,54.27,50.07,63.55,71.32
63.73,63.73,49.59,61.30,69.60
66.44,66.44,47.76,60.93,70.60
66.12,66.12,45.70,61.65,70.45
65.37,65.37,44.63,62.26,70.73
65.52,65.52,45.56,63.32,72.69
60.45,60.45,45.14,62.32,71.26
48.70,48.70,43.82,61.14,69.36
45.03,45.03,44.39,61.70,70.72
38.53,38.53,44.35,61.00,69.20
36.72,36.72,43.84,63.93,71.10
33.44,33.44,43.16,64.12,71.28
35.38,35.38,42.03,62.61,70.98
34.15,34.15,43.62,61.30,70.20
36.43,36.43,44.33,60.46,68.84
35.55,35.55,44.13,59.56,70.92
42.28,42.28,43.33,61.28,71.41
52.57,52.57,43.20,62.21,70.01
58.24,58.24,43.30,61.11,69.69
72.11,72.11,45.38,58.71,67.61
73.64,73.64,48.01,58.25,70.36
73.13,73.13,46.31,56.15,68.94
58.85,58.85,42.44,57.88,68.97
55.98,55.98,41.19,61.07,70.72
49.49,49.49,39.93,62.11,67.41
41.44,41.44,41.74,60.21,71.54
37.22,37.22,41.80,58.27,68.43
37.47,37.47,41.51,57.57,72.51
34.63,34.63,40.29,57.30,67.26
29.19,29.19,40.58,59.39,69.12
27.93,27.93,40.30,61.42,70.17
35.17,35.17,38.57,61.05,68.87
45.47,45.47,38.69,58.80,71.48
49.36,49.36,37.83,55.89,67.81
65.03,65.03,39.23,53.32,71.11
67.43,67.43,48.29,54.13,68.40
71.49,71.49,49.77,57.91,69.86
63.62,63.62,43.04,59.65,70.12
51.05,51.05,38.50,58.69,64.33
47.35,47.35,36.26,56.25,69.17
41.64,41.64,35.95,52.00,69.62
37.50,37.50,36.37,53.04,72.86
35.22,35.22,36.14,56.04,69.58
41.65,41.65,35.81,58.95,71.40
46.26,46.26,34.19,59.63,68.25
54.71,54.71,33.56,58.00,67.32
60.28,60.28,34.16,55.42,71.44
59.47,59.47,33.37,54.33,67.32
58.19,58.19,32.25,53.65,70.65
51.42,51.42,32.53,55.51,67.89
57.37,57.37,33.88,58.54,69.21
52.06,52.06,33.53,59.26,70.46
59.08,59.08,33.31,58.16,65.39
57.75,57.75,34.37,56.64,71.37
54.21,54.21,34.67,55.58,65.24
63.65,63.65,30.99,55.72,68.17
59.10,59.10,35.93,54.35,66.88
57.69,57.69,43.08,56.02,68.89
61.68,61.68,41.92,57.01,67.64
63.39,63.39,38.21,56.68,63.92
64.70,64.70,33.98,55.84,67.71
64.20,64.20,30.80,56.24,64.25
63.98,63.98,30.34,56.91,69.52
64.06,64.06,29.02,56.60,64.76
62.63,62.63,30.32,55.46,67.02
63.40,63.40,29.87,56.68,66.46
63.42,63.42,30.28,55.32,66.34
60.43,60.43,29.75,56.32,68.69
59.75,59.75,28.26,55.00,66.41
63.06,63.06,27.20,55.83,66.77
61.92,61.92,26.80,56.32,65.82
57.34,57.34,26.79,53.42,66.24
52.79,52.79,26.47,54.94,68.75
53.83,53.83,30.94,56.06,65.11
60.59,60.59,34.18,54.89,67.83
62.75,62.75,32.67,54.77,66.99
62.79,62.79,30.94,53.42,63.86
59.08,59.08,27.27,55.50,67.70
62.87,62.87,28.19,56.91,67.38
58.89,58.89,27.09,54.46,65.69
60.78,60.78,26.78,53.66,67.25
61.11,61.11,27.26,53.76,66.25
63.48,63.48,31.01,51.42,66.84
62.82,62.82,31.29,52.54,67.58
63.84,63.84,32.55,51.33,64.92
58.79,58.79,28.02,54.39,65.60
58.29,58.29,27.57,50.45,66.20
62.51,62.51,25.93,48.44,67.07
62.15,62.15,24.15,47.67,64.76
58.72,58.72,25.92,48.33,67.04
65.34,65.34,31.46,52.54,64.60
66.43,66.43,33.06,54.77,65.53
64.91,64.91,32.65,51.72,67.15
64.94,64.94,30.68,50.74,61.23
61.79,61.79,24.07,48.69,68.10
54.46,54.46,23.22,47.56,64.07
46.09,46.09,26.28,50.00,65.78
43.72,43.72,24.20,50.98,66.82
43.84,43.84,24.56,49.35,63.16
48.76,48.76,23.79,46.72,66.42
52.66,52.66,30.17,40.50,60.54
63.24,63.24,34.63,43.75,65.69
70.31,70.31,33.89,41.64,60.22
60.37,60.37,32.12,47.07,66.72
56.34,56.34,30.56,48.87,61.68
49.41,49.41,23.57,44.55,64.80
49.09,49.09,21.55,45.77,64.70
45.55,45.55,24.15,40.20,62.81
42.35,42.35,26.66,36.25,66.56
41.77,41.77,29.18,42.66,61.91
39.12,39.12,32.39,48.44,66.90
38.16,38.16,33.02,45.89,65.12
35.60,35.60,33.72,41.54,64.07
38.20,38.20,33.68,38.28,67.02
34.25,34.25,34.64,35.29,60.83
32.09,32.09,34.03,35.40,65.16
33.49,33.49,33.06,42.05,60.39
29.04,29.04,32.18,46.39,65.54
27.63,27.63,31.40,43.41,64.25
25.53,25.53,30.92,41.74,61.76
24.64,24.64,29.70,38.30,64.63
22.80,22.80,29.45,31.38,64.86
21.06,21.06,27.47,36.13,67.01
22.22,22.22,28.94,40.61,60.70
19.04,19.04,27.63,42.04,66.32
21.90,21.90,27.28,41.84,60.70
22.98,22.98,26.06,40.43,64.37
35.62,35.62,23.19,31.63,65.05
42.55,42.55,24.20,32.90,60.61
49.14,49.14,22.35,32.98,65.17
53.46,53.46,22.91,37.08,63.06
59.90,59.90,20.00,37.52,61.42
62.35,62.35,21.81,41.18,63.76
59.57,59.57,24.18,35.70,60.79
57.37,57.37,24.34,25.09,63.84
57.86,57.86,22.41,31.54,63.43
51.52,51.52,21.39,38.73,60.06
56.04,56.04,21.99,40.32,62.50
55.08,55.08,22.62,40.09,64.81
49.87,49.87,25.55,37.02,62.85
43.36,43.36,24.59,28.67,64.40
44.69,44.69,22.80,26.45,60.62
51.99,51.99,29.60,27.79,61.49
57.15,57.15,29.37,32.06,60.92
61.14,61.14,24.83,34.43,60.12
59.11,59.11,22.85,37.16,62.24
61.93,61.93,23.70,33.26,57.54
63.23,63.23,24.09,27.26,63.41
61.61,61.61,22.72,29.38,62.52
60.36,60.36,20.66,33.15,60.54
62.20,62.20,20.84,35.68,61.39
60.14,60.14,21.15,35.42,60.04
59.06,59.06,21.84,33.49,62.37
52.29,52.29,24.55,32.01,58.36
50.24,50.24,23.87,26.10,63.75
49.27,49.27,23.85,30.50,59.94
50.47,50.47,28.47,28.52,64.08
53.93,53.93,28.89,30.46,60.74
58.36,58.36,28.16,27.10,62.65
53.34,53.34,28.52,30.57,61.62
51.98,51.98,24.47,29.52,57.25
53.10,53.10,23.32,27.15,63.37
56.35,56.35,23.23,25.28,60.49
56.32,56.32,25.71,30.19,62.61
53.31,53.31,26.13,31.75,61.94
53.95,53.95,29.70,29.61,61.48
51.63,51.63,30.86,33.13,63.60
49.58,49.58,30.30,32.29,62.93
44.60,44.60,24.61,27.23,65.27
43.10,43.10,26.70,27.09,56.14
43.39,43.39,28.31,26.65,63.90
40.76,40.76,33.38,29.45,60.58
39.99,39.99,37.29,26.96,63.29
39.03,39.03,40.58,28.22,64.11
38.63,38.63,39.97,26.61,62.60
37.54,37.54,39.12,27.52,66.68
37.45,37.45,38.26,25.49,60.91
36.76,36.76,31.12,27.32,62.70
40.84,40.84,31.84,34.73,63.91
47.94,47.94,34.56,26.92,61.57
47.09,47.09,33.02,26.80,63.94
51.37,51.37,31.50,30.76,60.69
49.81,49.81,29.69,27.54,61.34
49.99,49.99,31.65,30.28,63.45
46.02,46.02,32.29,34.07,66.00
46.67,46.67,32.08,35.33,65.56
41.95,41.95,30.51,32.39,62.99
43.36,43.36,32.88,34.06,63.65
40.17,40.17,31.92,36.28,59.11
37.83,37.83,31.42,31.44,64.42
33.47,33.47,30.94,33.04,57.08
30.80,30.80,29.37,36.29,64.03
30.77,30.77,27.78,31.93,56.88
28.48,28.48,27.54,33.42,60.27
24.18,24.18,23.21,31.33,61.97
24.45,24.45,24.78,31.86,59.70
23.29,23.29,26.41,33.80,64.41
22.17,22.17,26.85,33.24,60.84
21.26,21.26,27.56,37.28,60.87
24.81,24.81,30.32,36.31,58.87
20.86,20.86,27.34,33.24,60.84
19.19,19.19,27.87,34.51,60.12
16.76,16.76,25.82,33.07,60.26
17.31,17.31,28.17,32.12,60.63
17.20,17.20,30.59,33.05,58.56
16.67,16.67,31.10,45.42,61.71
17.74,17.74,29.01,36.52,55.03
17.24,17.24,31.55,47.02,61.69
16.42,16.42,31.97,43.09,60.30
14.40,14.40,29.02,43.04,59.60
17.27,17.27,31.33,43.49,59.35
16.48,16.48,30.60,42.01,56.96
16.75,16.75,33.82,46.77,60.39
15.95,15.95,33.69,45.53,57.48
15.66,15.66,28.99,42.43,58.82
16.70,16.70,31.86,43.52,56.94
15.77,15.77,30.20,42.03,60.14
16.87,16.87,29.65,40.64,58.63
14.80,14.80,31.46,45.87,60.25
16.99,16.99,32.85,46.56,60.16
17.21,17.21,31.07,43.69,56.95
15.27,15.27,31.95,48.39,61.08
16.98,16.98,31.44,42.25,56.19
17.37,17.37,34.02,46.89,58.17
18.36,18.36,35.07,44.93,57.17
19.10,19.10,33.85,44.29,55.28
18.35,18.35,36.70,46.74,59.08
17.79,17.79,32.39,37.76,52.40
17.09,17.09,33.72,39.16,58.86
16.36,16.36,34.08,41.78,56.22
17.06,17.06,34.96,40.80,59.49
18.30,18.30,33.29,40.41,52.78
16.91,16.91,34.63,42.14,56.63
16.53,16.53,31.47,39.29,57.57
15.98,15.98,35.62,37.86,54.24
17.04,17.04,37.44,45.56,56.47
16.24,16.24,38.56,35.67,50.38
16.16,16.16,47.46,43.54,56.55
15.70,15.70,45.13,37.34,48.52
15.13,15.13,48.27,36.77,51.59
14.35,14.35,48.87,36.81,48.43
14.01,14.01,45.99,33.73,50.08
14.76,14.76,51.08,33.71,51.87
12.50,12.50,48.71,35.43,47.16
15.19,15.19,50.13,32.88,50.19
10.76,10.76,48.80,35.60,46.29
12.72,12.72,49.02,30.58,48.99
13.44,13.44,48.76,32.24,46.55
12.97,12.97,47.13,33.02,44.70
12.35,12.35,50.50,33.38,47.77
11.89,11.89,46.91,33.65,42.38
15.45,15.45,53.70,36.26,48.51
13.60,13.60,46.54,33.39,40.71
15.21,15.21,52.85,37.29,45.26
11.62,11.62,49.72,33.61,42.44
10.68,10.68,45.28,32.64,43.56
12.92,12.92,51.28,35.27,44.84
13.20,13.20,45.82,31.95,40.26
12.35,12.35,51.99,35.47,44.39
9.85,9.85,48.51,33.21,38.19
12.37,12.37,50.49,32.82,42.27
12.51,12.51,49.32,29.75,38.96
13.16,13.16,48.87,30.54,38.67
13.54,13.54,49.57,34.74,39.62
12.47,12.47,50.41,34.53,38.67
12.51,12.51,51.23,35.02,40.19
13.63,13.63,44.53,32.25,37.13
10.54,10.54,51.62,34.42,40.04
12.01,12.01,46.43,31.29,34.12
11.71,11.71,49.26,33.64,37.87
8.75,8.75,47.81,33.15,35.70
8.54,8.54,46.27,29.84,34.17
9.33,9.33,51.07,36.59,34.85
12.20,12.20,46.23,28.38,33.79
8.10,8.10,50.31,34.09,36.31
10.63,10.63,48.15,32.45,34.86
10.86,10.86,47.85,31.95,34.49
9.23,9.23,46.01,30.12,32.23
11.40,11.40,47.30,33.84,32.48
7.50,7.50,47.57,34.10,30.05
10.06,10.06,44.33,32.52,31.39
9.45,9.45,46.89,33.11,30.18
8.91,8.91,43.90,29.28,28.05
9.67,9.67,48.33,32.38,29.68
8.74,8.74,46.31,31.27,29.80
10.83,10.83,45.19,31.68,27.57
9.06,9.06,47.46,33.25,30.19
9.61,9.61,40.80,25.57,27.96
13.14,13.14,48.56,33.63,29.07
13.84,13.84,42.16,30.40,27.69
9.07,9.07,43.77,29.52,27.99
8.58,8.58,43.73,30.32,25.04
8.77,8.77,43.12,30.58,26.82
9.49,9.49,43.88,31.99,26.17
10.48,10.48,42.26,27.88,24.48
9.34,9.34,43.04,29.20,26.16
8.57,8.57,41.50,29.26,24.30
8.20,8.20,43.97,30.72,25.32
7.18,7.18,37.64,29.33,24.63
6.08,6.08,42.89,30.44,24.06
6.58,6.58,41.81,29.82,22.44
8.96,8.96,36.14,27.81,22.79
8.32,8.32,41.56,30.84,21.68
10.10,10.10,33.60,27.40,21.44
10.21,10.21,41.92,30.78,22.39
10.08,10.08,37.98,23.74,20.22
8.93,8.93,37.52,28.73,20.42
9.27,9.27,37.92,27.36,19.61
8.73,8.73,36.09,24.20,18.19
5.73,5.73,38.51,25.91,17.99
5.06,5.06,35.66,26.67,18.24
3.90,3.90,37.33,28.50,20.45
4.65,4.65,33.97,26.24,19.89
5.51,5.51,36.69,29.27,17.57
3.59,3.59,34.64,24.39,16.91
3.87,3.87,34.76,25.63,19.27
3.74,3.74,36.41,26.57,17.73
3.98,3.98,31.11,19.17,17.64
3.72,3.72,37.29,27.31,16.09
3.80,3.80,32.69,19.56,16.61
4.03,4.03,31.97,29.70,15.63
1.49,1.49,33.35,31.04,17.00
1.65,1.65,30.27,30.31,17.29
1.36,1.36,33.13,27.28,15.87
1.37,1.37,27.49,28.25,14.58
0.61,0.61,31.87,27.22,15.43
0.51,0.51,30.94,27.56,15.66
1.38,1.38,30.42,27.18,15.69
2.07,2.07,27.86,27.31,15.21
1.35,1.35,31.39,26.70,14.33
2.26,2.26,30.28,26.01,13.35
1.10,1.10,27.89,25.20,12.84
2.57,2.57,29.59,24.88,13.90
1.51,1.51,24.27,24.66,12.08
2.18,2.18,29.42,24.73,11.41
1.49,1.49,26.67,25.62,13.79
1.71,1.71,26.60,23.73,12.65
2.18,2.18,26.27,23.76,11.21
2.92,2.92,24.57,23.52,9.98
3.07,3.07,25.82,24.59,10.57
2.57,2.57,24.74,22.30,10.64
0.39,0.39,24.97,21.29,10.26
0.07,0.07,19.79,21.79,8.75
0.17,0.17,24.28,22.23,8.47
0.07,0.07,20.73,20.78,8.25
0.05,0.05,21.54,19.37,8.72
0.00,0.00,20.30,19.00,8.62
0.00,0.00,16.05,18.33,9.11
0.03,0.03,21.35,19.42,9.09
-0.00,-0.00,16.11,17.52,8.19
0.01,0.01,16.84,18.77,8.80
-0.00,-0.00,15.27,16.29,7.07
0.00,0.00,13.12,14.28,5.67
-0.00,-0.00,15.14,12.32,5.16
-0.00,-0.00,13.45,13.00,5.21
-0.00,-0.00,13.12,13.83,4.47
-0.00,-0.00,11.75,11.88,3.81
-0.00,-0.00,12.90,11.98,3.40
-0.00,-0.00,12.49,12.38,3.98
-0.00,-0.00,11.12,11.78,4.34
-0.00,-0.00,10.57,11.03,4.85
-0.00,-0.00,10.74,9.71,5.73
-0.00,-0.00,11.73,9.03,5.45
-0.00,-0.00,12.00,8.71,4.10
-0.00,-0.00,11.94,7.61,2.71
-0.00,-0.00,12.02,5.36,2.66
-0.00,-0.00,10.48,6.02,3.10
-0.00,-0.00,10.23,5.32,4.05
-0.00,-0.00,9.22,3.83,4.86
-0.00,-0.00,8.47,3.02,5.56
-0.00,-0.00,9.16,1.71,5.61
-0.00,-0.00,9.10,2.15,4.62
-0.00,-0.00,9.76,2.18,3.57
-0.00,-0.00,10.58,1.95,2.50
-0.00,-0.00,10.85,1.54,1.59
-0.00,-0.00,10.50,1.15,0.93
-0.00,-0.00,10.28,0.73,0.50
-0.00,-0.00,9.96,0.38,0.47
-0.00,-0.00,9.60,0.23,1.28
-0.00,-0.00,9.41,0.37,2.30
-0.00,-0.00,8.58,0.19,2.45
-0.00,-0.00,8.35,0.33,2.87
-0.00,-0.00,7.60,0.50,3.65
-0.00,-0.00,7.32,0.18,3.42
-0.00,-0.00,7.87,0.27,2.77
-0.00,-0.00,7.83,-0.00,2.13
-0.00,-0.00,7.50,0.05,1.16
-0.00,-0.00,7.21,-0.00,0.15
-0.00,-0.00,8.07,-0.00,-0.00
-0.00,-0.00,7.62,-0.00,0.07
-0.00,-0.00,7.76,-0.00,-0.00
-0.00,-0.00,8.35,-0.00,-0.00
-0.00,-0.00,6.88,-0.00,-0.00
-0.00,-0.00,5.67,-0.00,0.01
-0.00,-0.00,4.92,-0.00,0.27
-0.00,-0.00,3.47,-0.00,1.26
-0.00,-0.00,3.16,-0.00,0.94
-0.00,-0.00,3.88,-0.00,0.00
-0.00,-0.00,0.16,-0.00,-0.00
-0.00,-0.00,-0.00,-0.00,-0.00
-0.00,-0.00,-0.00,-0.00,-0.00
-0.00,-0.00,-0.00,-0.00,-0.00
-0.00,-0.00,-0.00,-0.00,-0.00
-0.00,-0.00,-0.00,-0.00,-0.00
-0.00,-0.00,-0.00,-0.00,-0.00
-0.00,-0.00,-0.00,-0.00,-0.00
-0.00,-0.00,-0.00,-0.00,-0.00
-0.00,-0.00,-0.00,-0.00,-0.00
-0.00,-0.00,-0.00,-0.00,-0.00
-0.00,-0.00,-0.00,-0.00,-0.00
-0.00,-0.00,-0.00,-0.00,-0.00
-0.00,-0.00,-0.00,-0.00,-0.00
-0.00,-0.00,-0.00,-0.00,-0.00
-0.00,-0.00,-0.00,-0.00,-0.00
-0.00,-0.00,-0.00,-0.00,-0.00
-0.00,-0.00,-0.00,-0.00,-0.00
-0.00,-0.00,-0.00,-0.00,-0.00
-0.00,-0.00,-0.00,-0.00,-0.00
-0.00,-0.00,-0.00,-0.00,-0.00
-0.00,-0.00,-0.00,-0.00,-0.00
-0.00,-0.00,-0.00,-0.00,-0.00
-0.00,-0.00,-0.00,-0.00,-0.00
-0.00,-0.00,-0.00,-0.00,-0.00
-0.00,-0.00,-0.00,-0.00,-0.00
-0.00,-0.00,-0.00,-0.00,-0.00
-0.00,-0.00,-0.00,-0.00,-0.00
-0.00,-0.00,-0.00,-0.00,-0.00
-0.00,-0.00,-0.00,-0.00,-0.00
-0.00,-0.00,-0.00,-0.00,-0.00
-0.00,-0.00,-0.00,-0.00,-0.00
-0.00,-0.00,-0.00,-0.00,-0.00
-0.00,-0.00,-0.00,-0.00,-0.00
-0.00,-0.00,-0.00,-0.00,-0.00
-0.00,-0.00,-0.00,-0.00,-0.00
-0.00,-0.00,-0.00,-0.00,-0.00
-0.00,-0.00,-0.00,-0.00,-0.00
-0.00,-0.00,-0.00,-0.00,-0.00
-0.00,-0.00,-0.00,-0.00,-0.00
-0.00,-0.00,-0.00,-0.00,-0.00
-0.00,-0.00,-0.00,-0.00,-0.00
-0.00,-0.00,-0.00,-0.00,-0.00
-0.00,-0.00,-0.00,-0.00,-0.00
-0.00,-0.00,-0.00,-0.00,-0.00
-0.00,-0.00,-0.00,-0.00,-0.00
-0.00,-0.00,-0.00,-0.00,-0.00
-0.00,-0.00,-0.00,-0.00,-0.00
-0.00,-0.00,-0.00,-0.00,-0.00
-0.00,-0.00,-0.00,-0.00,-0.00
-0.00,-0.00,-0.00,-0.00,-0.00
-0.00,-0.00,-0.00,-0.00,-0.00
-0.00,-0.00,-0.00,-0.00,-0.00
-0.00,-0.00,-0.00,-0.00,-0.00
-0.00,-0.00,-0.00,-0.00,-0.00
-0.00,-0.00,-0.00,-0.00,-0.00
-0.00,-0.00,-0.00,-0.00,-0.00
-0.00,-0.00,-0.00,-0.00,-0.00
-0.00,-0.00,-0.00,-0.00,-0.00
-0.00,-0.00,-0.00,-0.00,-0.00
-0.00,-0.00,-0.00,-0.00,-0.00
-0.00,-0.00,-0.00,-0.00,-0.00
-0.00,-0.00,-0.00,-0.00,-0.00
-0.00,-0.00,-0.00,-0.00,-0.00
-0.00,-0.00,-0.00,-0.00,-0.00
-0.00,-0.00,-0.00,-0.00,-0.00
-0.00,-0.00,-0.00,-0.00,-0.00
-0.00,-0.00,-0.00,-0.00,-0.00
-0.00,-0.00,-0.00,-0.00,-0.00
-0.00,-0.00,-0.00,-0.00,-0.00
-0.00,-0.00,-0.00,-0.00,-0.00
-0.00,-0.00,-0.00,-0.00,-0.00
-0.00,-0.00,-0.00,-0.00,-0.00
-0.00,-0.00,-0.00,-0.00,-0.00
-0.00,-0.00,-0.00,-0.00,-0.00
-0.00,-0.00,-0.00,-0.00,-0.00
-0.00,-0.00,-0.00,-0.00,-0.00
-0.00,-0.00,-0.00,-0.00,-0.00
-0.00,-0.00,-0.00,-0.00,-0.00
-0.00,-0.00,-0.00,-0.00,-0.00
-0.00,-0.00,-0.00,-0.00,-0.00
-0.00,-0.00,-0.00,-0.00,-0.00
-0.00,-0.00,-0.00,-0.00,-0.00
-0.00,-0.00,-0.00,-0.00,-0.00
-0.00,-0.00,-0.00,-0.00,-0.00
-0.00,-0.00,-0.00,-0.00,-0.00
-0.00,-0.00,-0.00,-0.00,-0.00
-0.00,-0.00,-0.00,-0.00,-0.00
-0.00,-0.00,-0.00,-0.00,-0.00
-0.00,-0.00,-0.00,-0.00,-0.00
-0.00,-0.00,-0.00,-0.00,-0.00
-0.00,-0.00,-0.00,-0.00,-0.00
-0.00,-0.00,-0.00,-0.00,-0.00
-0.00,-0.00,-0.00,-0.00,-0.00
-0.00,-0.00,-0.00,-0.00,-0.00
-0.00,-0.00,-0.00,-0.00,-0.00
-0.00,-0.00,-0.00,-0.00,-0.00
-0.00,-0.00,-0.00,-0.00,-0.00
-0.00,-0.00,-0.00,-0.00,-0.00
-0.00,-0.00,-0.00,-0.00,-0.00
-0.00,-0.00,-0.00,-0.00,-0.00
-0.00,-0.00,-0.00,-0.00,-0.00
-0.00,-0.00,-0.00,-0.00,-0.00
-0.00,-0.00,-0.00,-0.00,-0.00
-0.00,-0.00,-0.00,-0.00,-0.00
-0.00,-0.00,-0.00,-0.00,-0.00
-0.00,-0.00,-0.00,-0.00,-0.00
-0.00,-0.00,-0.00,-0.00,-0.00
-0.00,-0.00,-0.00,-0.00,-0.00
-0.00,-0.00,-0.00,-0.00,-0.00
-0.00,-0.00,-0.00,-0.00,-0.00
-0.00,-0.00,-0.00,-0.00,-0.00
-0.00,-0.00,-0.00,-0.00,-0.00
-0.00,-0.00,-0.00,-0.00,-0.00
-0.00,-0.00,-0.00,-0.00,-0.00
-0.00,-0.00,-0.00,-0.00,-0.00
-0.00,-0.00,-0.00,-0.00,-0.00
-0.00,-0.00,-0.00,-0.00,-0.00
-0.00,-0.00,-0.00,-0.00,-0.00
-0.00,-0.00,-0.00,-0.00,-0.00
-0.00,-0.00,-0.00,-0.00,-0.00
-0.00,-0.00,-0.00,-0.00,-0.00
-0.00,-0.00,-0.00,-0.00,-0.00
-0.00,-0.00,-0.00,-0.00,-0.00
-0.00,-0.00,-0.00,-0.00,-0.00
-0.00,-0.00,-0.00,-0.00,-0.00
-0.00,-0.00,-0.00,-0.00,-0.00
-0.00,-0.00,-0.00,-0.00,-0.00
-0.00,-0.00,-0.00,-0.00,-0.00
-0.00,-0.00,-0.00,-0.00,-0.00
-0.00,-0.00,-0.00,-0.00,-0.00
-0.00,-0.00,-0.00,-0.00,-0.00
-0.00,-0.00,-0.00,-0.00,-0.00
-0.00,-0.00,-0.00,-0.00,-0.00
-0.00,-0.00,-0.00,-0.00,-0.00
-0.00,-0.00,-0.00,-0.00,-0.00
-0.00,-0.00,-0.00,-0.00,-0.00
-0.00,-0.00,-0.00,-0.00,-0.00
-0.00,-0.00,-0.00,-0.00,-0.00
-0.00,-0.00,-0.00,-0.00,-0.00
-0.00,-0.00,-0.00,-0.00,-0.00
-0.00,-0.00,-0.00,-0.00,-0.00
-0.00,-0.00,-0.00,-0.00,-0.00
-0.00,-0.00,-0.00,-0.00,-0.00
-0.00,-0.00,-0.00,-0.00,-0.00
-0.00,-0.00,-0.00,-0.00,-0.00
-0.00,-0.00,-0.00,-0.00,-0.00
-0.00,-0.00,-0.00,-0.00,-0.00
-0.00,-0.00,-0.00,-0.00,-0.00
-0.00,-0.00,-0.00,-0.00,-0.00
-0.00,-0.00,-0.00,-0.00,-0.00
-0.00,-0.00,-0.00,-0.00,-0.00
-0.00,-0.00,-0.00,-0.00,-0.00
-0.00,-0.00,-0.00,-0.00,-0.00
-0.00,-0.00,-0.00,-0.00,-0.00
-0.00,-0.00,-0.00,-0.00,-0.00
-0.00,-0.00,-0.00,-0.00,-0.00
-0.00,-0.00,-0.00,-0.00,-0.00
-0.00,-0.00,-0.00,-0.00,-0.00
-0.00,-0.00,-0.00,-0.00,-0.00
-0.00,-0.00,-0.00,-0.00,-0.00
-0.00,-0.00,-0.00,-0.00,-0.00
-0.00,-0.00,-0.00,-0.00,-0.00
-0.00,-0.00,-0.00,-0.00,-0.00
-0.00,-0.00,-0.00,-0.00,-0.00
-0.00,-0.00,-0.00,-0.00,-0.00
-0.00,-0.00,-0.00,-0.00,-0.00
-0.00,-0.00,-0.00,-0.00,-0.00
-0.00,-0.00,-0.00,-0.00,-0.00
-0.00,-0.00,-0.00,-0.00,-0.00
-0.00,-0.00,-0.00,-0.00,-0.00
-0.00,-0.00,-0.00,-0.00,-0.00
-0.00,-0.00,-0.00,-0.00,-0.00
-0.00,-0.00,-0.00,-0.00,-0.00
-0.00,-0.00,-0.00,-0.00,-0.00
-0.00,-0.00,-0.00,-0.00,-0.00
-0.00,-0.00,-0.00,-0.00,-0.00
-0.00,-0.00,-0.00,-0.00,-0.00
-0.00,-0.00,-0.00,-0.00,-0.00
-0.00,-0.00,-0.00,-0.00,-0.00
-0.00,-0.00,-0.00,-0.00,-0.00
-0.00,-0.00,-0.00,-0.00,-0.00
-0.00,-0.00,-0.00,-0.00,-0.00
-0.00,-0.00,-0.00,-0.00,-0.00
-0.00,-0.00,-0.00,-0.00,-0.00
-0.00,-0.00,-0.00,-0.00,-0.00
-0.00,-0.00,-0.00,-0.00,-0.00
-0.00,-0.00,-0.00,-0.00,-0.00
-0.00,-0.00,-0.00,-0.00,-0.00
-0.00,-0.00,-0.00,-0.00,-0.00
-0.00,-0.00,-0.00,-0.00,-0.00
-0.00,-0.00,-0.00,-0.00,-0.00
-0.00,-0.00,-0.00,-0.00,-0.00
-0.00,-0.00,-0.00,-0.00,-0.00
-0.00,-0.00,-0.00,-0.00,-0.00
-0.00,-0.00,-0.00,-0.00,-0.00
-0.00,-0.00,-0.00,-0.00,-0.00
-0.00,-0.00,-0.00,-0.00,-0.00
-0.00,-0.00,-0.00,-0.00,-0.00
-0.00,-0.00,-0.00,-0.00,-0.00
-0.00,-0.00,-0.00,-0.00,-0.00
-0.00,-0.00,-0.00,-0.00,-0.00
-0.00,-0.00,-0.00,-0.00,-0.00
-0.00,-0.00,-0.00,-0.00,-0.00
-0.00,-0.00,-0.00,-0.00,-0.00
-0.00,-0.00,-0.00,-0.00,-0.00
-0.00,-0.00,-0.00,-0.00,-0.00
-0.00,-0.00,-0.00,-0.00,-0.00
-0.00,-0.00,-0.00,-0.00,-0.00
-0.00,-0.00,-0.00,-0.00,-0.00
-0.00,-0.00,-0.00,-0.00,-0.00
-0.00,-0.00,-0.00,-0.00,-0.00
-0.00,-0.00,-0.00,-0.00,-0.00
-0.00,-0.00,-0.00,-0.00,-0.00
-0.00,-0.00,-0.00,-0.00,-0.00
-0.00,-0.00,-0.00,-0.00,-0.00
-0.00,-0.00,-0.00,-0.00,-0.00
-0.00,-0.00,-0.00,-0.00,-0.00
-0.00,-0.00,-0.00,-0.00,-0.00
-0.00,-0.00,-0.00,-0.00,-0.00
-0.00,-0.00,-0.00,-0.00,-0.00
-0.00,-0.00,-0.00,-0.00,-0.00
-0.00,-0.00,-0.00,-0.00,-0.00
-0.00,-0.00,-0.00,-0.00,-0.00
-0.00,-0.00,-0.00,-0.00,-0.00
-0.00,-0.00,-0.00,-0.00,-0.00
-0.00,-0.00,-0.00,-0.00,-0.00
-0.00,-0.00,-0.00,-0.00,-0.00
-0.00,-0.00,-0.00,-0.00,-0.00
